[2026-08-11 10:02:46,696][root][INFO] - Starting training script
[2026-08-11 10:02:46,696][root][INFO] - torch.cuda.is_available(): True
[2026-08-11 10:02:46,696][root][INFO] - Setting seed
[2026-08-11 10:02:46,699][root][INFO] - Sleeping for 10 seconds
[2026-08-11 10:02:56,699][root][INFO] - Setting up emissions tracker
[2026-08-11 10:02:58,043][root][INFO] - Creating trainer
[2026-08-11 10:02:59,502][AutoExperimentPlanner][INFO] - Using base_num_features: 32
[2026-08-11 10:02:59,502][AutoExperimentPlanner][INFO] - Using max_features: 320
[2026-08-11 10:02:59,502][AutoExperimentPlanner][INFO] - Applied model_scale = 1.00
[2026-08-11 10:02:59,502][AutoExperimentPlanner][INFO] - Encoder blocks per stage: (1, 3, 4, 6, 6, 6, 6, 6, 6, 6, 6, 6, 6)
[2026-08-11 10:02:59,503][AutoExperimentPlanner][INFO] - Decoder blocks per stage: (1, 1, 1, 1, 1, 1, 1, 1, 1, 1, 1, 1)
[2026-08-11 10:02:59,515][AutoExperimentPlanner][INFO] - Using normalization: <class 'torch.nn.modules.instancenorm.InstanceNorm3d'>
[2026-08-11 10:02:59,515][AutoExperimentPlanner][INFO] - Using activation function: torch.nn.LeakyReLU
[2026-08-11 10:02:59,515][AutoExperimentPlanner][INFO] - Using dropout: None
[2026-08-11 10:03:00,813][AutoExperimentPlanner][INFO] - Using normalization: <class 'torch.nn.modules.instancenorm.InstanceNorm2d'>
[2026-08-11 10:03:00,813][AutoExperimentPlanner][INFO] - Using activation function: torch.nn.LeakyReLU
[2026-08-11 10:03:00,813][AutoExperimentPlanner][INFO] - Using dropout: None
[2026-08-11 10:03:01,714][Trainer][INFO] - 
#######################################################################
Please cite the following paper when using nnU-Net:
Isensee, F., Jaeger, P. F., Kohl, S. A., Petersen, J., & Maier-Hein, K. H. (2021). nnU-Net: a self-configuring method for deep learning-based biomedical image segmentation. Nature methods, 18(2), 203-211.
#######################################################################

[2026-08-11 10:03:01,715][Trainer][INFO] - Updated hyperparameter config:
[2026-08-11 10:03:01,715][Trainer][INFO] - num_epochs: 300
[2026-08-11 10:03:01,715][Trainer][INFO] - total_epochs: 300
[2026-08-11 10:03:01,715][Trainer][INFO] - optimizer: SGD
[2026-08-11 10:03:01,715][Trainer][INFO] - momentum: 0.99
[2026-08-11 10:03:01,715][Trainer][INFO] - initial_lr: 0.01
[2026-08-11 10:03:01,715][Trainer][INFO] - weight_decay: 3e-05
[2026-08-11 10:03:01,715][Trainer][INFO] - lr_scheduler: PolyLRScheduler
[2026-08-11 10:03:01,715][Trainer][INFO] - oversample_foreground_percent: 0.33
[2026-08-11 10:03:01,715][Trainer][INFO] - loss_function: DiceAndCrossEntropyLoss
[2026-08-11 10:03:01,715][Trainer][INFO] - aug_factor: 1.0
[2026-08-11 10:03:01,715][Trainer][INFO] - aug_scale_prob: 0.2
[2026-08-11 10:03:01,715][Trainer][INFO] - aug_rotate_prob: 0.2
[2026-08-11 10:03:01,715][Trainer][INFO] - aug_gaussian_noise_prob: 0.1
[2026-08-11 10:03:01,715][Trainer][INFO] - aug_gaussian_blur_prob: 0.2
[2026-08-11 10:03:01,716][Trainer][INFO] - aug_brightness_prob: 0.15
[2026-08-11 10:03:01,716][Trainer][INFO] - aug_contrast_prob: 0.15
[2026-08-11 10:03:01,716][Trainer][INFO] - aug_lowres_prob: 0.25
[2026-08-11 10:03:01,716][Trainer][INFO] - aug_gamma_1_prob: 0.1
[2026-08-11 10:03:01,716][Trainer][INFO] - aug_gamma_2_prob: 0.3
[2026-08-11 10:03:01,716][Trainer][INFO] - encoder_type: ResidualEncoderL
[2026-08-11 10:03:01,716][Trainer][INFO] - base_num_features: 32
[2026-08-11 10:03:01,716][Trainer][INFO] - max_features: 320
[2026-08-11 10:03:01,716][Trainer][INFO] - activation: LeakyReLU
[2026-08-11 10:03:01,716][Trainer][INFO] - dropout_rate: 0.0
[2026-08-11 10:03:01,716][Trainer][INFO] - model_scale: 1
[2026-08-11 10:03:01,716][Trainer][INFO] - normalization: InstanceNorm
[2026-08-11 10:03:01,747][root][INFO] - Starting training
[2026-08-11 10:03:01,748][Trainer][INFO] - do_dummy_2d_data_aug: True
[2026-08-11 10:03:01,752][Trainer][INFO] - Using splits from existing split file: /home/hailt/BC_MAMAMIA/AutoNNUnet/data/nnUNet_preprocessed/Dataset501_MAMAMIA/splits_final.json
[2026-08-11 10:03:01,753][Trainer][INFO] - The split file contains 5 splits.
[2026-08-11 10:03:01,753][Trainer][INFO] - Desired fold for training: 2
[2026-08-11 10:03:01,753][Trainer][INFO] - This split has 960 training and 240 validation cases.
[2026-08-11 10:03:13,262][Trainer][INFO] - Using torch.compile...
[2026-08-11 10:03:14,362][Trainer][INFO] - Set optimizer to SGD
[2026-08-11 10:03:14,362][Trainer][INFO] - Set lr_scheduler to PolyLRScheduler
[2026-08-11 10:03:14,363][Trainer][INFO] - Set loss to DeepSupervisionWrapper
[2026-08-11 10:03:14,363][Trainer][INFO] - 
This is the configuration used by this training:
Configuration name: 3d_fullres
 {'data_identifier': 'nnUNetPlans_3d_fullres', 'preprocessor_name': 'DefaultPreprocessor', 'batch_size': 2, 'patch_size': (80, 256, 256), 'median_image_size_in_voxels': [80.0, 256.0, 256.0], 'spacing': [2.0, 0.7031000256538391, 0.7031000256538391], 'normalization_schemes': ['ZScoreNormalization', 'ZScoreNormalization', 'ZScoreNormalization'], 'use_mask_for_norm': [False, False, False], 'resampling_fn_data': 'resample_data_or_seg_to_shape', 'resampling_fn_seg': 'resample_data_or_seg_to_shape', 'resampling_fn_data_kwargs': {'is_seg': False, 'order': 3, 'order_z': 0, 'force_separate_z': None}, 'resampling_fn_seg_kwargs': {'is_seg': True, 'order': 1, 'order_z': 0, 'force_separate_z': None}, 'resampling_fn_probabilities': 'resample_data_or_seg_to_shape', 'resampling_fn_probabilities_kwargs': {'is_seg': False, 'order': 1, 'order_z': 0, 'force_separate_z': None}, 'architecture': {'network_class_name': 'dynamic_network_architectures.architectures.unet.ResidualEncoderUNet', 'arch_kwargs': {'n_stages': 7, 'features_per_stage': (32, 64, 128, 256, 320, 320, 320), 'conv_op': 'torch.nn.modules.conv.Conv3d', 'kernel_sizes': ((1, 3, 3), (3, 3, 3), (3, 3, 3), (3, 3, 3), (3, 3, 3), (3, 3, 3), (3, 3, 3)), 'strides': ((1, 1, 1), (1, 2, 2), (2, 2, 2), (2, 2, 2), (2, 2, 2), (2, 2, 2), (1, 2, 2)), 'n_blocks_per_stage': (1, 3, 4, 6, 6, 6, 6), 'n_conv_per_stage_decoder': (1, 1, 1, 1, 1, 1), 'conv_bias': True, 'norm_op': 'torch.nn.modules.instancenorm.InstanceNorm3d', 'norm_op_kwargs': {'eps': 1e-05, 'affine': True}, 'dropout_op': None, 'dropout_op_kwargs': None, 'nonlin': 'torch.nn.LeakyReLU', 'nonlin_kwargs': {'inplace': True}, 'deep_supervision': True}, '_kw_requires_import': ('conv_op', 'norm_op', 'dropout_op', 'nonlin')}, 'batch_dice': False} 

[2026-08-11 10:03:14,363][Trainer][INFO] - These are the global plan.json settings:
 {'dataset_name': 'Dataset501_MAMAMIA', 'plans_name': 'nnUNetPlans', 'original_median_spacing_after_transp': [2.0, 0.7031000256538391, 0.7031000256538391], 'original_median_shape_after_transp': [80, 256, 256], 'image_reader_writer': 'SimpleITKIO', 'transpose_forward': [0, 1, 2], 'transpose_backward': [0, 1, 2], 'experiment_planner_used': 'nnUNetPlannerResEncL', 'label_manager': 'LabelManager', 'foreground_intensity_properties_per_channel': {'0': {'max': 8399.0, 'mean': 526.5316162109375, 'median': 358.0, 'min': 0.0, 'percentile_00_5': 22.0, 'percentile_99_5': 2252.0, 'std': 497.0259704589844}, '1': {'max': 13172.0, 'mean': 1096.2913818359375, 'median': 659.0, 'min': 0.0, 'percentile_00_5': 51.0, 'percentile_99_5': 5549.0, 'std': 1145.160888671875}, '2': {'max': 13668.0, 'mean': 1225.3990478515625, 'median': 762.0, 'min': 0.0, 'percentile_00_5': 54.0, 'percentile_99_5': 5765.0, 'std': 1223.5499267578125}}} 

[2026-08-11 10:03:14,365][Trainer][INFO] - Unable to plot network architecture: nnUNet_compile is enabled!
[2026-08-11 10:03:14,373][Trainer][INFO] - 
[2026-08-11 10:03:14,373][Trainer][INFO] - Epoch 0
[2026-08-11 10:03:14,374][Trainer][INFO] - Current learning rate: 0.01
[2026-08-11 10:08:37,286][Trainer][INFO] - train_loss -0.1123
[2026-08-11 10:08:37,287][Trainer][INFO] - val_loss -0.2345
[2026-08-11 10:08:37,287][Trainer][INFO] - Pseudo dice 0.2804
[2026-08-11 10:08:37,287][Trainer][INFO] - Epoch time: 322.92 s
[2026-08-11 10:08:37,287][Trainer][INFO] - Yayy! New best EMA pseudo Dice: 0.2804
[2026-08-11 10:08:39,464][Trainer][INFO] - 
[2026-08-11 10:08:39,464][Trainer][INFO] - Epoch 1
[2026-08-11 10:08:39,464][Trainer][INFO] - Current learning rate: 0.00997
[2026-08-11 10:12:26,874][Trainer][INFO] - train_loss -0.3046
[2026-08-11 10:12:26,874][Trainer][INFO] - val_loss -0.4547
[2026-08-11 10:12:26,874][Trainer][INFO] - Pseudo dice 0.4577
[2026-08-11 10:12:26,874][Trainer][INFO] - Epoch time: 227.41 s
[2026-08-11 10:12:26,874][Trainer][INFO] - Yayy! New best EMA pseudo Dice: 0.2982
[2026-08-11 10:12:30,032][Trainer][INFO] - 
[2026-08-11 10:12:30,032][Trainer][INFO] - Epoch 2
[2026-08-11 10:12:30,033][Trainer][INFO] - Current learning rate: 0.00994
[2026-08-11 10:16:17,989][Trainer][INFO] - train_loss -0.4465
[2026-08-11 10:16:17,989][Trainer][INFO] - val_loss -0.5188
[2026-08-11 10:16:17,989][Trainer][INFO] - Pseudo dice 0.6088
[2026-08-11 10:16:17,989][Trainer][INFO] - Epoch time: 227.96 s
[2026-08-11 10:16:17,989][Trainer][INFO] - Yayy! New best EMA pseudo Dice: 0.3292
[2026-08-11 10:16:21,187][Trainer][INFO] - 
[2026-08-11 10:16:21,188][Trainer][INFO] - Epoch 3
[2026-08-11 10:16:21,188][Trainer][INFO] - Current learning rate: 0.00991
[2026-08-11 10:20:09,194][Trainer][INFO] - train_loss -0.5285
[2026-08-11 10:20:09,194][Trainer][INFO] - val_loss -0.6048
[2026-08-11 10:20:09,194][Trainer][INFO] - Pseudo dice 0.6634
[2026-08-11 10:20:09,194][Trainer][INFO] - Epoch time: 228.01 s
[2026-08-11 10:20:09,194][Trainer][INFO] - Yayy! New best EMA pseudo Dice: 0.3626
[2026-08-11 10:20:12,279][Trainer][INFO] - 
[2026-08-11 10:20:12,279][Trainer][INFO] - Epoch 4
[2026-08-11 10:20:12,279][Trainer][INFO] - Current learning rate: 0.00988
[2026-08-11 10:24:00,048][Trainer][INFO] - train_loss -0.528
[2026-08-11 10:24:00,049][Trainer][INFO] - val_loss -0.5711
[2026-08-11 10:24:00,049][Trainer][INFO] - Pseudo dice 0.6137
[2026-08-11 10:24:00,049][Trainer][INFO] - Epoch time: 227.77 s
[2026-08-11 10:24:00,049][Trainer][INFO] - Yayy! New best EMA pseudo Dice: 0.3877
[2026-08-11 10:24:03,050][Trainer][INFO] - 
[2026-08-11 10:24:03,050][Trainer][INFO] - Epoch 5
[2026-08-11 10:24:03,051][Trainer][INFO] - Current learning rate: 0.00985
[2026-08-11 10:27:50,763][Trainer][INFO] - train_loss -0.5348
[2026-08-11 10:27:50,763][Trainer][INFO] - val_loss -0.604
[2026-08-11 10:27:50,763][Trainer][INFO] - Pseudo dice 0.6223
[2026-08-11 10:27:50,763][Trainer][INFO] - Epoch time: 227.72 s
[2026-08-11 10:27:50,763][Trainer][INFO] - Yayy! New best EMA pseudo Dice: 0.4112
[2026-08-11 10:27:53,969][Trainer][INFO] - 
[2026-08-11 10:27:53,969][Trainer][INFO] - Epoch 6
[2026-08-11 10:27:53,969][Trainer][INFO] - Current learning rate: 0.00982
[2026-08-11 10:31:41,394][Trainer][INFO] - train_loss -0.5775
[2026-08-11 10:31:41,394][Trainer][INFO] - val_loss -0.623
[2026-08-11 10:31:41,394][Trainer][INFO] - Pseudo dice 0.6465
[2026-08-11 10:31:41,395][Trainer][INFO] - Epoch time: 227.43 s
[2026-08-11 10:31:41,395][Trainer][INFO] - Yayy! New best EMA pseudo Dice: 0.4347
[2026-08-11 10:31:44,368][Trainer][INFO] - 
[2026-08-11 10:31:44,368][Trainer][INFO] - Epoch 7
[2026-08-11 10:31:44,369][Trainer][INFO] - Current learning rate: 0.00979
[2026-08-11 10:35:31,775][Trainer][INFO] - train_loss -0.5542
[2026-08-11 10:35:31,775][Trainer][INFO] - val_loss -0.604
[2026-08-11 10:35:31,775][Trainer][INFO] - Pseudo dice 0.5819
[2026-08-11 10:35:31,775][Trainer][INFO] - Epoch time: 227.41 s
[2026-08-11 10:35:31,775][Trainer][INFO] - Yayy! New best EMA pseudo Dice: 0.4494
[2026-08-11 10:35:34,829][Trainer][INFO] - 
[2026-08-11 10:35:34,829][Trainer][INFO] - Epoch 8
[2026-08-11 10:35:34,829][Trainer][INFO] - Current learning rate: 0.00976
[2026-08-11 10:39:22,599][Trainer][INFO] - train_loss -0.5881
[2026-08-11 10:39:22,600][Trainer][INFO] - val_loss -0.6484
[2026-08-11 10:39:22,600][Trainer][INFO] - Pseudo dice 0.7127
[2026-08-11 10:39:22,600][Trainer][INFO] - Epoch time: 227.77 s
[2026-08-11 10:39:22,600][Trainer][INFO] - Yayy! New best EMA pseudo Dice: 0.4758
[2026-08-11 10:39:25,612][Trainer][INFO] - 
[2026-08-11 10:39:25,612][Trainer][INFO] - Epoch 9
[2026-08-11 10:39:25,612][Trainer][INFO] - Current learning rate: 0.00973
[2026-08-11 10:43:13,416][Trainer][INFO] - train_loss -0.5988
[2026-08-11 10:43:13,417][Trainer][INFO] - val_loss -0.6231
[2026-08-11 10:43:13,417][Trainer][INFO] - Pseudo dice 0.6946
[2026-08-11 10:43:13,417][Trainer][INFO] - Epoch time: 227.81 s
[2026-08-11 10:43:13,417][Trainer][INFO] - Yayy! New best EMA pseudo Dice: 0.4977
[2026-08-11 10:43:16,418][Trainer][INFO] - 
[2026-08-11 10:43:16,418][Trainer][INFO] - Epoch 10
[2026-08-11 10:43:16,419][Trainer][INFO] - Current learning rate: 0.0097
[2026-08-11 10:47:03,924][Trainer][INFO] - train_loss -0.5677
[2026-08-11 10:47:03,925][Trainer][INFO] - val_loss -0.5432
[2026-08-11 10:47:03,925][Trainer][INFO] - Pseudo dice 0.551
[2026-08-11 10:47:03,925][Trainer][INFO] - Epoch time: 227.51 s
[2026-08-11 10:47:03,925][Trainer][INFO] - Yayy! New best EMA pseudo Dice: 0.503
[2026-08-11 10:47:06,878][Trainer][INFO] - 
[2026-08-11 10:47:06,878][Trainer][INFO] - Epoch 11
[2026-08-11 10:47:06,878][Trainer][INFO] - Current learning rate: 0.00967
[2026-08-11 10:50:55,106][Trainer][INFO] - train_loss -0.6147
[2026-08-11 10:50:55,106][Trainer][INFO] - val_loss -0.6245
[2026-08-11 10:50:55,106][Trainer][INFO] - Pseudo dice 0.6523
[2026-08-11 10:50:55,106][Trainer][INFO] - Epoch time: 228.23 s
[2026-08-11 10:50:55,106][Trainer][INFO] - Yayy! New best EMA pseudo Dice: 0.5179
[2026-08-11 10:50:58,152][Trainer][INFO] - 
[2026-08-11 10:50:58,152][Trainer][INFO] - Epoch 12
[2026-08-11 10:50:58,152][Trainer][INFO] - Current learning rate: 0.00964
[2026-08-11 10:54:45,709][Trainer][INFO] - train_loss -0.5984
[2026-08-11 10:54:45,709][Trainer][INFO] - val_loss -0.6077
[2026-08-11 10:54:45,709][Trainer][INFO] - Pseudo dice 0.6153
[2026-08-11 10:54:45,709][Trainer][INFO] - Epoch time: 227.56 s
[2026-08-11 10:54:45,709][Trainer][INFO] - Yayy! New best EMA pseudo Dice: 0.5277
[2026-08-11 10:54:48,735][Trainer][INFO] - 
[2026-08-11 10:54:48,735][Trainer][INFO] - Epoch 13
[2026-08-11 10:54:48,735][Trainer][INFO] - Current learning rate: 0.00961
[2026-08-11 10:58:36,315][Trainer][INFO] - train_loss -0.621
[2026-08-11 10:58:36,315][Trainer][INFO] - val_loss -0.651
[2026-08-11 10:58:36,315][Trainer][INFO] - Pseudo dice 0.6862
[2026-08-11 10:58:36,315][Trainer][INFO] - Epoch time: 227.58 s
[2026-08-11 10:58:36,315][Trainer][INFO] - Yayy! New best EMA pseudo Dice: 0.5435
[2026-08-11 10:58:39,368][Trainer][INFO] - 
[2026-08-11 10:58:39,368][Trainer][INFO] - Epoch 14
[2026-08-11 10:58:39,368][Trainer][INFO] - Current learning rate: 0.00958
[2026-08-11 11:02:27,086][Trainer][INFO] - train_loss -0.6369
[2026-08-11 11:02:27,086][Trainer][INFO] - val_loss -0.6403
[2026-08-11 11:02:27,086][Trainer][INFO] - Pseudo dice 0.7007
[2026-08-11 11:02:27,086][Trainer][INFO] - Epoch time: 227.72 s
[2026-08-11 11:02:27,086][Trainer][INFO] - Yayy! New best EMA pseudo Dice: 0.5592
[2026-08-11 11:02:30,072][Trainer][INFO] - 
[2026-08-11 11:02:30,072][Trainer][INFO] - Epoch 15
[2026-08-11 11:02:30,072][Trainer][INFO] - Current learning rate: 0.00955
[2026-08-11 11:06:18,099][Trainer][INFO] - train_loss -0.637
[2026-08-11 11:06:18,099][Trainer][INFO] - val_loss -0.6244
[2026-08-11 11:06:18,099][Trainer][INFO] - Pseudo dice 0.6479
[2026-08-11 11:06:18,099][Trainer][INFO] - Epoch time: 228.03 s
[2026-08-11 11:06:18,100][Trainer][INFO] - Yayy! New best EMA pseudo Dice: 0.5681
[2026-08-11 11:06:21,125][Trainer][INFO] - 
[2026-08-11 11:06:21,125][Trainer][INFO] - Epoch 16
[2026-08-11 11:06:21,125][Trainer][INFO] - Current learning rate: 0.00952
[2026-08-11 11:10:08,955][Trainer][INFO] - train_loss -0.6165
[2026-08-11 11:10:08,955][Trainer][INFO] - val_loss -0.6734
[2026-08-11 11:10:08,955][Trainer][INFO] - Pseudo dice 0.6861
[2026-08-11 11:10:08,955][Trainer][INFO] - Epoch time: 227.83 s
[2026-08-11 11:10:08,955][Trainer][INFO] - Yayy! New best EMA pseudo Dice: 0.5799
[2026-08-11 11:10:11,965][Trainer][INFO] - 
[2026-08-11 11:10:11,965][Trainer][INFO] - Epoch 17
[2026-08-11 11:10:11,965][Trainer][INFO] - Current learning rate: 0.00949
[2026-08-11 11:13:59,718][Trainer][INFO] - train_loss -0.6231
[2026-08-11 11:13:59,718][Trainer][INFO] - val_loss -0.6491
[2026-08-11 11:13:59,718][Trainer][INFO] - Pseudo dice 0.6387
[2026-08-11 11:13:59,718][Trainer][INFO] - Epoch time: 227.75 s
[2026-08-11 11:13:59,718][Trainer][INFO] - Yayy! New best EMA pseudo Dice: 0.5858
[2026-08-11 11:14:02,798][Trainer][INFO] - 
[2026-08-11 11:14:02,798][Trainer][INFO] - Epoch 18
[2026-08-11 11:14:02,798][Trainer][INFO] - Current learning rate: 0.00946
[2026-08-11 11:17:50,523][Trainer][INFO] - train_loss -0.5953
[2026-08-11 11:17:50,524][Trainer][INFO] - val_loss -0.6751
[2026-08-11 11:17:50,524][Trainer][INFO] - Pseudo dice 0.7081
[2026-08-11 11:17:50,524][Trainer][INFO] - Epoch time: 227.73 s
[2026-08-11 11:17:50,524][Trainer][INFO] - Yayy! New best EMA pseudo Dice: 0.598
[2026-08-11 11:17:53,506][Trainer][INFO] - 
[2026-08-11 11:17:53,506][Trainer][INFO] - Epoch 19
[2026-08-11 11:17:53,506][Trainer][INFO] - Current learning rate: 0.00943
[2026-08-11 11:21:40,976][Trainer][INFO] - train_loss -0.6265
[2026-08-11 11:21:40,976][Trainer][INFO] - val_loss -0.6345
[2026-08-11 11:21:40,976][Trainer][INFO] - Pseudo dice 0.6381
[2026-08-11 11:21:40,976][Trainer][INFO] - Epoch time: 227.47 s
[2026-08-11 11:21:40,976][Trainer][INFO] - Yayy! New best EMA pseudo Dice: 0.602
[2026-08-11 11:21:43,962][Trainer][INFO] - 
[2026-08-11 11:21:43,962][Trainer][INFO] - Epoch 20
[2026-08-11 11:21:43,963][Trainer][INFO] - Current learning rate: 0.0094
[2026-08-11 11:25:30,637][Trainer][INFO] - train_loss -0.6353
[2026-08-11 11:25:30,637][Trainer][INFO] - val_loss -0.7001
[2026-08-11 11:25:30,637][Trainer][INFO] - Pseudo dice 0.7205
[2026-08-11 11:25:30,637][Trainer][INFO] - Epoch time: 226.68 s
[2026-08-11 11:25:30,637][Trainer][INFO] - Yayy! New best EMA pseudo Dice: 0.6139
[2026-08-11 11:25:33,597][Trainer][INFO] - 
[2026-08-11 11:25:33,597][Trainer][INFO] - Epoch 21
[2026-08-11 11:25:33,597][Trainer][INFO] - Current learning rate: 0.00937
[2026-08-11 11:29:20,332][Trainer][INFO] - train_loss -0.6273
[2026-08-11 11:29:20,333][Trainer][INFO] - val_loss -0.6495
[2026-08-11 11:29:20,333][Trainer][INFO] - Pseudo dice 0.7231
[2026-08-11 11:29:20,333][Trainer][INFO] - Epoch time: 226.74 s
[2026-08-11 11:29:20,333][Trainer][INFO] - Yayy! New best EMA pseudo Dice: 0.6248
[2026-08-11 11:29:23,374][Trainer][INFO] - 
[2026-08-11 11:29:23,375][Trainer][INFO] - Epoch 22
[2026-08-11 11:29:23,375][Trainer][INFO] - Current learning rate: 0.00934
[2026-08-11 11:33:12,178][Trainer][INFO] - train_loss -0.6623
[2026-08-11 11:33:12,178][Trainer][INFO] - val_loss -0.6539
[2026-08-11 11:33:12,178][Trainer][INFO] - Pseudo dice 0.7197
[2026-08-11 11:33:12,178][Trainer][INFO] - Epoch time: 228.81 s
[2026-08-11 11:33:12,178][Trainer][INFO] - Yayy! New best EMA pseudo Dice: 0.6343
[2026-08-11 11:33:15,195][Trainer][INFO] - 
[2026-08-11 11:33:15,196][Trainer][INFO] - Epoch 23
[2026-08-11 11:33:15,196][Trainer][INFO] - Current learning rate: 0.00931
[2026-08-11 11:37:03,218][Trainer][INFO] - train_loss -0.6604
[2026-08-11 11:37:03,218][Trainer][INFO] - val_loss -0.6467
[2026-08-11 11:37:03,218][Trainer][INFO] - Pseudo dice 0.6298
[2026-08-11 11:37:03,218][Trainer][INFO] - Epoch time: 228.03 s
[2026-08-11 11:37:04,071][Trainer][INFO] - 
[2026-08-11 11:37:04,071][Trainer][INFO] - Epoch 24
[2026-08-11 11:37:04,071][Trainer][INFO] - Current learning rate: 0.00928
[2026-08-11 11:40:51,538][Trainer][INFO] - train_loss -0.6824
[2026-08-11 11:40:51,539][Trainer][INFO] - val_loss -0.6686
[2026-08-11 11:40:51,539][Trainer][INFO] - Pseudo dice 0.7284
[2026-08-11 11:40:51,539][Trainer][INFO] - Epoch time: 227.47 s
[2026-08-11 11:40:51,539][Trainer][INFO] - Yayy! New best EMA pseudo Dice: 0.6433
[2026-08-11 11:40:54,667][Trainer][INFO] - 
[2026-08-11 11:40:54,667][Trainer][INFO] - Epoch 25
[2026-08-11 11:40:54,667][Trainer][INFO] - Current learning rate: 0.00925
[2026-08-11 11:44:41,179][Trainer][INFO] - train_loss -0.6699
[2026-08-11 11:44:41,180][Trainer][INFO] - val_loss -0.6892
[2026-08-11 11:44:41,180][Trainer][INFO] - Pseudo dice 0.7233
[2026-08-11 11:44:41,180][Trainer][INFO] - Epoch time: 226.51 s
[2026-08-11 11:44:41,180][Trainer][INFO] - Yayy! New best EMA pseudo Dice: 0.6513
[2026-08-11 11:44:44,240][Trainer][INFO] - 
[2026-08-11 11:44:44,240][Trainer][INFO] - Epoch 26
[2026-08-11 11:44:44,240][Trainer][INFO] - Current learning rate: 0.00922
[2026-08-11 11:48:29,998][Trainer][INFO] - train_loss -0.6794
[2026-08-11 11:48:29,998][Trainer][INFO] - val_loss -0.708
[2026-08-11 11:48:29,998][Trainer][INFO] - Pseudo dice 0.751
[2026-08-11 11:48:29,998][Trainer][INFO] - Epoch time: 225.76 s
[2026-08-11 11:48:29,998][Trainer][INFO] - Yayy! New best EMA pseudo Dice: 0.6613
[2026-08-11 11:48:33,033][Trainer][INFO] - 
[2026-08-11 11:48:33,033][Trainer][INFO] - Epoch 27
[2026-08-11 11:48:33,033][Trainer][INFO] - Current learning rate: 0.00919
[2026-08-11 11:52:18,612][Trainer][INFO] - train_loss -0.6605
[2026-08-11 11:52:18,613][Trainer][INFO] - val_loss -0.7133
[2026-08-11 11:52:18,613][Trainer][INFO] - Pseudo dice 0.7207
[2026-08-11 11:52:18,613][Trainer][INFO] - Epoch time: 225.58 s
[2026-08-11 11:52:18,613][Trainer][INFO] - Yayy! New best EMA pseudo Dice: 0.6672
[2026-08-11 11:52:21,629][Trainer][INFO] - 
[2026-08-11 11:52:21,629][Trainer][INFO] - Epoch 28
[2026-08-11 11:52:21,629][Trainer][INFO] - Current learning rate: 0.00916
[2026-08-11 11:56:08,636][Trainer][INFO] - train_loss -0.6847
[2026-08-11 11:56:08,636][Trainer][INFO] - val_loss -0.6468
[2026-08-11 11:56:08,637][Trainer][INFO] - Pseudo dice 0.6949
[2026-08-11 11:56:08,637][Trainer][INFO] - Epoch time: 227.01 s
[2026-08-11 11:56:08,637][Trainer][INFO] - Yayy! New best EMA pseudo Dice: 0.67
[2026-08-11 11:56:11,653][Trainer][INFO] - 
[2026-08-11 11:56:11,653][Trainer][INFO] - Epoch 29
[2026-08-11 11:56:11,653][Trainer][INFO] - Current learning rate: 0.00913
[2026-08-11 11:59:58,618][Trainer][INFO] - train_loss -0.659
[2026-08-11 11:59:58,618][Trainer][INFO] - val_loss -0.6631
[2026-08-11 11:59:58,618][Trainer][INFO] - Pseudo dice 0.701
[2026-08-11 11:59:58,618][Trainer][INFO] - Epoch time: 226.97 s
[2026-08-11 11:59:58,618][Trainer][INFO] - Yayy! New best EMA pseudo Dice: 0.6731
[2026-08-11 12:00:01,562][Trainer][INFO] - 
[2026-08-11 12:00:01,562][Trainer][INFO] - Epoch 30
[2026-08-11 12:00:01,562][Trainer][INFO] - Current learning rate: 0.0091
[2026-08-11 12:03:48,447][Trainer][INFO] - train_loss -0.6953
[2026-08-11 12:03:48,448][Trainer][INFO] - val_loss -0.6964
[2026-08-11 12:03:48,448][Trainer][INFO] - Pseudo dice 0.6962
[2026-08-11 12:03:48,448][Trainer][INFO] - Epoch time: 226.89 s
[2026-08-11 12:03:48,448][Trainer][INFO] - Yayy! New best EMA pseudo Dice: 0.6754
[2026-08-11 12:03:51,496][Trainer][INFO] - 
[2026-08-11 12:03:51,496][Trainer][INFO] - Epoch 31
[2026-08-11 12:03:51,496][Trainer][INFO] - Current learning rate: 0.00907
[2026-08-11 12:07:37,758][Trainer][INFO] - train_loss -0.6858
[2026-08-11 12:07:37,758][Trainer][INFO] - val_loss -0.6926
[2026-08-11 12:07:37,758][Trainer][INFO] - Pseudo dice 0.7462
[2026-08-11 12:07:37,759][Trainer][INFO] - Epoch time: 226.26 s
[2026-08-11 12:07:37,759][Trainer][INFO] - Yayy! New best EMA pseudo Dice: 0.6825
[2026-08-11 12:07:40,662][Trainer][INFO] - 
[2026-08-11 12:07:40,662][Trainer][INFO] - Epoch 32
[2026-08-11 12:07:40,662][Trainer][INFO] - Current learning rate: 0.00903
[2026-08-11 12:11:27,314][Trainer][INFO] - train_loss -0.6855
[2026-08-11 12:11:27,315][Trainer][INFO] - val_loss -0.6468
[2026-08-11 12:11:27,315][Trainer][INFO] - Pseudo dice 0.6676
[2026-08-11 12:11:27,315][Trainer][INFO] - Epoch time: 226.65 s
[2026-08-11 12:11:28,164][Trainer][INFO] - 
[2026-08-11 12:11:28,164][Trainer][INFO] - Epoch 33
[2026-08-11 12:11:28,164][Trainer][INFO] - Current learning rate: 0.009
[2026-08-11 12:15:14,991][Trainer][INFO] - train_loss -0.6955
[2026-08-11 12:15:14,991][Trainer][INFO] - val_loss -0.7057
[2026-08-11 12:15:14,991][Trainer][INFO] - Pseudo dice 0.746
[2026-08-11 12:15:14,991][Trainer][INFO] - Epoch time: 226.83 s
[2026-08-11 12:15:14,991][Trainer][INFO] - Yayy! New best EMA pseudo Dice: 0.6875
[2026-08-11 12:15:18,107][Trainer][INFO] - 
[2026-08-11 12:15:18,107][Trainer][INFO] - Epoch 34
[2026-08-11 12:15:18,107][Trainer][INFO] - Current learning rate: 0.00897
[2026-08-11 12:19:05,961][Trainer][INFO] - train_loss -0.6653
[2026-08-11 12:19:05,962][Trainer][INFO] - val_loss -0.6911
[2026-08-11 12:19:05,962][Trainer][INFO] - Pseudo dice 0.6834
[2026-08-11 12:19:05,962][Trainer][INFO] - Epoch time: 227.86 s
[2026-08-11 12:19:06,807][Trainer][INFO] - 
[2026-08-11 12:19:06,807][Trainer][INFO] - Epoch 35
[2026-08-11 12:19:06,807][Trainer][INFO] - Current learning rate: 0.00894
[2026-08-11 12:22:53,961][Trainer][INFO] - train_loss -0.6896
[2026-08-11 12:22:53,961][Trainer][INFO] - val_loss -0.6886
[2026-08-11 12:22:53,961][Trainer][INFO] - Pseudo dice 0.7307
[2026-08-11 12:22:53,961][Trainer][INFO] - Epoch time: 227.16 s
[2026-08-11 12:22:53,961][Trainer][INFO] - Yayy! New best EMA pseudo Dice: 0.6914
[2026-08-11 12:22:57,077][Trainer][INFO] - 
[2026-08-11 12:22:57,077][Trainer][INFO] - Epoch 36
[2026-08-11 12:22:57,078][Trainer][INFO] - Current learning rate: 0.00891
[2026-08-11 12:26:43,990][Trainer][INFO] - train_loss -0.6829
[2026-08-11 12:26:43,991][Trainer][INFO] - val_loss -0.7223
[2026-08-11 12:26:43,991][Trainer][INFO] - Pseudo dice 0.7874
[2026-08-11 12:26:43,991][Trainer][INFO] - Epoch time: 226.92 s
[2026-08-11 12:26:43,991][Trainer][INFO] - Yayy! New best EMA pseudo Dice: 0.701
[2026-08-11 12:26:46,889][Trainer][INFO] - 
[2026-08-11 12:26:46,889][Trainer][INFO] - Epoch 37
[2026-08-11 12:26:46,889][Trainer][INFO] - Current learning rate: 0.00888
[2026-08-11 12:30:34,071][Trainer][INFO] - train_loss -0.66
[2026-08-11 12:30:34,072][Trainer][INFO] - val_loss -0.6619
[2026-08-11 12:30:34,072][Trainer][INFO] - Pseudo dice 0.6703
[2026-08-11 12:30:34,072][Trainer][INFO] - Epoch time: 227.19 s
[2026-08-11 12:30:34,952][Trainer][INFO] - 
[2026-08-11 12:30:34,952][Trainer][INFO] - Epoch 38
[2026-08-11 12:30:34,952][Trainer][INFO] - Current learning rate: 0.00885
[2026-08-11 12:34:22,825][Trainer][INFO] - train_loss -0.6788
[2026-08-11 12:34:22,825][Trainer][INFO] - val_loss -0.694
[2026-08-11 12:34:22,825][Trainer][INFO] - Pseudo dice 0.7616
[2026-08-11 12:34:22,825][Trainer][INFO] - Epoch time: 227.88 s
[2026-08-11 12:34:22,825][Trainer][INFO] - Yayy! New best EMA pseudo Dice: 0.7043
[2026-08-11 12:34:25,961][Trainer][INFO] - 
[2026-08-11 12:34:25,962][Trainer][INFO] - Epoch 39
[2026-08-11 12:34:25,962][Trainer][INFO] - Current learning rate: 0.00882
[2026-08-11 12:38:13,296][Trainer][INFO] - train_loss -0.6827
[2026-08-11 12:38:13,297][Trainer][INFO] - val_loss -0.6654
[2026-08-11 12:38:13,297][Trainer][INFO] - Pseudo dice 0.6936
[2026-08-11 12:38:13,297][Trainer][INFO] - Epoch time: 227.34 s
[2026-08-11 12:38:14,156][Trainer][INFO] - 
[2026-08-11 12:38:14,156][Trainer][INFO] - Epoch 40
[2026-08-11 12:38:14,156][Trainer][INFO] - Current learning rate: 0.00879
[2026-08-11 12:42:01,146][Trainer][INFO] - train_loss -0.6926
[2026-08-11 12:42:01,146][Trainer][INFO] - val_loss -0.6913
[2026-08-11 12:42:01,146][Trainer][INFO] - Pseudo dice 0.7097
[2026-08-11 12:42:01,146][Trainer][INFO] - Epoch time: 226.99 s
[2026-08-11 12:42:02,011][Trainer][INFO] - 
[2026-08-11 12:42:02,011][Trainer][INFO] - Epoch 41
[2026-08-11 12:42:02,011][Trainer][INFO] - Current learning rate: 0.00876
[2026-08-11 12:45:49,181][Trainer][INFO] - train_loss -0.6858
[2026-08-11 12:45:49,181][Trainer][INFO] - val_loss -0.7115
[2026-08-11 12:45:49,181][Trainer][INFO] - Pseudo dice 0.7605
[2026-08-11 12:45:49,181][Trainer][INFO] - Epoch time: 227.17 s
[2026-08-11 12:45:49,181][Trainer][INFO] - Yayy! New best EMA pseudo Dice: 0.7096
[2026-08-11 12:45:52,347][Trainer][INFO] - 
[2026-08-11 12:45:52,347][Trainer][INFO] - Epoch 42
[2026-08-11 12:45:52,347][Trainer][INFO] - Current learning rate: 0.00873
[2026-08-11 12:49:39,530][Trainer][INFO] - train_loss -0.7052
[2026-08-11 12:49:39,530][Trainer][INFO] - val_loss -0.7495
[2026-08-11 12:49:39,530][Trainer][INFO] - Pseudo dice 0.7165
[2026-08-11 12:49:39,530][Trainer][INFO] - Epoch time: 227.19 s
[2026-08-11 12:49:39,530][Trainer][INFO] - Yayy! New best EMA pseudo Dice: 0.7103
[2026-08-11 12:49:42,780][Trainer][INFO] - 
[2026-08-11 12:49:42,780][Trainer][INFO] - Epoch 43
[2026-08-11 12:49:42,781][Trainer][INFO] - Current learning rate: 0.0087
[2026-08-11 12:53:30,198][Trainer][INFO] - train_loss -0.6847
[2026-08-11 12:53:30,199][Trainer][INFO] - val_loss -0.6882
[2026-08-11 12:53:30,199][Trainer][INFO] - Pseudo dice 0.7545
[2026-08-11 12:53:30,199][Trainer][INFO] - Epoch time: 227.42 s
[2026-08-11 12:53:30,199][Trainer][INFO] - Yayy! New best EMA pseudo Dice: 0.7147
[2026-08-11 12:53:33,246][Trainer][INFO] - 
[2026-08-11 12:53:33,246][Trainer][INFO] - Epoch 44
[2026-08-11 12:53:33,246][Trainer][INFO] - Current learning rate: 0.00867
[2026-08-11 12:57:20,467][Trainer][INFO] - train_loss -0.6675
[2026-08-11 12:57:20,467][Trainer][INFO] - val_loss -0.7072
[2026-08-11 12:57:20,467][Trainer][INFO] - Pseudo dice 0.7356
[2026-08-11 12:57:20,467][Trainer][INFO] - Epoch time: 227.22 s
[2026-08-11 12:57:20,467][Trainer][INFO] - Yayy! New best EMA pseudo Dice: 0.7168
[2026-08-11 12:57:23,550][Trainer][INFO] - 
[2026-08-11 12:57:23,550][Trainer][INFO] - Epoch 45
[2026-08-11 12:57:23,550][Trainer][INFO] - Current learning rate: 0.00864
[2026-08-11 13:01:11,639][Trainer][INFO] - train_loss -0.6875
[2026-08-11 13:01:11,640][Trainer][INFO] - val_loss -0.6896
[2026-08-11 13:01:11,640][Trainer][INFO] - Pseudo dice 0.7373
[2026-08-11 13:01:11,640][Trainer][INFO] - Epoch time: 228.09 s
[2026-08-11 13:01:11,640][Trainer][INFO] - Yayy! New best EMA pseudo Dice: 0.7188
[2026-08-11 13:01:14,681][Trainer][INFO] - 
[2026-08-11 13:01:14,682][Trainer][INFO] - Epoch 46
[2026-08-11 13:01:14,682][Trainer][INFO] - Current learning rate: 0.00861
[2026-08-11 13:05:02,104][Trainer][INFO] - train_loss -0.6837
[2026-08-11 13:05:02,104][Trainer][INFO] - val_loss -0.7066
[2026-08-11 13:05:02,104][Trainer][INFO] - Pseudo dice 0.7338
[2026-08-11 13:05:02,104][Trainer][INFO] - Epoch time: 227.43 s
[2026-08-11 13:05:02,104][Trainer][INFO] - Yayy! New best EMA pseudo Dice: 0.7203
[2026-08-11 13:05:05,138][Trainer][INFO] - 
[2026-08-11 13:05:05,139][Trainer][INFO] - Epoch 47
[2026-08-11 13:05:05,139][Trainer][INFO] - Current learning rate: 0.00858
[2026-08-11 13:08:52,660][Trainer][INFO] - train_loss -0.7056
[2026-08-11 13:08:52,660][Trainer][INFO] - val_loss -0.7047
[2026-08-11 13:08:52,660][Trainer][INFO] - Pseudo dice 0.7758
[2026-08-11 13:08:52,660][Trainer][INFO] - Epoch time: 227.52 s
[2026-08-11 13:08:52,660][Trainer][INFO] - Yayy! New best EMA pseudo Dice: 0.7259
[2026-08-11 13:08:55,873][Trainer][INFO] - 
[2026-08-11 13:08:55,873][Trainer][INFO] - Epoch 48
[2026-08-11 13:08:55,873][Trainer][INFO] - Current learning rate: 0.00855
[2026-08-11 13:12:43,588][Trainer][INFO] - train_loss -0.7313
[2026-08-11 13:12:43,589][Trainer][INFO] - val_loss -0.6758
[2026-08-11 13:12:43,589][Trainer][INFO] - Pseudo dice 0.7028
[2026-08-11 13:12:43,589][Trainer][INFO] - Epoch time: 227.72 s
[2026-08-11 13:12:44,453][Trainer][INFO] - 
[2026-08-11 13:12:44,453][Trainer][INFO] - Epoch 49
[2026-08-11 13:12:44,453][Trainer][INFO] - Current learning rate: 0.00852
[2026-08-11 13:16:31,977][Trainer][INFO] - train_loss -0.6947
[2026-08-11 13:16:31,977][Trainer][INFO] - val_loss -0.7151
[2026-08-11 13:16:31,978][Trainer][INFO] - Pseudo dice 0.7127
[2026-08-11 13:16:31,978][Trainer][INFO] - Epoch time: 227.53 s
[2026-08-11 13:16:34,260][Trainer][INFO] - 
[2026-08-11 13:16:34,260][Trainer][INFO] - Epoch 50
[2026-08-11 13:16:34,260][Trainer][INFO] - Current learning rate: 0.00849
[2026-08-11 13:20:22,074][Trainer][INFO] - train_loss -0.7006
[2026-08-11 13:20:22,075][Trainer][INFO] - val_loss -0.7339
[2026-08-11 13:20:22,075][Trainer][INFO] - Pseudo dice 0.75
[2026-08-11 13:20:22,075][Trainer][INFO] - Epoch time: 227.82 s
[2026-08-11 13:20:22,937][Trainer][INFO] - 
[2026-08-11 13:20:22,937][Trainer][INFO] - Epoch 51
[2026-08-11 13:20:22,937][Trainer][INFO] - Current learning rate: 0.00846
[2026-08-11 13:24:10,077][Trainer][INFO] - train_loss -0.6916
[2026-08-11 13:24:10,077][Trainer][INFO] - val_loss -0.7089
[2026-08-11 13:24:10,077][Trainer][INFO] - Pseudo dice 0.7097
[2026-08-11 13:24:10,077][Trainer][INFO] - Epoch time: 227.14 s
[2026-08-11 13:24:11,024][Trainer][INFO] - 
[2026-08-11 13:24:11,025][Trainer][INFO] - Epoch 52
[2026-08-11 13:24:11,025][Trainer][INFO] - Current learning rate: 0.00843
[2026-08-11 13:27:57,620][Trainer][INFO] - train_loss -0.6883
[2026-08-11 13:27:57,620][Trainer][INFO] - val_loss -0.6863
[2026-08-11 13:27:57,621][Trainer][INFO] - Pseudo dice 0.7492
[2026-08-11 13:27:57,621][Trainer][INFO] - Epoch time: 226.6 s
[2026-08-11 13:27:57,621][Trainer][INFO] - Yayy! New best EMA pseudo Dice: 0.7262
[2026-08-11 13:28:01,057][Trainer][INFO] - 
[2026-08-11 13:28:01,057][Trainer][INFO] - Epoch 53
[2026-08-11 13:28:01,057][Trainer][INFO] - Current learning rate: 0.00839
[2026-08-11 13:31:47,619][Trainer][INFO] - train_loss -0.7048
[2026-08-11 13:31:47,620][Trainer][INFO] - val_loss -0.6955
[2026-08-11 13:31:47,620][Trainer][INFO] - Pseudo dice 0.7512
[2026-08-11 13:31:47,620][Trainer][INFO] - Epoch time: 226.57 s
[2026-08-11 13:31:47,620][Trainer][INFO] - Yayy! New best EMA pseudo Dice: 0.7287
[2026-08-11 13:31:50,639][Trainer][INFO] - 
[2026-08-11 13:31:50,639][Trainer][INFO] - Epoch 54
[2026-08-11 13:31:50,639][Trainer][INFO] - Current learning rate: 0.00836
[2026-08-11 13:35:37,642][Trainer][INFO] - train_loss -0.7026
[2026-08-11 13:35:37,642][Trainer][INFO] - val_loss -0.7392
[2026-08-11 13:35:37,642][Trainer][INFO] - Pseudo dice 0.7357
[2026-08-11 13:35:37,642][Trainer][INFO] - Epoch time: 227.01 s
[2026-08-11 13:35:37,642][Trainer][INFO] - Yayy! New best EMA pseudo Dice: 0.7294
[2026-08-11 13:35:40,657][Trainer][INFO] - 
[2026-08-11 13:35:40,658][Trainer][INFO] - Epoch 55
[2026-08-11 13:35:40,658][Trainer][INFO] - Current learning rate: 0.00833
[2026-08-11 13:39:27,985][Trainer][INFO] - train_loss -0.7145
[2026-08-11 13:39:27,985][Trainer][INFO] - val_loss -0.7265
[2026-08-11 13:39:27,985][Trainer][INFO] - Pseudo dice 0.7554
[2026-08-11 13:39:27,985][Trainer][INFO] - Epoch time: 227.33 s
[2026-08-11 13:39:27,986][Trainer][INFO] - Yayy! New best EMA pseudo Dice: 0.732
[2026-08-11 13:39:31,007][Trainer][INFO] - 
[2026-08-11 13:39:31,007][Trainer][INFO] - Epoch 56
[2026-08-11 13:39:31,007][Trainer][INFO] - Current learning rate: 0.0083
[2026-08-11 13:43:19,213][Trainer][INFO] - train_loss -0.7074
[2026-08-11 13:43:19,213][Trainer][INFO] - val_loss -0.7039
[2026-08-11 13:43:19,213][Trainer][INFO] - Pseudo dice 0.7941
[2026-08-11 13:43:19,213][Trainer][INFO] - Epoch time: 228.21 s
[2026-08-11 13:43:19,213][Trainer][INFO] - Yayy! New best EMA pseudo Dice: 0.7382
[2026-08-11 13:43:22,283][Trainer][INFO] - 
[2026-08-11 13:43:22,283][Trainer][INFO] - Epoch 57
[2026-08-11 13:43:22,283][Trainer][INFO] - Current learning rate: 0.00827
[2026-08-11 13:47:09,201][Trainer][INFO] - train_loss -0.7087
[2026-08-11 13:47:09,201][Trainer][INFO] - val_loss -0.736
[2026-08-11 13:47:09,201][Trainer][INFO] - Pseudo dice 0.7851
[2026-08-11 13:47:09,201][Trainer][INFO] - Epoch time: 226.92 s
[2026-08-11 13:47:09,201][Trainer][INFO] - Yayy! New best EMA pseudo Dice: 0.7429
[2026-08-11 13:47:12,220][Trainer][INFO] - 
[2026-08-11 13:47:12,220][Trainer][INFO] - Epoch 58
[2026-08-11 13:47:12,220][Trainer][INFO] - Current learning rate: 0.00824
[2026-08-11 13:50:58,747][Trainer][INFO] - train_loss -0.7263
[2026-08-11 13:50:58,747][Trainer][INFO] - val_loss -0.7367
[2026-08-11 13:50:58,747][Trainer][INFO] - Pseudo dice 0.7692
[2026-08-11 13:50:58,747][Trainer][INFO] - Epoch time: 226.53 s
[2026-08-11 13:50:58,747][Trainer][INFO] - Yayy! New best EMA pseudo Dice: 0.7455
[2026-08-11 13:51:02,288][Trainer][INFO] - 
[2026-08-11 13:51:02,288][Trainer][INFO] - Epoch 59
[2026-08-11 13:51:02,289][Trainer][INFO] - Current learning rate: 0.00821
[2026-08-11 13:54:49,415][Trainer][INFO] - train_loss -0.7347
[2026-08-11 13:54:49,415][Trainer][INFO] - val_loss -0.7626
[2026-08-11 13:54:49,415][Trainer][INFO] - Pseudo dice 0.7623
[2026-08-11 13:54:49,416][Trainer][INFO] - Epoch time: 227.13 s
[2026-08-11 13:54:49,416][Trainer][INFO] - Yayy! New best EMA pseudo Dice: 0.7472
[2026-08-11 13:54:52,496][Trainer][INFO] - 
[2026-08-11 13:54:52,496][Trainer][INFO] - Epoch 60
[2026-08-11 13:54:52,497][Trainer][INFO] - Current learning rate: 0.00818
[2026-08-11 13:58:40,264][Trainer][INFO] - train_loss -0.7312
[2026-08-11 13:58:40,264][Trainer][INFO] - val_loss -0.7094
[2026-08-11 13:58:40,264][Trainer][INFO] - Pseudo dice 0.7044
[2026-08-11 13:58:40,264][Trainer][INFO] - Epoch time: 227.77 s
[2026-08-11 13:58:41,132][Trainer][INFO] - 
[2026-08-11 13:58:41,132][Trainer][INFO] - Epoch 61
[2026-08-11 13:58:41,132][Trainer][INFO] - Current learning rate: 0.00815
[2026-08-11 14:02:29,120][Trainer][INFO] - train_loss -0.7196
[2026-08-11 14:02:29,121][Trainer][INFO] - val_loss -0.6934
[2026-08-11 14:02:29,121][Trainer][INFO] - Pseudo dice 0.6679
[2026-08-11 14:02:29,121][Trainer][INFO] - Epoch time: 227.99 s
[2026-08-11 14:02:29,993][Trainer][INFO] - 
[2026-08-11 14:02:29,993][Trainer][INFO] - Epoch 62
[2026-08-11 14:02:29,993][Trainer][INFO] - Current learning rate: 0.00812
[2026-08-11 14:06:18,043][Trainer][INFO] - train_loss -0.7104
[2026-08-11 14:06:18,044][Trainer][INFO] - val_loss -0.7212
[2026-08-11 14:06:18,044][Trainer][INFO] - Pseudo dice 0.7626
[2026-08-11 14:06:18,044][Trainer][INFO] - Epoch time: 228.05 s
[2026-08-11 14:06:18,910][Trainer][INFO] - 
[2026-08-11 14:06:18,910][Trainer][INFO] - Epoch 63
[2026-08-11 14:06:18,910][Trainer][INFO] - Current learning rate: 0.00809
[2026-08-11 14:10:07,128][Trainer][INFO] - train_loss -0.7099
[2026-08-11 14:10:07,128][Trainer][INFO] - val_loss -0.7545
[2026-08-11 14:10:07,128][Trainer][INFO] - Pseudo dice 0.8068
[2026-08-11 14:10:07,128][Trainer][INFO] - Epoch time: 228.22 s
[2026-08-11 14:10:08,011][Trainer][INFO] - 
[2026-08-11 14:10:08,011][Trainer][INFO] - Epoch 64
[2026-08-11 14:10:08,012][Trainer][INFO] - Current learning rate: 0.00806
[2026-08-11 14:13:56,775][Trainer][INFO] - train_loss -0.7379
[2026-08-11 14:13:56,775][Trainer][INFO] - val_loss -0.7106
[2026-08-11 14:13:56,775][Trainer][INFO] - Pseudo dice 0.6945
[2026-08-11 14:13:56,776][Trainer][INFO] - Epoch time: 228.77 s
[2026-08-11 14:13:57,644][Trainer][INFO] - 
[2026-08-11 14:13:57,645][Trainer][INFO] - Epoch 65
[2026-08-11 14:13:57,645][Trainer][INFO] - Current learning rate: 0.00803
[2026-08-11 14:17:46,469][Trainer][INFO] - train_loss -0.7296
[2026-08-11 14:17:46,469][Trainer][INFO] - val_loss -0.7333
[2026-08-11 14:17:46,469][Trainer][INFO] - Pseudo dice 0.7896
[2026-08-11 14:17:46,469][Trainer][INFO] - Epoch time: 228.83 s
[2026-08-11 14:17:47,347][Trainer][INFO] - 
[2026-08-11 14:17:47,347][Trainer][INFO] - Epoch 66
[2026-08-11 14:17:47,347][Trainer][INFO] - Current learning rate: 0.008
[2026-08-11 14:21:35,999][Trainer][INFO] - train_loss -0.7332
[2026-08-11 14:21:35,999][Trainer][INFO] - val_loss -0.7055
[2026-08-11 14:21:35,999][Trainer][INFO] - Pseudo dice 0.7304
[2026-08-11 14:21:35,999][Trainer][INFO] - Epoch time: 228.66 s
[2026-08-11 14:21:36,866][Trainer][INFO] - 
[2026-08-11 14:21:36,866][Trainer][INFO] - Epoch 67
[2026-08-11 14:21:36,866][Trainer][INFO] - Current learning rate: 0.00797
[2026-08-11 14:25:25,851][Trainer][INFO] - train_loss -0.715
[2026-08-11 14:25:25,852][Trainer][INFO] - val_loss -0.7142
[2026-08-11 14:25:25,852][Trainer][INFO] - Pseudo dice 0.7912
[2026-08-11 14:25:25,852][Trainer][INFO] - Epoch time: 228.99 s
[2026-08-11 14:25:25,852][Trainer][INFO] - Yayy! New best EMA pseudo Dice: 0.7482
[2026-08-11 14:25:30,218][Trainer][INFO] - 
[2026-08-11 14:25:30,218][Trainer][INFO] - Epoch 68
[2026-08-11 14:25:30,218][Trainer][INFO] - Current learning rate: 0.00793
[2026-08-11 14:29:19,053][Trainer][INFO] - train_loss -0.7133
[2026-08-11 14:29:19,054][Trainer][INFO] - val_loss -0.6823
[2026-08-11 14:29:19,054][Trainer][INFO] - Pseudo dice 0.7729
[2026-08-11 14:29:19,054][Trainer][INFO] - Epoch time: 228.84 s
[2026-08-11 14:29:19,054][Trainer][INFO] - Yayy! New best EMA pseudo Dice: 0.7507
[2026-08-11 14:29:22,148][Trainer][INFO] - 
[2026-08-11 14:29:22,148][Trainer][INFO] - Epoch 69
[2026-08-11 14:29:22,148][Trainer][INFO] - Current learning rate: 0.0079
[2026-08-11 14:33:11,149][Trainer][INFO] - train_loss -0.7081
[2026-08-11 14:33:11,149][Trainer][INFO] - val_loss -0.7096
[2026-08-11 14:33:11,149][Trainer][INFO] - Pseudo dice 0.7702
[2026-08-11 14:33:11,149][Trainer][INFO] - Epoch time: 229.0 s
[2026-08-11 14:33:11,149][Trainer][INFO] - Yayy! New best EMA pseudo Dice: 0.7527
[2026-08-11 14:33:14,261][Trainer][INFO] - 
[2026-08-11 14:33:14,261][Trainer][INFO] - Epoch 70
[2026-08-11 14:33:14,261][Trainer][INFO] - Current learning rate: 0.00787
[2026-08-11 14:37:03,591][Trainer][INFO] - train_loss -0.731
[2026-08-11 14:37:03,592][Trainer][INFO] - val_loss -0.6974
[2026-08-11 14:37:03,592][Trainer][INFO] - Pseudo dice 0.7466
[2026-08-11 14:37:03,592][Trainer][INFO] - Epoch time: 229.34 s
[2026-08-11 14:37:04,473][Trainer][INFO] - 
[2026-08-11 14:37:04,473][Trainer][INFO] - Epoch 71
[2026-08-11 14:37:04,473][Trainer][INFO] - Current learning rate: 0.00784
[2026-08-11 14:40:53,622][Trainer][INFO] - train_loss -0.718
[2026-08-11 14:40:53,622][Trainer][INFO] - val_loss -0.717
[2026-08-11 14:40:53,622][Trainer][INFO] - Pseudo dice 0.8124
[2026-08-11 14:40:53,622][Trainer][INFO] - Epoch time: 229.15 s
[2026-08-11 14:40:53,622][Trainer][INFO] - Yayy! New best EMA pseudo Dice: 0.7581
[2026-08-11 14:40:56,616][Trainer][INFO] - 
[2026-08-11 14:40:56,616][Trainer][INFO] - Epoch 72
[2026-08-11 14:40:56,616][Trainer][INFO] - Current learning rate: 0.00781
[2026-08-11 14:44:45,718][Trainer][INFO] - train_loss -0.7219
[2026-08-11 14:44:45,718][Trainer][INFO] - val_loss -0.7151
[2026-08-11 14:44:45,718][Trainer][INFO] - Pseudo dice 0.792
[2026-08-11 14:44:45,718][Trainer][INFO] - Epoch time: 229.1 s
[2026-08-11 14:44:45,718][Trainer][INFO] - Yayy! New best EMA pseudo Dice: 0.7615
[2026-08-11 14:44:48,712][Trainer][INFO] - 
[2026-08-11 14:44:48,713][Trainer][INFO] - Epoch 73
[2026-08-11 14:44:48,713][Trainer][INFO] - Current learning rate: 0.00778
[2026-08-11 14:48:37,721][Trainer][INFO] - train_loss -0.7377
[2026-08-11 14:48:37,721][Trainer][INFO] - val_loss -0.7126
[2026-08-11 14:48:37,721][Trainer][INFO] - Pseudo dice 0.7907
[2026-08-11 14:48:37,721][Trainer][INFO] - Epoch time: 229.01 s
[2026-08-11 14:48:37,721][Trainer][INFO] - Yayy! New best EMA pseudo Dice: 0.7644
[2026-08-11 14:48:40,827][Trainer][INFO] - 
[2026-08-11 14:48:40,827][Trainer][INFO] - Epoch 74
[2026-08-11 14:48:40,827][Trainer][INFO] - Current learning rate: 0.00775
[2026-08-11 14:52:29,573][Trainer][INFO] - train_loss -0.7241
[2026-08-11 14:52:29,573][Trainer][INFO] - val_loss -0.6448
[2026-08-11 14:52:29,573][Trainer][INFO] - Pseudo dice 0.6264
[2026-08-11 14:52:29,573][Trainer][INFO] - Epoch time: 228.75 s
[2026-08-11 14:52:30,452][Trainer][INFO] - 
[2026-08-11 14:52:30,452][Trainer][INFO] - Epoch 75
[2026-08-11 14:52:30,452][Trainer][INFO] - Current learning rate: 0.00772
[2026-08-11 14:56:19,049][Trainer][INFO] - train_loss -0.6966
[2026-08-11 14:56:19,050][Trainer][INFO] - val_loss -0.6962
[2026-08-11 14:56:19,050][Trainer][INFO] - Pseudo dice 0.7548
[2026-08-11 14:56:19,050][Trainer][INFO] - Epoch time: 228.6 s
[2026-08-11 14:56:19,930][Trainer][INFO] - 
[2026-08-11 14:56:19,930][Trainer][INFO] - Epoch 76
[2026-08-11 14:56:19,930][Trainer][INFO] - Current learning rate: 0.00769
[2026-08-11 15:00:08,632][Trainer][INFO] - train_loss -0.7127
[2026-08-11 15:00:08,632][Trainer][INFO] - val_loss -0.7546
[2026-08-11 15:00:08,632][Trainer][INFO] - Pseudo dice 0.7683
[2026-08-11 15:00:08,633][Trainer][INFO] - Epoch time: 228.71 s
[2026-08-11 15:00:09,505][Trainer][INFO] - 
[2026-08-11 15:00:09,505][Trainer][INFO] - Epoch 77
[2026-08-11 15:00:09,505][Trainer][INFO] - Current learning rate: 0.00766
[2026-08-11 15:03:58,024][Trainer][INFO] - train_loss -0.7104
[2026-08-11 15:03:58,024][Trainer][INFO] - val_loss -0.7172
[2026-08-11 15:03:58,024][Trainer][INFO] - Pseudo dice 0.7656
[2026-08-11 15:03:58,024][Trainer][INFO] - Epoch time: 228.52 s
[2026-08-11 15:03:59,277][Trainer][INFO] - 
[2026-08-11 15:03:59,278][Trainer][INFO] - Epoch 78
[2026-08-11 15:03:59,278][Trainer][INFO] - Current learning rate: 0.00763
[2026-08-11 15:07:47,353][Trainer][INFO] - train_loss -0.7374
[2026-08-11 15:07:47,354][Trainer][INFO] - val_loss -0.7393
[2026-08-11 15:07:47,354][Trainer][INFO] - Pseudo dice 0.8179
[2026-08-11 15:07:47,354][Trainer][INFO] - Epoch time: 228.08 s
[2026-08-11 15:07:48,274][Trainer][INFO] - 
[2026-08-11 15:07:48,274][Trainer][INFO] - Epoch 79
[2026-08-11 15:07:48,274][Trainer][INFO] - Current learning rate: 0.0076
[2026-08-11 15:11:37,162][Trainer][INFO] - train_loss -0.704
[2026-08-11 15:11:37,162][Trainer][INFO] - val_loss -0.705
[2026-08-11 15:11:37,162][Trainer][INFO] - Pseudo dice 0.7739
[2026-08-11 15:11:37,163][Trainer][INFO] - Epoch time: 228.89 s
[2026-08-11 15:11:38,042][Trainer][INFO] - 
[2026-08-11 15:11:38,042][Trainer][INFO] - Epoch 80
[2026-08-11 15:11:38,042][Trainer][INFO] - Current learning rate: 0.00756
[2026-08-11 15:15:26,028][Trainer][INFO] - train_loss -0.7236
[2026-08-11 15:15:26,028][Trainer][INFO] - val_loss -0.7299
[2026-08-11 15:15:26,028][Trainer][INFO] - Pseudo dice 0.7648
[2026-08-11 15:15:26,028][Trainer][INFO] - Epoch time: 227.99 s
[2026-08-11 15:15:26,926][Trainer][INFO] - 
[2026-08-11 15:15:26,926][Trainer][INFO] - Epoch 81
[2026-08-11 15:15:26,927][Trainer][INFO] - Current learning rate: 0.00753
[2026-08-11 15:19:15,133][Trainer][INFO] - train_loss -0.7152
[2026-08-11 15:19:15,133][Trainer][INFO] - val_loss -0.7695
[2026-08-11 15:19:15,133][Trainer][INFO] - Pseudo dice 0.8071
[2026-08-11 15:19:15,134][Trainer][INFO] - Epoch time: 228.21 s
[2026-08-11 15:19:15,134][Trainer][INFO] - Yayy! New best EMA pseudo Dice: 0.7666
[2026-08-11 15:19:18,205][Trainer][INFO] - 
[2026-08-11 15:19:18,205][Trainer][INFO] - Epoch 82
[2026-08-11 15:19:18,205][Trainer][INFO] - Current learning rate: 0.0075
[2026-08-11 15:23:06,996][Trainer][INFO] - train_loss -0.7034
[2026-08-11 15:23:06,996][Trainer][INFO] - val_loss -0.6953
[2026-08-11 15:23:06,996][Trainer][INFO] - Pseudo dice 0.7146
[2026-08-11 15:23:06,996][Trainer][INFO] - Epoch time: 228.79 s
[2026-08-11 15:23:07,854][Trainer][INFO] - 
[2026-08-11 15:23:07,854][Trainer][INFO] - Epoch 83
[2026-08-11 15:23:07,854][Trainer][INFO] - Current learning rate: 0.00747
[2026-08-11 15:26:55,645][Trainer][INFO] - train_loss -0.7108
[2026-08-11 15:26:55,646][Trainer][INFO] - val_loss -0.7455
[2026-08-11 15:26:55,646][Trainer][INFO] - Pseudo dice 0.7857
[2026-08-11 15:26:55,646][Trainer][INFO] - Epoch time: 227.79 s
[2026-08-11 15:26:56,523][Trainer][INFO] - 
[2026-08-11 15:26:56,523][Trainer][INFO] - Epoch 84
[2026-08-11 15:26:56,523][Trainer][INFO] - Current learning rate: 0.00744
[2026-08-11 15:30:43,303][Trainer][INFO] - train_loss -0.6983
[2026-08-11 15:30:43,303][Trainer][INFO] - val_loss -0.7091
[2026-08-11 15:30:43,303][Trainer][INFO] - Pseudo dice 0.7016
[2026-08-11 15:30:43,303][Trainer][INFO] - Epoch time: 226.78 s
[2026-08-11 15:30:44,170][Trainer][INFO] - 
[2026-08-11 15:30:44,170][Trainer][INFO] - Epoch 85
[2026-08-11 15:30:44,170][Trainer][INFO] - Current learning rate: 0.00741
[2026-08-11 15:34:30,696][Trainer][INFO] - train_loss -0.7478
[2026-08-11 15:34:30,696][Trainer][INFO] - val_loss -0.7564
[2026-08-11 15:34:30,696][Trainer][INFO] - Pseudo dice 0.8167
[2026-08-11 15:34:30,696][Trainer][INFO] - Epoch time: 226.53 s
[2026-08-11 15:34:31,550][Trainer][INFO] - 
[2026-08-11 15:34:31,550][Trainer][INFO] - Epoch 86
[2026-08-11 15:34:31,550][Trainer][INFO] - Current learning rate: 0.00738
[2026-08-11 15:38:18,218][Trainer][INFO] - train_loss -0.7525
[2026-08-11 15:38:18,218][Trainer][INFO] - val_loss -0.756
[2026-08-11 15:38:18,218][Trainer][INFO] - Pseudo dice 0.7585
[2026-08-11 15:38:18,218][Trainer][INFO] - Epoch time: 226.67 s
[2026-08-11 15:38:19,073][Trainer][INFO] - 
[2026-08-11 15:38:19,074][Trainer][INFO] - Epoch 87
[2026-08-11 15:38:19,074][Trainer][INFO] - Current learning rate: 0.00735
[2026-08-11 15:42:05,676][Trainer][INFO] - train_loss -0.7181
[2026-08-11 15:42:05,676][Trainer][INFO] - val_loss -0.6927
[2026-08-11 15:42:05,676][Trainer][INFO] - Pseudo dice 0.7445
[2026-08-11 15:42:05,676][Trainer][INFO] - Epoch time: 226.61 s
[2026-08-11 15:42:06,527][Trainer][INFO] - 
[2026-08-11 15:42:06,528][Trainer][INFO] - Epoch 88
[2026-08-11 15:42:06,528][Trainer][INFO] - Current learning rate: 0.00732
[2026-08-11 15:45:52,987][Trainer][INFO] - train_loss -0.7177
[2026-08-11 15:45:52,987][Trainer][INFO] - val_loss -0.7118
[2026-08-11 15:45:52,987][Trainer][INFO] - Pseudo dice 0.7646
[2026-08-11 15:45:52,987][Trainer][INFO] - Epoch time: 226.46 s
[2026-08-11 15:45:53,838][Trainer][INFO] - 
[2026-08-11 15:45:53,838][Trainer][INFO] - Epoch 89
[2026-08-11 15:45:53,838][Trainer][INFO] - Current learning rate: 0.00729
[2026-08-11 15:49:40,995][Trainer][INFO] - train_loss -0.736
[2026-08-11 15:49:40,996][Trainer][INFO] - val_loss -0.6686
[2026-08-11 15:49:40,996][Trainer][INFO] - Pseudo dice 0.6791
[2026-08-11 15:49:40,996][Trainer][INFO] - Epoch time: 227.16 s
[2026-08-11 15:49:41,890][Trainer][INFO] - 
[2026-08-11 15:49:41,891][Trainer][INFO] - Epoch 90
[2026-08-11 15:49:41,891][Trainer][INFO] - Current learning rate: 0.00725
[2026-08-11 15:53:29,128][Trainer][INFO] - train_loss -0.7045
[2026-08-11 15:53:29,128][Trainer][INFO] - val_loss -0.7534
[2026-08-11 15:53:29,128][Trainer][INFO] - Pseudo dice 0.7336
[2026-08-11 15:53:29,128][Trainer][INFO] - Epoch time: 227.24 s
[2026-08-11 15:53:30,080][Trainer][INFO] - 
[2026-08-11 15:53:30,080][Trainer][INFO] - Epoch 91
[2026-08-11 15:53:30,080][Trainer][INFO] - Current learning rate: 0.00722
[2026-08-11 15:57:18,117][Trainer][INFO] - train_loss -0.7202
[2026-08-11 15:57:18,117][Trainer][INFO] - val_loss -0.7547
[2026-08-11 15:57:18,117][Trainer][INFO] - Pseudo dice 0.776
[2026-08-11 15:57:18,117][Trainer][INFO] - Epoch time: 228.04 s
[2026-08-11 15:57:19,003][Trainer][INFO] - 
[2026-08-11 15:57:19,003][Trainer][INFO] - Epoch 92
[2026-08-11 15:57:19,003][Trainer][INFO] - Current learning rate: 0.00719
[2026-08-11 16:01:05,680][Trainer][INFO] - train_loss -0.7107
[2026-08-11 16:01:05,680][Trainer][INFO] - val_loss -0.6761
[2026-08-11 16:01:05,680][Trainer][INFO] - Pseudo dice 0.7687
[2026-08-11 16:01:05,680][Trainer][INFO] - Epoch time: 226.68 s
[2026-08-11 16:01:06,534][Trainer][INFO] - 
[2026-08-11 16:01:06,534][Trainer][INFO] - Epoch 93
[2026-08-11 16:01:06,534][Trainer][INFO] - Current learning rate: 0.00716
[2026-08-11 16:04:53,100][Trainer][INFO] - train_loss -0.7453
[2026-08-11 16:04:53,101][Trainer][INFO] - val_loss -0.7497
[2026-08-11 16:04:53,101][Trainer][INFO] - Pseudo dice 0.7861
[2026-08-11 16:04:53,101][Trainer][INFO] - Epoch time: 226.57 s
[2026-08-11 16:04:54,070][Trainer][INFO] - 
[2026-08-11 16:04:54,070][Trainer][INFO] - Epoch 94
[2026-08-11 16:04:54,070][Trainer][INFO] - Current learning rate: 0.00713
[2026-08-11 16:08:40,498][Trainer][INFO] - train_loss -0.7517
[2026-08-11 16:08:40,498][Trainer][INFO] - val_loss -0.7489
[2026-08-11 16:08:40,499][Trainer][INFO] - Pseudo dice 0.7541
[2026-08-11 16:08:40,499][Trainer][INFO] - Epoch time: 226.43 s
[2026-08-11 16:08:41,478][Trainer][INFO] - 
[2026-08-11 16:08:41,478][Trainer][INFO] - Epoch 95
[2026-08-11 16:08:41,478][Trainer][INFO] - Current learning rate: 0.0071
[2026-08-11 16:12:27,947][Trainer][INFO] - train_loss -0.7359
[2026-08-11 16:12:27,948][Trainer][INFO] - val_loss -0.7221
[2026-08-11 16:12:27,948][Trainer][INFO] - Pseudo dice 0.7599
[2026-08-11 16:12:27,948][Trainer][INFO] - Epoch time: 226.47 s
[2026-08-11 16:12:28,820][Trainer][INFO] - 
[2026-08-11 16:12:28,820][Trainer][INFO] - Epoch 96
[2026-08-11 16:12:28,820][Trainer][INFO] - Current learning rate: 0.00707
[2026-08-11 16:16:15,655][Trainer][INFO] - train_loss -0.7269
[2026-08-11 16:16:15,656][Trainer][INFO] - val_loss -0.7247
[2026-08-11 16:16:15,656][Trainer][INFO] - Pseudo dice 0.7828
[2026-08-11 16:16:15,656][Trainer][INFO] - Epoch time: 226.84 s
[2026-08-11 16:16:16,526][Trainer][INFO] - 
[2026-08-11 16:16:16,526][Trainer][INFO] - Epoch 97
[2026-08-11 16:16:16,527][Trainer][INFO] - Current learning rate: 0.00704
[2026-08-11 16:20:02,912][Trainer][INFO] - train_loss -0.7168
[2026-08-11 16:20:02,913][Trainer][INFO] - val_loss -0.7144
[2026-08-11 16:20:02,913][Trainer][INFO] - Pseudo dice 0.7056
[2026-08-11 16:20:02,913][Trainer][INFO] - Epoch time: 226.39 s
[2026-08-11 16:20:03,785][Trainer][INFO] - 
[2026-08-11 16:20:03,785][Trainer][INFO] - Epoch 98
[2026-08-11 16:20:03,785][Trainer][INFO] - Current learning rate: 0.007
[2026-08-11 16:23:50,881][Trainer][INFO] - train_loss -0.7437
[2026-08-11 16:23:50,881][Trainer][INFO] - val_loss -0.7614
[2026-08-11 16:23:50,881][Trainer][INFO] - Pseudo dice 0.7912
[2026-08-11 16:23:50,881][Trainer][INFO] - Epoch time: 227.1 s
[2026-08-11 16:23:51,812][Trainer][INFO] - 
[2026-08-11 16:23:51,813][Trainer][INFO] - Epoch 99
[2026-08-11 16:23:51,813][Trainer][INFO] - Current learning rate: 0.00697
[2026-08-11 16:27:38,613][Trainer][INFO] - train_loss -0.7357
[2026-08-11 16:27:38,614][Trainer][INFO] - val_loss -0.736
[2026-08-11 16:27:38,614][Trainer][INFO] - Pseudo dice 0.7752
[2026-08-11 16:27:38,614][Trainer][INFO] - Epoch time: 226.8 s
[2026-08-11 16:27:41,627][Trainer][INFO] - 
[2026-08-11 16:27:41,627][Trainer][INFO] - Epoch 100
[2026-08-11 16:27:41,628][Trainer][INFO] - Current learning rate: 0.00694
[2026-08-11 16:31:28,425][Trainer][INFO] - train_loss -0.7387
[2026-08-11 16:31:28,425][Trainer][INFO] - val_loss -0.7365
[2026-08-11 16:31:28,425][Trainer][INFO] - Pseudo dice 0.7596
[2026-08-11 16:31:28,425][Trainer][INFO] - Epoch time: 226.8 s
[2026-08-11 16:31:29,300][Trainer][INFO] - 
[2026-08-11 16:31:29,300][Trainer][INFO] - Epoch 101
[2026-08-11 16:31:29,300][Trainer][INFO] - Current learning rate: 0.00691
[2026-08-11 16:35:16,444][Trainer][INFO] - train_loss -0.7405
[2026-08-11 16:35:16,444][Trainer][INFO] - val_loss -0.6985
[2026-08-11 16:35:16,444][Trainer][INFO] - Pseudo dice 0.7559
[2026-08-11 16:35:16,444][Trainer][INFO] - Epoch time: 227.15 s
[2026-08-11 16:35:17,373][Trainer][INFO] - 
[2026-08-11 16:35:17,373][Trainer][INFO] - Epoch 102
[2026-08-11 16:35:17,373][Trainer][INFO] - Current learning rate: 0.00688
[2026-08-11 16:39:04,334][Trainer][INFO] - train_loss -0.7375
[2026-08-11 16:39:04,334][Trainer][INFO] - val_loss -0.7231
[2026-08-11 16:39:04,334][Trainer][INFO] - Pseudo dice 0.7632
[2026-08-11 16:39:04,335][Trainer][INFO] - Epoch time: 226.96 s
[2026-08-11 16:39:06,454][Trainer][INFO] - 
[2026-08-11 16:39:06,454][Trainer][INFO] - Epoch 103
[2026-08-11 16:39:06,454][Trainer][INFO] - Current learning rate: 0.00685
[2026-08-11 16:42:53,607][Trainer][INFO] - train_loss -0.7358
[2026-08-11 16:42:53,608][Trainer][INFO] - val_loss -0.6956
[2026-08-11 16:42:53,608][Trainer][INFO] - Pseudo dice 0.768
[2026-08-11 16:42:53,608][Trainer][INFO] - Epoch time: 227.16 s
[2026-08-11 16:42:54,492][Trainer][INFO] - 
[2026-08-11 16:42:54,492][Trainer][INFO] - Epoch 104
[2026-08-11 16:42:54,492][Trainer][INFO] - Current learning rate: 0.00682
[2026-08-11 16:46:41,675][Trainer][INFO] - train_loss -0.7487
[2026-08-11 16:46:41,676][Trainer][INFO] - val_loss -0.7273
[2026-08-11 16:46:41,676][Trainer][INFO] - Pseudo dice 0.7701
[2026-08-11 16:46:41,676][Trainer][INFO] - Epoch time: 227.19 s
[2026-08-11 16:46:42,602][Trainer][INFO] - 
[2026-08-11 16:46:42,602][Trainer][INFO] - Epoch 105
[2026-08-11 16:46:42,602][Trainer][INFO] - Current learning rate: 0.00679
[2026-08-11 16:50:30,001][Trainer][INFO] - train_loss -0.7452
[2026-08-11 16:50:30,001][Trainer][INFO] - val_loss -0.6878
[2026-08-11 16:50:30,001][Trainer][INFO] - Pseudo dice 0.7749
[2026-08-11 16:50:30,001][Trainer][INFO] - Epoch time: 227.4 s
[2026-08-11 16:50:30,956][Trainer][INFO] - 
[2026-08-11 16:50:30,956][Trainer][INFO] - Epoch 106
[2026-08-11 16:50:30,956][Trainer][INFO] - Current learning rate: 0.00675
[2026-08-11 16:54:17,752][Trainer][INFO] - train_loss -0.7348
[2026-08-11 16:54:17,753][Trainer][INFO] - val_loss -0.704
[2026-08-11 16:54:17,753][Trainer][INFO] - Pseudo dice 0.7666
[2026-08-11 16:54:17,753][Trainer][INFO] - Epoch time: 226.8 s
[2026-08-11 16:54:18,720][Trainer][INFO] - 
[2026-08-11 16:54:18,720][Trainer][INFO] - Epoch 107
[2026-08-11 16:54:18,720][Trainer][INFO] - Current learning rate: 0.00672
[2026-08-11 16:58:05,699][Trainer][INFO] - train_loss -0.743
[2026-08-11 16:58:05,700][Trainer][INFO] - val_loss -0.7052
[2026-08-11 16:58:05,700][Trainer][INFO] - Pseudo dice 0.8018
[2026-08-11 16:58:05,700][Trainer][INFO] - Epoch time: 226.98 s
[2026-08-11 16:58:05,700][Trainer][INFO] - Yayy! New best EMA pseudo Dice: 0.7673
[2026-08-11 16:58:08,744][Trainer][INFO] - 
[2026-08-11 16:58:08,744][Trainer][INFO] - Epoch 108
[2026-08-11 16:58:08,744][Trainer][INFO] - Current learning rate: 0.00669
[2026-08-11 17:01:55,867][Trainer][INFO] - train_loss -0.7396
[2026-08-11 17:01:55,867][Trainer][INFO] - val_loss -0.7436
[2026-08-11 17:01:55,867][Trainer][INFO] - Pseudo dice 0.7619
[2026-08-11 17:01:55,867][Trainer][INFO] - Epoch time: 227.13 s
[2026-08-11 17:01:56,768][Trainer][INFO] - 
[2026-08-11 17:01:56,768][Trainer][INFO] - Epoch 109
[2026-08-11 17:01:56,768][Trainer][INFO] - Current learning rate: 0.00666
[2026-08-11 17:05:43,792][Trainer][INFO] - train_loss -0.746
[2026-08-11 17:05:43,793][Trainer][INFO] - val_loss -0.7319
[2026-08-11 17:05:43,793][Trainer][INFO] - Pseudo dice 0.7034
[2026-08-11 17:05:43,793][Trainer][INFO] - Epoch time: 227.03 s
[2026-08-11 17:05:44,761][Trainer][INFO] - 
[2026-08-11 17:05:44,761][Trainer][INFO] - Epoch 110
[2026-08-11 17:05:44,762][Trainer][INFO] - Current learning rate: 0.00663
[2026-08-11 17:09:31,878][Trainer][INFO] - train_loss -0.7545
[2026-08-11 17:09:31,878][Trainer][INFO] - val_loss -0.6581
[2026-08-11 17:09:31,879][Trainer][INFO] - Pseudo dice 0.6348
[2026-08-11 17:09:31,879][Trainer][INFO] - Epoch time: 227.12 s
[2026-08-11 17:09:32,874][Trainer][INFO] - 
[2026-08-11 17:09:32,874][Trainer][INFO] - Epoch 111
[2026-08-11 17:09:32,874][Trainer][INFO] - Current learning rate: 0.0066
[2026-08-11 17:13:20,027][Trainer][INFO] - train_loss -0.7271
[2026-08-11 17:13:20,028][Trainer][INFO] - val_loss -0.7058
[2026-08-11 17:13:20,028][Trainer][INFO] - Pseudo dice 0.7443
[2026-08-11 17:13:20,028][Trainer][INFO] - Epoch time: 227.16 s
[2026-08-11 17:13:20,906][Trainer][INFO] - 
[2026-08-11 17:13:20,906][Trainer][INFO] - Epoch 112
[2026-08-11 17:13:20,907][Trainer][INFO] - Current learning rate: 0.00657
[2026-08-11 17:17:07,760][Trainer][INFO] - train_loss -0.7362
[2026-08-11 17:17:07,761][Trainer][INFO] - val_loss -0.6686
[2026-08-11 17:17:07,761][Trainer][INFO] - Pseudo dice 0.7576
[2026-08-11 17:17:07,761][Trainer][INFO] - Epoch time: 226.86 s
[2026-08-11 17:17:08,681][Trainer][INFO] - 
[2026-08-11 17:17:08,681][Trainer][INFO] - Epoch 113
[2026-08-11 17:17:08,681][Trainer][INFO] - Current learning rate: 0.00654
[2026-08-11 17:20:55,456][Trainer][INFO] - train_loss -0.7324
[2026-08-11 17:20:55,456][Trainer][INFO] - val_loss -0.6682
[2026-08-11 17:20:55,456][Trainer][INFO] - Pseudo dice 0.7232
[2026-08-11 17:20:55,456][Trainer][INFO] - Epoch time: 226.78 s
[2026-08-11 17:20:56,338][Trainer][INFO] - 
[2026-08-11 17:20:56,338][Trainer][INFO] - Epoch 114
[2026-08-11 17:20:56,338][Trainer][INFO] - Current learning rate: 0.0065
[2026-08-11 17:24:42,925][Trainer][INFO] - train_loss -0.7441
[2026-08-11 17:24:42,925][Trainer][INFO] - val_loss -0.7178
[2026-08-11 17:24:42,926][Trainer][INFO] - Pseudo dice 0.7161
[2026-08-11 17:24:42,926][Trainer][INFO] - Epoch time: 226.59 s
[2026-08-11 17:24:45,084][Trainer][INFO] - 
[2026-08-11 17:24:45,085][Trainer][INFO] - Epoch 115
[2026-08-11 17:24:45,085][Trainer][INFO] - Current learning rate: 0.00647
[2026-08-11 17:28:31,963][Trainer][INFO] - train_loss -0.7248
[2026-08-11 17:28:31,963][Trainer][INFO] - val_loss -0.7221
[2026-08-11 17:28:31,963][Trainer][INFO] - Pseudo dice 0.6744
[2026-08-11 17:28:31,963][Trainer][INFO] - Epoch time: 226.88 s
[2026-08-11 17:28:32,846][Trainer][INFO] - 
[2026-08-11 17:28:32,846][Trainer][INFO] - Epoch 116
[2026-08-11 17:28:32,847][Trainer][INFO] - Current learning rate: 0.00644
[2026-08-11 17:32:19,513][Trainer][INFO] - train_loss -0.7439
[2026-08-11 17:32:19,513][Trainer][INFO] - val_loss -0.7265
[2026-08-11 17:32:19,513][Trainer][INFO] - Pseudo dice 0.7966
[2026-08-11 17:32:19,513][Trainer][INFO] - Epoch time: 226.67 s
[2026-08-11 17:32:20,514][Trainer][INFO] - 
[2026-08-11 17:32:20,514][Trainer][INFO] - Epoch 117
[2026-08-11 17:32:20,514][Trainer][INFO] - Current learning rate: 0.00641
[2026-08-11 17:36:07,205][Trainer][INFO] - train_loss -0.751
[2026-08-11 17:36:07,206][Trainer][INFO] - val_loss -0.7439
[2026-08-11 17:36:07,206][Trainer][INFO] - Pseudo dice 0.8252
[2026-08-11 17:36:07,206][Trainer][INFO] - Epoch time: 226.7 s
[2026-08-11 17:36:08,084][Trainer][INFO] - 
[2026-08-11 17:36:08,084][Trainer][INFO] - Epoch 118
[2026-08-11 17:36:08,084][Trainer][INFO] - Current learning rate: 0.00638
[2026-08-11 17:39:55,475][Trainer][INFO] - train_loss -0.7352
[2026-08-11 17:39:55,476][Trainer][INFO] - val_loss -0.7414
[2026-08-11 17:39:55,476][Trainer][INFO] - Pseudo dice 0.812
[2026-08-11 17:39:55,476][Trainer][INFO] - Epoch time: 227.39 s
[2026-08-11 17:39:56,353][Trainer][INFO] - 
[2026-08-11 17:39:56,354][Trainer][INFO] - Epoch 119
[2026-08-11 17:39:56,354][Trainer][INFO] - Current learning rate: 0.00635
[2026-08-11 17:43:42,953][Trainer][INFO] - train_loss -0.7479
[2026-08-11 17:43:42,954][Trainer][INFO] - val_loss -0.7038
[2026-08-11 17:43:42,954][Trainer][INFO] - Pseudo dice 0.7573
[2026-08-11 17:43:42,954][Trainer][INFO] - Epoch time: 226.6 s
[2026-08-11 17:43:43,869][Trainer][INFO] - 
[2026-08-11 17:43:43,869][Trainer][INFO] - Epoch 120
[2026-08-11 17:43:43,869][Trainer][INFO] - Current learning rate: 0.00631
[2026-08-11 17:47:30,451][Trainer][INFO] - train_loss -0.7407
[2026-08-11 17:47:30,451][Trainer][INFO] - val_loss -0.7038
[2026-08-11 17:47:30,452][Trainer][INFO] - Pseudo dice 0.7659
[2026-08-11 17:47:30,452][Trainer][INFO] - Epoch time: 226.58 s
[2026-08-11 17:47:31,357][Trainer][INFO] - 
[2026-08-11 17:47:31,357][Trainer][INFO] - Epoch 121
[2026-08-11 17:47:31,357][Trainer][INFO] - Current learning rate: 0.00628
[2026-08-11 17:51:17,815][Trainer][INFO] - train_loss -0.7281
[2026-08-11 17:51:17,815][Trainer][INFO] - val_loss -0.7445
[2026-08-11 17:51:17,816][Trainer][INFO] - Pseudo dice 0.7747
[2026-08-11 17:51:17,816][Trainer][INFO] - Epoch time: 226.46 s
[2026-08-11 17:51:18,750][Trainer][INFO] - 
[2026-08-11 17:51:18,750][Trainer][INFO] - Epoch 122
[2026-08-11 17:51:18,750][Trainer][INFO] - Current learning rate: 0.00625
[2026-08-11 17:55:05,383][Trainer][INFO] - train_loss -0.7278
[2026-08-11 17:55:05,384][Trainer][INFO] - val_loss -0.7232
[2026-08-11 17:55:05,384][Trainer][INFO] - Pseudo dice 0.7637
[2026-08-11 17:55:05,384][Trainer][INFO] - Epoch time: 226.64 s
[2026-08-11 17:55:06,249][Trainer][INFO] - 
[2026-08-11 17:55:06,250][Trainer][INFO] - Epoch 123
[2026-08-11 17:55:06,250][Trainer][INFO] - Current learning rate: 0.00622
[2026-08-11 17:58:52,679][Trainer][INFO] - train_loss -0.7235
[2026-08-11 17:58:52,679][Trainer][INFO] - val_loss -0.718
[2026-08-11 17:58:52,679][Trainer][INFO] - Pseudo dice 0.7659
[2026-08-11 17:58:52,679][Trainer][INFO] - Epoch time: 226.43 s
[2026-08-11 17:58:53,555][Trainer][INFO] - 
[2026-08-11 17:58:53,555][Trainer][INFO] - Epoch 124
[2026-08-11 17:58:53,555][Trainer][INFO] - Current learning rate: 0.00619
[2026-08-11 18:02:40,347][Trainer][INFO] - train_loss -0.7336
[2026-08-11 18:02:40,347][Trainer][INFO] - val_loss -0.7176
[2026-08-11 18:02:40,347][Trainer][INFO] - Pseudo dice 0.689
[2026-08-11 18:02:40,347][Trainer][INFO] - Epoch time: 226.79 s
[2026-08-11 18:02:41,283][Trainer][INFO] - 
[2026-08-11 18:02:41,283][Trainer][INFO] - Epoch 125
[2026-08-11 18:02:41,283][Trainer][INFO] - Current learning rate: 0.00616
[2026-08-11 18:06:28,604][Trainer][INFO] - train_loss -0.7347
[2026-08-11 18:06:28,604][Trainer][INFO] - val_loss -0.7677
[2026-08-11 18:06:28,604][Trainer][INFO] - Pseudo dice 0.8075
[2026-08-11 18:06:28,604][Trainer][INFO] - Epoch time: 227.32 s
[2026-08-11 18:06:29,482][Trainer][INFO] - 
[2026-08-11 18:06:29,482][Trainer][INFO] - Epoch 126
[2026-08-11 18:06:29,482][Trainer][INFO] - Current learning rate: 0.00612
[2026-08-11 18:10:16,347][Trainer][INFO] - train_loss -0.708
[2026-08-11 18:10:16,347][Trainer][INFO] - val_loss -0.7356
[2026-08-11 18:10:16,348][Trainer][INFO] - Pseudo dice 0.7449
[2026-08-11 18:10:16,348][Trainer][INFO] - Epoch time: 226.87 s
[2026-08-11 18:10:18,257][Trainer][INFO] - 
[2026-08-11 18:10:18,257][Trainer][INFO] - Epoch 127
[2026-08-11 18:10:18,257][Trainer][INFO] - Current learning rate: 0.00609
[2026-08-11 18:14:04,573][Trainer][INFO] - train_loss -0.7381
[2026-08-11 18:14:04,573][Trainer][INFO] - val_loss -0.6646
[2026-08-11 18:14:04,573][Trainer][INFO] - Pseudo dice 0.6733
[2026-08-11 18:14:04,573][Trainer][INFO] - Epoch time: 226.32 s
[2026-08-11 18:14:05,474][Trainer][INFO] - 
[2026-08-11 18:14:05,474][Trainer][INFO] - Epoch 128
[2026-08-11 18:14:05,474][Trainer][INFO] - Current learning rate: 0.00606
[2026-08-11 18:17:52,277][Trainer][INFO] - train_loss -0.6931
[2026-08-11 18:17:52,277][Trainer][INFO] - val_loss -0.7427
[2026-08-11 18:17:52,277][Trainer][INFO] - Pseudo dice 0.8077
[2026-08-11 18:17:52,277][Trainer][INFO] - Epoch time: 226.81 s
[2026-08-11 18:17:53,170][Trainer][INFO] - 
[2026-08-11 18:17:53,170][Trainer][INFO] - Epoch 129
[2026-08-11 18:17:53,170][Trainer][INFO] - Current learning rate: 0.00603
[2026-08-11 18:21:40,384][Trainer][INFO] - train_loss -0.7423
[2026-08-11 18:21:40,384][Trainer][INFO] - val_loss -0.6913
[2026-08-11 18:21:40,384][Trainer][INFO] - Pseudo dice 0.7075
[2026-08-11 18:21:40,385][Trainer][INFO] - Epoch time: 227.22 s
[2026-08-11 18:21:41,272][Trainer][INFO] - 
[2026-08-11 18:21:41,272][Trainer][INFO] - Epoch 130
[2026-08-11 18:21:41,272][Trainer][INFO] - Current learning rate: 0.006
[2026-08-11 18:25:28,084][Trainer][INFO] - train_loss -0.7262
[2026-08-11 18:25:28,084][Trainer][INFO] - val_loss -0.6813
[2026-08-11 18:25:28,084][Trainer][INFO] - Pseudo dice 0.7135
[2026-08-11 18:25:28,084][Trainer][INFO] - Epoch time: 226.81 s
[2026-08-11 18:25:29,001][Trainer][INFO] - 
[2026-08-11 18:25:29,001][Trainer][INFO] - Epoch 131
[2026-08-11 18:25:29,001][Trainer][INFO] - Current learning rate: 0.00597
[2026-08-11 18:29:16,010][Trainer][INFO] - train_loss -0.7582
[2026-08-11 18:29:16,010][Trainer][INFO] - val_loss -0.7228
[2026-08-11 18:29:16,010][Trainer][INFO] - Pseudo dice 0.7111
[2026-08-11 18:29:16,010][Trainer][INFO] - Epoch time: 227.01 s
[2026-08-11 18:29:16,891][Trainer][INFO] - 
[2026-08-11 18:29:16,891][Trainer][INFO] - Epoch 132
[2026-08-11 18:29:16,891][Trainer][INFO] - Current learning rate: 0.00593
[2026-08-11 18:33:03,318][Trainer][INFO] - train_loss -0.7423
[2026-08-11 18:33:03,318][Trainer][INFO] - val_loss -0.7451
[2026-08-11 18:33:03,318][Trainer][INFO] - Pseudo dice 0.748
[2026-08-11 18:33:03,318][Trainer][INFO] - Epoch time: 226.43 s
[2026-08-11 18:33:04,211][Trainer][INFO] - 
[2026-08-11 18:33:04,212][Trainer][INFO] - Epoch 133
[2026-08-11 18:33:04,212][Trainer][INFO] - Current learning rate: 0.0059
[2026-08-11 18:36:51,013][Trainer][INFO] - train_loss -0.7384
[2026-08-11 18:36:51,014][Trainer][INFO] - val_loss -0.7476
[2026-08-11 18:36:51,014][Trainer][INFO] - Pseudo dice 0.7867
[2026-08-11 18:36:51,014][Trainer][INFO] - Epoch time: 226.8 s
[2026-08-11 18:36:51,991][Trainer][INFO] - 
[2026-08-11 18:36:51,992][Trainer][INFO] - Epoch 134
[2026-08-11 18:36:51,992][Trainer][INFO] - Current learning rate: 0.00587
[2026-08-11 18:40:38,968][Trainer][INFO] - train_loss -0.7258
[2026-08-11 18:40:38,969][Trainer][INFO] - val_loss -0.7075
[2026-08-11 18:40:38,969][Trainer][INFO] - Pseudo dice 0.788
[2026-08-11 18:40:38,969][Trainer][INFO] - Epoch time: 226.98 s
[2026-08-11 18:40:39,883][Trainer][INFO] - 
[2026-08-11 18:40:39,883][Trainer][INFO] - Epoch 135
[2026-08-11 18:40:39,883][Trainer][INFO] - Current learning rate: 0.00584
[2026-08-11 18:44:26,931][Trainer][INFO] - train_loss -0.7391
[2026-08-11 18:44:26,931][Trainer][INFO] - val_loss -0.7026
[2026-08-11 18:44:26,931][Trainer][INFO] - Pseudo dice 0.7848
[2026-08-11 18:44:26,931][Trainer][INFO] - Epoch time: 227.05 s
[2026-08-11 18:44:27,842][Trainer][INFO] - 
[2026-08-11 18:44:27,842][Trainer][INFO] - Epoch 136
[2026-08-11 18:44:27,842][Trainer][INFO] - Current learning rate: 0.00581
[2026-08-11 18:48:14,957][Trainer][INFO] - train_loss -0.765
[2026-08-11 18:48:14,957][Trainer][INFO] - val_loss -0.7742
[2026-08-11 18:48:14,957][Trainer][INFO] - Pseudo dice 0.8099
[2026-08-11 18:48:14,957][Trainer][INFO] - Epoch time: 227.12 s
[2026-08-11 18:48:15,827][Trainer][INFO] - 
[2026-08-11 18:48:15,827][Trainer][INFO] - Epoch 137
[2026-08-11 18:48:15,827][Trainer][INFO] - Current learning rate: 0.00578
[2026-08-11 18:52:02,364][Trainer][INFO] - train_loss -0.7339
[2026-08-11 18:52:02,364][Trainer][INFO] - val_loss -0.7217
[2026-08-11 18:52:02,364][Trainer][INFO] - Pseudo dice 0.7587
[2026-08-11 18:52:02,364][Trainer][INFO] - Epoch time: 226.54 s
[2026-08-11 18:52:03,236][Trainer][INFO] - 
[2026-08-11 18:52:03,236][Trainer][INFO] - Epoch 138
[2026-08-11 18:52:03,236][Trainer][INFO] - Current learning rate: 0.00574
[2026-08-11 18:55:51,326][Trainer][INFO] - train_loss -0.753
[2026-08-11 18:55:51,326][Trainer][INFO] - val_loss -0.7454
[2026-08-11 18:55:51,326][Trainer][INFO] - Pseudo dice 0.7866
[2026-08-11 18:55:51,326][Trainer][INFO] - Epoch time: 228.09 s
[2026-08-11 18:55:52,239][Trainer][INFO] - 
[2026-08-11 18:55:52,239][Trainer][INFO] - Epoch 139
[2026-08-11 18:55:52,239][Trainer][INFO] - Current learning rate: 0.00571
[2026-08-11 18:59:39,010][Trainer][INFO] - train_loss -0.7346
[2026-08-11 18:59:39,010][Trainer][INFO] - val_loss -0.7851
[2026-08-11 18:59:39,010][Trainer][INFO] - Pseudo dice 0.7813
[2026-08-11 18:59:39,010][Trainer][INFO] - Epoch time: 226.77 s
[2026-08-11 18:59:39,888][Trainer][INFO] - 
[2026-08-11 18:59:39,888][Trainer][INFO] - Epoch 140
[2026-08-11 18:59:39,888][Trainer][INFO] - Current learning rate: 0.00568
[2026-08-11 19:03:27,519][Trainer][INFO] - train_loss -0.7559
[2026-08-11 19:03:27,519][Trainer][INFO] - val_loss -0.7247
[2026-08-11 19:03:27,520][Trainer][INFO] - Pseudo dice 0.8124
[2026-08-11 19:03:27,520][Trainer][INFO] - Epoch time: 227.63 s
[2026-08-11 19:03:27,520][Trainer][INFO] - Yayy! New best EMA pseudo Dice: 0.7696
[2026-08-11 19:03:30,553][Trainer][INFO] - 
[2026-08-11 19:03:30,554][Trainer][INFO] - Epoch 141
[2026-08-11 19:03:30,554][Trainer][INFO] - Current learning rate: 0.00565
[2026-08-11 19:07:16,923][Trainer][INFO] - train_loss -0.7465
[2026-08-11 19:07:16,924][Trainer][INFO] - val_loss -0.6997
[2026-08-11 19:07:16,924][Trainer][INFO] - Pseudo dice 0.7008
[2026-08-11 19:07:16,924][Trainer][INFO] - Epoch time: 226.37 s
[2026-08-11 19:07:17,810][Trainer][INFO] - 
[2026-08-11 19:07:17,810][Trainer][INFO] - Epoch 142
[2026-08-11 19:07:17,810][Trainer][INFO] - Current learning rate: 0.00562
[2026-08-11 19:11:04,992][Trainer][INFO] - train_loss -0.7423
[2026-08-11 19:11:04,993][Trainer][INFO] - val_loss -0.7213
[2026-08-11 19:11:04,993][Trainer][INFO] - Pseudo dice 0.6979
[2026-08-11 19:11:04,993][Trainer][INFO] - Epoch time: 227.19 s
[2026-08-11 19:11:05,921][Trainer][INFO] - 
[2026-08-11 19:11:05,921][Trainer][INFO] - Epoch 143
[2026-08-11 19:11:05,921][Trainer][INFO] - Current learning rate: 0.00558
[2026-08-11 19:14:53,758][Trainer][INFO] - train_loss -0.768
[2026-08-11 19:14:53,758][Trainer][INFO] - val_loss -0.7463
[2026-08-11 19:14:53,758][Trainer][INFO] - Pseudo dice 0.7837
[2026-08-11 19:14:53,758][Trainer][INFO] - Epoch time: 227.84 s
[2026-08-11 19:14:54,723][Trainer][INFO] - 
[2026-08-11 19:14:54,723][Trainer][INFO] - Epoch 144
[2026-08-11 19:14:54,723][Trainer][INFO] - Current learning rate: 0.00555
[2026-08-11 19:18:41,779][Trainer][INFO] - train_loss -0.7441
[2026-08-11 19:18:41,779][Trainer][INFO] - val_loss -0.7157
[2026-08-11 19:18:41,779][Trainer][INFO] - Pseudo dice 0.7604
[2026-08-11 19:18:41,779][Trainer][INFO] - Epoch time: 227.06 s
[2026-08-11 19:18:42,651][Trainer][INFO] - 
[2026-08-11 19:18:42,652][Trainer][INFO] - Epoch 145
[2026-08-11 19:18:42,652][Trainer][INFO] - Current learning rate: 0.00552
[2026-08-11 19:22:29,557][Trainer][INFO] - train_loss -0.7373
[2026-08-11 19:22:29,558][Trainer][INFO] - val_loss -0.8106
[2026-08-11 19:22:29,558][Trainer][INFO] - Pseudo dice 0.8329
[2026-08-11 19:22:29,558][Trainer][INFO] - Epoch time: 226.91 s
[2026-08-11 19:22:30,457][Trainer][INFO] - 
[2026-08-11 19:22:30,457][Trainer][INFO] - Epoch 146
[2026-08-11 19:22:30,457][Trainer][INFO] - Current learning rate: 0.00549
[2026-08-11 19:26:17,695][Trainer][INFO] - train_loss -0.7519
[2026-08-11 19:26:17,695][Trainer][INFO] - val_loss -0.7577
[2026-08-11 19:26:17,695][Trainer][INFO] - Pseudo dice 0.7896
[2026-08-11 19:26:17,695][Trainer][INFO] - Epoch time: 227.24 s
[2026-08-11 19:26:18,564][Trainer][INFO] - 
[2026-08-11 19:26:18,564][Trainer][INFO] - Epoch 147
[2026-08-11 19:26:18,564][Trainer][INFO] - Current learning rate: 0.00546
[2026-08-11 19:30:05,908][Trainer][INFO] - train_loss -0.7609
[2026-08-11 19:30:05,908][Trainer][INFO] - val_loss -0.7108
[2026-08-11 19:30:05,908][Trainer][INFO] - Pseudo dice 0.7517
[2026-08-11 19:30:05,908][Trainer][INFO] - Epoch time: 227.35 s
[2026-08-11 19:30:06,932][Trainer][INFO] - 
[2026-08-11 19:30:06,932][Trainer][INFO] - Epoch 148
[2026-08-11 19:30:06,932][Trainer][INFO] - Current learning rate: 0.00542
[2026-08-11 19:33:53,696][Trainer][INFO] - train_loss -0.7591
[2026-08-11 19:33:53,696][Trainer][INFO] - val_loss -0.7501
[2026-08-11 19:33:53,696][Trainer][INFO] - Pseudo dice 0.8064
[2026-08-11 19:33:53,696][Trainer][INFO] - Epoch time: 226.77 s
[2026-08-11 19:33:53,696][Trainer][INFO] - Yayy! New best EMA pseudo Dice: 0.771
[2026-08-11 19:33:56,805][Trainer][INFO] - 
[2026-08-11 19:33:56,805][Trainer][INFO] - Epoch 149
[2026-08-11 19:33:56,806][Trainer][INFO] - Current learning rate: 0.00539
[2026-08-11 19:37:43,434][Trainer][INFO] - train_loss -0.7655
[2026-08-11 19:37:43,434][Trainer][INFO] - val_loss -0.746
[2026-08-11 19:37:43,434][Trainer][INFO] - Pseudo dice 0.7708
[2026-08-11 19:37:43,435][Trainer][INFO] - Epoch time: 226.63 s
[2026-08-11 19:37:46,791][Trainer][INFO] - 
[2026-08-11 19:37:46,792][Trainer][INFO] - Epoch 150
[2026-08-11 19:37:46,792][Trainer][INFO] - Current learning rate: 0.00536
[2026-08-11 19:41:34,675][Trainer][INFO] - train_loss -0.7488
[2026-08-11 19:41:34,675][Trainer][INFO] - val_loss -0.7347
[2026-08-11 19:41:34,675][Trainer][INFO] - Pseudo dice 0.7468
[2026-08-11 19:41:34,675][Trainer][INFO] - Epoch time: 227.89 s
[2026-08-11 19:41:35,748][Trainer][INFO] - 
[2026-08-11 19:41:35,748][Trainer][INFO] - Epoch 151
[2026-08-11 19:41:35,748][Trainer][INFO] - Current learning rate: 0.00533
[2026-08-11 19:45:22,463][Trainer][INFO] - train_loss -0.7674
[2026-08-11 19:45:22,464][Trainer][INFO] - val_loss -0.6514
[2026-08-11 19:45:22,464][Trainer][INFO] - Pseudo dice 0.6362
[2026-08-11 19:45:22,464][Trainer][INFO] - Epoch time: 226.72 s
[2026-08-11 19:45:23,465][Trainer][INFO] - 
[2026-08-11 19:45:23,465][Trainer][INFO] - Epoch 152
[2026-08-11 19:45:23,465][Trainer][INFO] - Current learning rate: 0.00529
[2026-08-11 19:49:09,668][Trainer][INFO] - train_loss -0.7373
[2026-08-11 19:49:09,668][Trainer][INFO] - val_loss -0.7208
[2026-08-11 19:49:09,668][Trainer][INFO] - Pseudo dice 0.7107
[2026-08-11 19:49:09,668][Trainer][INFO] - Epoch time: 226.21 s
[2026-08-11 19:49:10,546][Trainer][INFO] - 
[2026-08-11 19:49:10,547][Trainer][INFO] - Epoch 153
[2026-08-11 19:49:10,547][Trainer][INFO] - Current learning rate: 0.00526
[2026-08-11 19:52:57,876][Trainer][INFO] - train_loss -0.7551
[2026-08-11 19:52:57,876][Trainer][INFO] - val_loss -0.7425
[2026-08-11 19:52:57,876][Trainer][INFO] - Pseudo dice 0.7421
[2026-08-11 19:52:57,876][Trainer][INFO] - Epoch time: 227.33 s
[2026-08-11 19:52:58,776][Trainer][INFO] - 
[2026-08-11 19:52:58,776][Trainer][INFO] - Epoch 154
[2026-08-11 19:52:58,776][Trainer][INFO] - Current learning rate: 0.00523
[2026-08-11 19:56:45,323][Trainer][INFO] - train_loss -0.7421
[2026-08-11 19:56:45,323][Trainer][INFO] - val_loss -0.7548
[2026-08-11 19:56:45,323][Trainer][INFO] - Pseudo dice 0.7974
[2026-08-11 19:56:45,323][Trainer][INFO] - Epoch time: 226.55 s
[2026-08-11 19:56:46,219][Trainer][INFO] - 
[2026-08-11 19:56:46,219][Trainer][INFO] - Epoch 155
[2026-08-11 19:56:46,219][Trainer][INFO] - Current learning rate: 0.0052
[2026-08-11 20:00:32,366][Trainer][INFO] - train_loss -0.7604
[2026-08-11 20:00:32,366][Trainer][INFO] - val_loss -0.6591
[2026-08-11 20:00:32,366][Trainer][INFO] - Pseudo dice 0.6779
[2026-08-11 20:00:32,366][Trainer][INFO] - Epoch time: 226.15 s
[2026-08-11 20:00:33,242][Trainer][INFO] - 
[2026-08-11 20:00:33,243][Trainer][INFO] - Epoch 156
[2026-08-11 20:00:33,243][Trainer][INFO] - Current learning rate: 0.00517
[2026-08-11 20:04:19,333][Trainer][INFO] - train_loss -0.749
[2026-08-11 20:04:19,333][Trainer][INFO] - val_loss -0.7115
[2026-08-11 20:04:19,333][Trainer][INFO] - Pseudo dice 0.7038
[2026-08-11 20:04:19,333][Trainer][INFO] - Epoch time: 226.09 s
[2026-08-11 20:04:20,230][Trainer][INFO] - 
[2026-08-11 20:04:20,230][Trainer][INFO] - Epoch 157
[2026-08-11 20:04:20,230][Trainer][INFO] - Current learning rate: 0.00513
[2026-08-11 20:08:07,079][Trainer][INFO] - train_loss -0.7569
[2026-08-11 20:08:07,079][Trainer][INFO] - val_loss -0.7103
[2026-08-11 20:08:07,079][Trainer][INFO] - Pseudo dice 0.7393
[2026-08-11 20:08:07,079][Trainer][INFO] - Epoch time: 226.85 s
[2026-08-11 20:08:08,013][Trainer][INFO] - 
[2026-08-11 20:08:08,013][Trainer][INFO] - Epoch 158
[2026-08-11 20:08:08,013][Trainer][INFO] - Current learning rate: 0.0051
[2026-08-11 20:11:54,068][Trainer][INFO] - train_loss -0.743
[2026-08-11 20:11:54,069][Trainer][INFO] - val_loss -0.7452
[2026-08-11 20:11:54,069][Trainer][INFO] - Pseudo dice 0.7388
[2026-08-11 20:11:54,069][Trainer][INFO] - Epoch time: 226.06 s
[2026-08-11 20:11:55,021][Trainer][INFO] - 
[2026-08-11 20:11:55,021][Trainer][INFO] - Epoch 159
[2026-08-11 20:11:55,021][Trainer][INFO] - Current learning rate: 0.00507
[2026-08-11 20:15:41,796][Trainer][INFO] - train_loss -0.7212
[2026-08-11 20:15:41,796][Trainer][INFO] - val_loss -0.7315
[2026-08-11 20:15:41,796][Trainer][INFO] - Pseudo dice 0.7935
[2026-08-11 20:15:41,796][Trainer][INFO] - Epoch time: 226.78 s
[2026-08-11 20:15:42,704][Trainer][INFO] - 
[2026-08-11 20:15:42,704][Trainer][INFO] - Epoch 160
[2026-08-11 20:15:42,704][Trainer][INFO] - Current learning rate: 0.00504
[2026-08-11 20:19:29,317][Trainer][INFO] - train_loss -0.7313
[2026-08-11 20:19:29,318][Trainer][INFO] - val_loss -0.6876
[2026-08-11 20:19:29,318][Trainer][INFO] - Pseudo dice 0.77
[2026-08-11 20:19:29,318][Trainer][INFO] - Epoch time: 226.62 s
[2026-08-11 20:19:30,215][Trainer][INFO] - 
[2026-08-11 20:19:30,215][Trainer][INFO] - Epoch 161
[2026-08-11 20:19:30,215][Trainer][INFO] - Current learning rate: 0.005
[2026-08-11 20:23:16,810][Trainer][INFO] - train_loss -0.7522
[2026-08-11 20:23:16,810][Trainer][INFO] - val_loss -0.7318
[2026-08-11 20:23:16,810][Trainer][INFO] - Pseudo dice 0.8021
[2026-08-11 20:23:16,810][Trainer][INFO] - Epoch time: 226.6 s
[2026-08-11 20:23:18,829][Trainer][INFO] - 
[2026-08-11 20:23:18,829][Trainer][INFO] - Epoch 162
[2026-08-11 20:23:18,829][Trainer][INFO] - Current learning rate: 0.00497
[2026-08-11 20:27:05,527][Trainer][INFO] - train_loss -0.769
[2026-08-11 20:27:05,527][Trainer][INFO] - val_loss -0.7578
[2026-08-11 20:27:05,528][Trainer][INFO] - Pseudo dice 0.7953
[2026-08-11 20:27:05,528][Trainer][INFO] - Epoch time: 226.7 s
[2026-08-11 20:27:06,408][Trainer][INFO] - 
[2026-08-11 20:27:06,408][Trainer][INFO] - Epoch 163
[2026-08-11 20:27:06,408][Trainer][INFO] - Current learning rate: 0.00494
[2026-08-11 20:30:53,088][Trainer][INFO] - train_loss -0.7366
[2026-08-11 20:30:53,088][Trainer][INFO] - val_loss -0.7756
[2026-08-11 20:30:53,088][Trainer][INFO] - Pseudo dice 0.7457
[2026-08-11 20:30:53,088][Trainer][INFO] - Epoch time: 226.68 s
[2026-08-11 20:30:53,981][Trainer][INFO] - 
[2026-08-11 20:30:53,981][Trainer][INFO] - Epoch 164
[2026-08-11 20:30:53,981][Trainer][INFO] - Current learning rate: 0.00491
[2026-08-11 20:34:40,326][Trainer][INFO] - train_loss -0.7591
[2026-08-11 20:34:40,326][Trainer][INFO] - val_loss -0.7476
[2026-08-11 20:34:40,326][Trainer][INFO] - Pseudo dice 0.7896
[2026-08-11 20:34:40,326][Trainer][INFO] - Epoch time: 226.35 s
[2026-08-11 20:34:41,249][Trainer][INFO] - 
[2026-08-11 20:34:41,249][Trainer][INFO] - Epoch 165
[2026-08-11 20:34:41,250][Trainer][INFO] - Current learning rate: 0.00487
[2026-08-11 20:38:27,860][Trainer][INFO] - train_loss -0.7769
[2026-08-11 20:38:27,860][Trainer][INFO] - val_loss -0.7745
[2026-08-11 20:38:27,860][Trainer][INFO] - Pseudo dice 0.7923
[2026-08-11 20:38:27,860][Trainer][INFO] - Epoch time: 226.61 s
[2026-08-11 20:38:28,724][Trainer][INFO] - 
[2026-08-11 20:38:28,724][Trainer][INFO] - Epoch 166
[2026-08-11 20:38:28,725][Trainer][INFO] - Current learning rate: 0.00484
[2026-08-11 20:42:15,517][Trainer][INFO] - train_loss -0.75
[2026-08-11 20:42:15,517][Trainer][INFO] - val_loss -0.7436
[2026-08-11 20:42:15,517][Trainer][INFO] - Pseudo dice 0.7632
[2026-08-11 20:42:15,517][Trainer][INFO] - Epoch time: 226.8 s
[2026-08-11 20:42:16,393][Trainer][INFO] - 
[2026-08-11 20:42:16,393][Trainer][INFO] - Epoch 167
[2026-08-11 20:42:16,393][Trainer][INFO] - Current learning rate: 0.00481
[2026-08-11 20:46:03,399][Trainer][INFO] - train_loss -0.7478
[2026-08-11 20:46:03,399][Trainer][INFO] - val_loss -0.7397
[2026-08-11 20:46:03,399][Trainer][INFO] - Pseudo dice 0.8132
[2026-08-11 20:46:03,399][Trainer][INFO] - Epoch time: 227.01 s
[2026-08-11 20:46:04,314][Trainer][INFO] - 
[2026-08-11 20:46:04,314][Trainer][INFO] - Epoch 168
[2026-08-11 20:46:04,314][Trainer][INFO] - Current learning rate: 0.00478
[2026-08-11 20:49:50,335][Trainer][INFO] - train_loss -0.7702
[2026-08-11 20:49:50,336][Trainer][INFO] - val_loss -0.7536
[2026-08-11 20:49:50,336][Trainer][INFO] - Pseudo dice 0.7975
[2026-08-11 20:49:50,336][Trainer][INFO] - Epoch time: 226.03 s
[2026-08-11 20:49:50,336][Trainer][INFO] - Yayy! New best EMA pseudo Dice: 0.7716
[2026-08-11 20:49:53,458][Trainer][INFO] - 
[2026-08-11 20:49:53,458][Trainer][INFO] - Epoch 169
[2026-08-11 20:49:53,458][Trainer][INFO] - Current learning rate: 0.00474
[2026-08-11 20:53:39,658][Trainer][INFO] - train_loss -0.7597
[2026-08-11 20:53:39,658][Trainer][INFO] - val_loss -0.6866
[2026-08-11 20:53:39,659][Trainer][INFO] - Pseudo dice 0.741
[2026-08-11 20:53:39,659][Trainer][INFO] - Epoch time: 226.2 s
[2026-08-11 20:53:40,546][Trainer][INFO] - 
[2026-08-11 20:53:40,547][Trainer][INFO] - Epoch 170
[2026-08-11 20:53:40,547][Trainer][INFO] - Current learning rate: 0.00471
[2026-08-11 20:57:26,743][Trainer][INFO] - train_loss -0.7362
[2026-08-11 20:57:26,743][Trainer][INFO] - val_loss -0.7235
[2026-08-11 20:57:26,743][Trainer][INFO] - Pseudo dice 0.8039
[2026-08-11 20:57:26,743][Trainer][INFO] - Epoch time: 226.2 s
[2026-08-11 20:57:26,743][Trainer][INFO] - Yayy! New best EMA pseudo Dice: 0.7721
[2026-08-11 20:57:29,686][Trainer][INFO] - 
[2026-08-11 20:57:29,686][Trainer][INFO] - Epoch 171
[2026-08-11 20:57:29,686][Trainer][INFO] - Current learning rate: 0.00468
[2026-08-11 21:01:16,817][Trainer][INFO] - train_loss -0.7348
[2026-08-11 21:01:16,818][Trainer][INFO] - val_loss -0.7652
[2026-08-11 21:01:16,818][Trainer][INFO] - Pseudo dice 0.7386
[2026-08-11 21:01:16,818][Trainer][INFO] - Epoch time: 227.13 s
[2026-08-11 21:01:17,738][Trainer][INFO] - 
[2026-08-11 21:01:17,738][Trainer][INFO] - Epoch 172
[2026-08-11 21:01:17,738][Trainer][INFO] - Current learning rate: 0.00465
[2026-08-11 21:05:03,552][Trainer][INFO] - train_loss -0.7618
[2026-08-11 21:05:03,552][Trainer][INFO] - val_loss -0.7607
[2026-08-11 21:05:03,552][Trainer][INFO] - Pseudo dice 0.8213
[2026-08-11 21:05:03,553][Trainer][INFO] - Epoch time: 225.82 s
[2026-08-11 21:05:03,553][Trainer][INFO] - Yayy! New best EMA pseudo Dice: 0.774
[2026-08-11 21:05:06,519][Trainer][INFO] - 
[2026-08-11 21:05:06,519][Trainer][INFO] - Epoch 173
[2026-08-11 21:05:06,519][Trainer][INFO] - Current learning rate: 0.00461
[2026-08-11 21:08:53,091][Trainer][INFO] - train_loss -0.7651
[2026-08-11 21:08:53,091][Trainer][INFO] - val_loss -0.7168
[2026-08-11 21:08:53,091][Trainer][INFO] - Pseudo dice 0.8138
[2026-08-11 21:08:53,091][Trainer][INFO] - Epoch time: 226.57 s
[2026-08-11 21:08:53,091][Trainer][INFO] - Yayy! New best EMA pseudo Dice: 0.778
[2026-08-11 21:08:56,158][Trainer][INFO] - 
[2026-08-11 21:08:56,158][Trainer][INFO] - Epoch 174
[2026-08-11 21:08:56,158][Trainer][INFO] - Current learning rate: 0.00458
[2026-08-11 21:12:42,199][Trainer][INFO] - train_loss -0.7711
[2026-08-11 21:12:42,200][Trainer][INFO] - val_loss -0.7235
[2026-08-11 21:12:42,200][Trainer][INFO] - Pseudo dice 0.7512
[2026-08-11 21:12:42,200][Trainer][INFO] - Epoch time: 226.04 s
[2026-08-11 21:12:43,100][Trainer][INFO] - 
[2026-08-11 21:12:43,100][Trainer][INFO] - Epoch 175
[2026-08-11 21:12:43,100][Trainer][INFO] - Current learning rate: 0.00455
[2026-08-11 21:16:29,623][Trainer][INFO] - train_loss -0.7599
[2026-08-11 21:16:29,623][Trainer][INFO] - val_loss -0.7567
[2026-08-11 21:16:29,623][Trainer][INFO] - Pseudo dice 0.8017
[2026-08-11 21:16:29,623][Trainer][INFO] - Epoch time: 226.53 s
[2026-08-11 21:16:30,509][Trainer][INFO] - 
[2026-08-11 21:16:30,509][Trainer][INFO] - Epoch 176
[2026-08-11 21:16:30,509][Trainer][INFO] - Current learning rate: 0.00452
[2026-08-11 21:20:17,436][Trainer][INFO] - train_loss -0.7783
[2026-08-11 21:20:17,436][Trainer][INFO] - val_loss -0.7301
[2026-08-11 21:20:17,436][Trainer][INFO] - Pseudo dice 0.7703
[2026-08-11 21:20:17,436][Trainer][INFO] - Epoch time: 226.93 s
[2026-08-11 21:20:18,405][Trainer][INFO] - 
[2026-08-11 21:20:18,405][Trainer][INFO] - Epoch 177
[2026-08-11 21:20:18,405][Trainer][INFO] - Current learning rate: 0.00448
[2026-08-11 21:24:06,511][Trainer][INFO] - train_loss -0.7741
[2026-08-11 21:24:06,512][Trainer][INFO] - val_loss -0.7661
[2026-08-11 21:24:06,512][Trainer][INFO] - Pseudo dice 0.8268
[2026-08-11 21:24:06,512][Trainer][INFO] - Epoch time: 228.11 s
[2026-08-11 21:24:06,512][Trainer][INFO] - Yayy! New best EMA pseudo Dice: 0.7821
[2026-08-11 21:24:09,512][Trainer][INFO] - 
[2026-08-11 21:24:09,513][Trainer][INFO] - Epoch 178
[2026-08-11 21:24:09,513][Trainer][INFO] - Current learning rate: 0.00445
[2026-08-11 21:27:57,034][Trainer][INFO] - train_loss -0.7688
[2026-08-11 21:27:57,034][Trainer][INFO] - val_loss -0.7535
[2026-08-11 21:27:57,034][Trainer][INFO] - Pseudo dice 0.7981
[2026-08-11 21:27:57,034][Trainer][INFO] - Epoch time: 227.52 s
[2026-08-11 21:27:57,034][Trainer][INFO] - Yayy! New best EMA pseudo Dice: 0.7837
[2026-08-11 21:28:00,129][Trainer][INFO] - 
[2026-08-11 21:28:00,129][Trainer][INFO] - Epoch 179
[2026-08-11 21:28:00,129][Trainer][INFO] - Current learning rate: 0.00442
[2026-08-11 21:31:47,947][Trainer][INFO] - train_loss -0.758
[2026-08-11 21:31:47,948][Trainer][INFO] - val_loss -0.7786
[2026-08-11 21:31:47,948][Trainer][INFO] - Pseudo dice 0.8276
[2026-08-11 21:31:47,948][Trainer][INFO] - Epoch time: 227.82 s
[2026-08-11 21:31:47,948][Trainer][INFO] - Yayy! New best EMA pseudo Dice: 0.7881
[2026-08-11 21:31:51,080][Trainer][INFO] - 
[2026-08-11 21:31:51,080][Trainer][INFO] - Epoch 180
[2026-08-11 21:31:51,080][Trainer][INFO] - Current learning rate: 0.00438
[2026-08-11 21:35:38,766][Trainer][INFO] - train_loss -0.7376
[2026-08-11 21:35:38,767][Trainer][INFO] - val_loss -0.762
[2026-08-11 21:35:38,767][Trainer][INFO] - Pseudo dice 0.7857
[2026-08-11 21:35:38,767][Trainer][INFO] - Epoch time: 227.69 s
[2026-08-11 21:35:39,642][Trainer][INFO] - 
[2026-08-11 21:35:39,642][Trainer][INFO] - Epoch 181
[2026-08-11 21:35:39,642][Trainer][INFO] - Current learning rate: 0.00435
[2026-08-11 21:39:27,487][Trainer][INFO] - train_loss -0.7365
[2026-08-11 21:39:27,488][Trainer][INFO] - val_loss -0.6912
[2026-08-11 21:39:27,488][Trainer][INFO] - Pseudo dice 0.7242
[2026-08-11 21:39:27,488][Trainer][INFO] - Epoch time: 227.85 s
[2026-08-11 21:39:28,385][Trainer][INFO] - 
[2026-08-11 21:39:28,385][Trainer][INFO] - Epoch 182
[2026-08-11 21:39:28,385][Trainer][INFO] - Current learning rate: 0.00432
[2026-08-11 21:43:16,094][Trainer][INFO] - train_loss -0.7509
[2026-08-11 21:43:16,094][Trainer][INFO] - val_loss -0.7548
[2026-08-11 21:43:16,094][Trainer][INFO] - Pseudo dice 0.8015
[2026-08-11 21:43:16,094][Trainer][INFO] - Epoch time: 227.71 s
[2026-08-11 21:43:16,975][Trainer][INFO] - 
[2026-08-11 21:43:16,975][Trainer][INFO] - Epoch 183
[2026-08-11 21:43:16,975][Trainer][INFO] - Current learning rate: 0.00429
[2026-08-11 21:47:04,354][Trainer][INFO] - train_loss -0.74
[2026-08-11 21:47:04,354][Trainer][INFO] - val_loss -0.7618
[2026-08-11 21:47:04,354][Trainer][INFO] - Pseudo dice 0.8286
[2026-08-11 21:47:04,354][Trainer][INFO] - Epoch time: 227.38 s
[2026-08-11 21:47:05,241][Trainer][INFO] - 
[2026-08-11 21:47:05,241][Trainer][INFO] - Epoch 184
[2026-08-11 21:47:05,241][Trainer][INFO] - Current learning rate: 0.00425
[2026-08-11 21:50:53,246][Trainer][INFO] - train_loss -0.752
[2026-08-11 21:50:53,247][Trainer][INFO] - val_loss -0.6789
[2026-08-11 21:50:53,247][Trainer][INFO] - Pseudo dice 0.7205
[2026-08-11 21:50:53,247][Trainer][INFO] - Epoch time: 228.01 s
[2026-08-11 21:50:54,128][Trainer][INFO] - 
[2026-08-11 21:50:54,128][Trainer][INFO] - Epoch 185
[2026-08-11 21:50:54,128][Trainer][INFO] - Current learning rate: 0.00422
[2026-08-11 21:54:41,515][Trainer][INFO] - train_loss -0.7529
[2026-08-11 21:54:41,515][Trainer][INFO] - val_loss -0.7456
[2026-08-11 21:54:41,515][Trainer][INFO] - Pseudo dice 0.8421
[2026-08-11 21:54:41,515][Trainer][INFO] - Epoch time: 227.39 s
[2026-08-11 21:54:42,404][Trainer][INFO] - 
[2026-08-11 21:54:42,404][Trainer][INFO] - Epoch 186
[2026-08-11 21:54:42,404][Trainer][INFO] - Current learning rate: 0.00419
[2026-08-11 21:58:29,848][Trainer][INFO] - train_loss -0.767
[2026-08-11 21:58:29,849][Trainer][INFO] - val_loss -0.7414
[2026-08-11 21:58:29,849][Trainer][INFO] - Pseudo dice 0.7721
[2026-08-11 21:58:29,849][Trainer][INFO] - Epoch time: 227.45 s
[2026-08-11 21:58:30,733][Trainer][INFO] - 
[2026-08-11 21:58:30,733][Trainer][INFO] - Epoch 187
[2026-08-11 21:58:30,733][Trainer][INFO] - Current learning rate: 0.00415
[2026-08-11 22:02:18,052][Trainer][INFO] - train_loss -0.7585
[2026-08-11 22:02:18,053][Trainer][INFO] - val_loss -0.7695
[2026-08-11 22:02:18,053][Trainer][INFO] - Pseudo dice 0.7394
[2026-08-11 22:02:18,053][Trainer][INFO] - Epoch time: 227.32 s
[2026-08-11 22:02:18,941][Trainer][INFO] - 
[2026-08-11 22:02:18,941][Trainer][INFO] - Epoch 188
[2026-08-11 22:02:18,941][Trainer][INFO] - Current learning rate: 0.00412
[2026-08-11 22:06:06,380][Trainer][INFO] - train_loss -0.7683
[2026-08-11 22:06:06,380][Trainer][INFO] - val_loss -0.7157
[2026-08-11 22:06:06,380][Trainer][INFO] - Pseudo dice 0.7867
[2026-08-11 22:06:06,381][Trainer][INFO] - Epoch time: 227.44 s
[2026-08-11 22:06:07,274][Trainer][INFO] - 
[2026-08-11 22:06:07,274][Trainer][INFO] - Epoch 189
[2026-08-11 22:06:07,274][Trainer][INFO] - Current learning rate: 0.00409
[2026-08-11 22:09:55,005][Trainer][INFO] - train_loss -0.7525
[2026-08-11 22:09:55,006][Trainer][INFO] - val_loss -0.7795
[2026-08-11 22:09:55,006][Trainer][INFO] - Pseudo dice 0.838
[2026-08-11 22:09:55,006][Trainer][INFO] - Epoch time: 227.73 s
[2026-08-11 22:09:55,898][Trainer][INFO] - 
[2026-08-11 22:09:55,898][Trainer][INFO] - Epoch 190
[2026-08-11 22:09:55,898][Trainer][INFO] - Current learning rate: 0.00405
[2026-08-11 22:13:44,072][Trainer][INFO] - train_loss -0.7332
[2026-08-11 22:13:44,072][Trainer][INFO] - val_loss -0.7711
[2026-08-11 22:13:44,073][Trainer][INFO] - Pseudo dice 0.7964
[2026-08-11 22:13:44,073][Trainer][INFO] - Epoch time: 228.18 s
[2026-08-11 22:13:44,073][Trainer][INFO] - Yayy! New best EMA pseudo Dice: 0.7883
[2026-08-11 22:13:47,159][Trainer][INFO] - 
[2026-08-11 22:13:47,159][Trainer][INFO] - Epoch 191
[2026-08-11 22:13:47,159][Trainer][INFO] - Current learning rate: 0.00402
[2026-08-11 22:17:35,143][Trainer][INFO] - train_loss -0.7496
[2026-08-11 22:17:35,143][Trainer][INFO] - val_loss -0.7556
[2026-08-11 22:17:35,143][Trainer][INFO] - Pseudo dice 0.7878
[2026-08-11 22:17:35,143][Trainer][INFO] - Epoch time: 227.99 s
[2026-08-11 22:17:36,031][Trainer][INFO] - 
[2026-08-11 22:17:36,031][Trainer][INFO] - Epoch 192
[2026-08-11 22:17:36,031][Trainer][INFO] - Current learning rate: 0.00399
[2026-08-11 22:21:23,699][Trainer][INFO] - train_loss -0.7565
[2026-08-11 22:21:23,699][Trainer][INFO] - val_loss -0.7137
[2026-08-11 22:21:23,699][Trainer][INFO] - Pseudo dice 0.6748
[2026-08-11 22:21:23,699][Trainer][INFO] - Epoch time: 227.67 s
[2026-08-11 22:21:24,602][Trainer][INFO] - 
[2026-08-11 22:21:24,602][Trainer][INFO] - Epoch 193
[2026-08-11 22:21:24,602][Trainer][INFO] - Current learning rate: 0.00395
[2026-08-11 22:25:12,049][Trainer][INFO] - train_loss -0.758
[2026-08-11 22:25:12,049][Trainer][INFO] - val_loss -0.6864
[2026-08-11 22:25:12,049][Trainer][INFO] - Pseudo dice 0.7804
[2026-08-11 22:25:12,049][Trainer][INFO] - Epoch time: 227.45 s
[2026-08-11 22:25:12,962][Trainer][INFO] - 
[2026-08-11 22:25:12,962][Trainer][INFO] - Epoch 194
[2026-08-11 22:25:12,962][Trainer][INFO] - Current learning rate: 0.00392
[2026-08-11 22:29:00,417][Trainer][INFO] - train_loss -0.7353
[2026-08-11 22:29:00,418][Trainer][INFO] - val_loss -0.7423
[2026-08-11 22:29:00,418][Trainer][INFO] - Pseudo dice 0.6975
[2026-08-11 22:29:00,418][Trainer][INFO] - Epoch time: 227.46 s
[2026-08-11 22:29:01,305][Trainer][INFO] - 
[2026-08-11 22:29:01,305][Trainer][INFO] - Epoch 195
[2026-08-11 22:29:01,305][Trainer][INFO] - Current learning rate: 0.00389
[2026-08-11 22:32:48,750][Trainer][INFO] - train_loss -0.7612
[2026-08-11 22:32:48,750][Trainer][INFO] - val_loss -0.744
[2026-08-11 22:32:48,750][Trainer][INFO] - Pseudo dice 0.746
[2026-08-11 22:32:48,750][Trainer][INFO] - Epoch time: 227.45 s
[2026-08-11 22:32:50,682][Trainer][INFO] - 
[2026-08-11 22:32:50,682][Trainer][INFO] - Epoch 196
[2026-08-11 22:32:50,682][Trainer][INFO] - Current learning rate: 0.00385
[2026-08-11 22:36:38,478][Trainer][INFO] - train_loss -0.7673
[2026-08-11 22:36:38,478][Trainer][INFO] - val_loss -0.7698
[2026-08-11 22:36:38,478][Trainer][INFO] - Pseudo dice 0.8152
[2026-08-11 22:36:38,478][Trainer][INFO] - Epoch time: 227.8 s
[2026-08-11 22:36:39,394][Trainer][INFO] - 
[2026-08-11 22:36:39,394][Trainer][INFO] - Epoch 197
[2026-08-11 22:36:39,394][Trainer][INFO] - Current learning rate: 0.00382
[2026-08-11 22:40:27,122][Trainer][INFO] - train_loss -0.7459
[2026-08-11 22:40:27,123][Trainer][INFO] - val_loss -0.7381
[2026-08-11 22:40:27,123][Trainer][INFO] - Pseudo dice 0.7324
[2026-08-11 22:40:27,123][Trainer][INFO] - Epoch time: 227.73 s
[2026-08-11 22:40:28,012][Trainer][INFO] - 
[2026-08-11 22:40:28,012][Trainer][INFO] - Epoch 198
[2026-08-11 22:40:28,012][Trainer][INFO] - Current learning rate: 0.00379
[2026-08-11 22:44:16,539][Trainer][INFO] - train_loss -0.7452
[2026-08-11 22:44:16,539][Trainer][INFO] - val_loss -0.7575
[2026-08-11 22:44:16,539][Trainer][INFO] - Pseudo dice 0.7709
[2026-08-11 22:44:16,539][Trainer][INFO] - Epoch time: 228.53 s
[2026-08-11 22:44:17,478][Trainer][INFO] - 
[2026-08-11 22:44:17,478][Trainer][INFO] - Epoch 199
[2026-08-11 22:44:17,478][Trainer][INFO] - Current learning rate: 0.00375
[2026-08-11 22:48:06,186][Trainer][INFO] - train_loss -0.7746
[2026-08-11 22:48:06,187][Trainer][INFO] - val_loss -0.7464
[2026-08-11 22:48:06,187][Trainer][INFO] - Pseudo dice 0.8042
[2026-08-11 22:48:06,187][Trainer][INFO] - Epoch time: 228.71 s
[2026-08-11 22:48:09,494][Trainer][INFO] - 
[2026-08-11 22:48:09,495][Trainer][INFO] - Epoch 200
[2026-08-11 22:48:09,495][Trainer][INFO] - Current learning rate: 0.00372
[2026-08-11 22:51:57,347][Trainer][INFO] - train_loss -0.7665
[2026-08-11 22:51:57,347][Trainer][INFO] - val_loss -0.7828
[2026-08-11 22:51:57,347][Trainer][INFO] - Pseudo dice 0.8086
[2026-08-11 22:51:57,348][Trainer][INFO] - Epoch time: 227.86 s
[2026-08-11 22:51:58,277][Trainer][INFO] - 
[2026-08-11 22:51:58,277][Trainer][INFO] - Epoch 201
[2026-08-11 22:51:58,277][Trainer][INFO] - Current learning rate: 0.00369
[2026-08-11 22:55:45,882][Trainer][INFO] - train_loss -0.7702
[2026-08-11 22:55:45,882][Trainer][INFO] - val_loss -0.7939
[2026-08-11 22:55:45,882][Trainer][INFO] - Pseudo dice 0.8446
[2026-08-11 22:55:45,882][Trainer][INFO] - Epoch time: 227.61 s
[2026-08-11 22:55:46,766][Trainer][INFO] - 
[2026-08-11 22:55:46,767][Trainer][INFO] - Epoch 202
[2026-08-11 22:55:46,767][Trainer][INFO] - Current learning rate: 0.00365
[2026-08-11 22:59:34,661][Trainer][INFO] - train_loss -0.7596
[2026-08-11 22:59:34,661][Trainer][INFO] - val_loss -0.7638
[2026-08-11 22:59:34,661][Trainer][INFO] - Pseudo dice 0.7581
[2026-08-11 22:59:34,661][Trainer][INFO] - Epoch time: 227.9 s
[2026-08-11 22:59:35,553][Trainer][INFO] - 
[2026-08-11 22:59:35,553][Trainer][INFO] - Epoch 203
[2026-08-11 22:59:35,553][Trainer][INFO] - Current learning rate: 0.00362
[2026-08-11 23:03:23,753][Trainer][INFO] - train_loss -0.7672
[2026-08-11 23:03:23,754][Trainer][INFO] - val_loss -0.7447
[2026-08-11 23:03:23,754][Trainer][INFO] - Pseudo dice 0.7569
[2026-08-11 23:03:23,754][Trainer][INFO] - Epoch time: 228.2 s
[2026-08-11 23:03:24,680][Trainer][INFO] - 
[2026-08-11 23:03:24,680][Trainer][INFO] - Epoch 204
[2026-08-11 23:03:24,680][Trainer][INFO] - Current learning rate: 0.00359
[2026-08-11 23:07:12,623][Trainer][INFO] - train_loss -0.7632
[2026-08-11 23:07:12,623][Trainer][INFO] - val_loss -0.7628
[2026-08-11 23:07:12,623][Trainer][INFO] - Pseudo dice 0.7767
[2026-08-11 23:07:12,624][Trainer][INFO] - Epoch time: 227.95 s
[2026-08-11 23:07:13,520][Trainer][INFO] - 
[2026-08-11 23:07:13,520][Trainer][INFO] - Epoch 205
[2026-08-11 23:07:13,520][Trainer][INFO] - Current learning rate: 0.00355
[2026-08-11 23:11:01,924][Trainer][INFO] - train_loss -0.7685
[2026-08-11 23:11:01,924][Trainer][INFO] - val_loss -0.7526
[2026-08-11 23:11:01,924][Trainer][INFO] - Pseudo dice 0.8376
[2026-08-11 23:11:01,925][Trainer][INFO] - Epoch time: 228.41 s
[2026-08-11 23:11:02,838][Trainer][INFO] - 
[2026-08-11 23:11:02,838][Trainer][INFO] - Epoch 206
[2026-08-11 23:11:02,838][Trainer][INFO] - Current learning rate: 0.00352
[2026-08-11 23:14:51,428][Trainer][INFO] - train_loss -0.7789
[2026-08-11 23:14:51,429][Trainer][INFO] - val_loss -0.718
[2026-08-11 23:14:51,429][Trainer][INFO] - Pseudo dice 0.8233
[2026-08-11 23:14:51,429][Trainer][INFO] - Epoch time: 228.59 s
[2026-08-11 23:14:52,346][Trainer][INFO] - 
[2026-08-11 23:14:52,346][Trainer][INFO] - Epoch 207
[2026-08-11 23:14:52,346][Trainer][INFO] - Current learning rate: 0.00349
[2026-08-11 23:18:41,317][Trainer][INFO] - train_loss -0.7625
[2026-08-11 23:18:41,317][Trainer][INFO] - val_loss -0.7193
[2026-08-11 23:18:41,317][Trainer][INFO] - Pseudo dice 0.7277
[2026-08-11 23:18:41,318][Trainer][INFO] - Epoch time: 228.97 s
[2026-08-11 23:18:42,180][Trainer][INFO] - 
[2026-08-11 23:18:42,180][Trainer][INFO] - Epoch 208
[2026-08-11 23:18:42,181][Trainer][INFO] - Current learning rate: 0.00345
[2026-08-11 23:22:30,298][Trainer][INFO] - train_loss -0.767
[2026-08-11 23:22:30,299][Trainer][INFO] - val_loss -0.7248
[2026-08-11 23:22:30,299][Trainer][INFO] - Pseudo dice 0.7929
[2026-08-11 23:22:30,299][Trainer][INFO] - Epoch time: 228.12 s
[2026-08-11 23:22:31,187][Trainer][INFO] - 
[2026-08-11 23:22:31,187][Trainer][INFO] - Epoch 209
[2026-08-11 23:22:31,188][Trainer][INFO] - Current learning rate: 0.00342
[2026-08-11 23:26:19,552][Trainer][INFO] - train_loss -0.7497
[2026-08-11 23:26:19,552][Trainer][INFO] - val_loss -0.71
[2026-08-11 23:26:19,552][Trainer][INFO] - Pseudo dice 0.7269
[2026-08-11 23:26:19,552][Trainer][INFO] - Epoch time: 228.37 s
[2026-08-11 23:26:20,415][Trainer][INFO] - 
[2026-08-11 23:26:20,416][Trainer][INFO] - Epoch 210
[2026-08-11 23:26:20,416][Trainer][INFO] - Current learning rate: 0.00338
[2026-08-11 23:30:08,647][Trainer][INFO] - train_loss -0.7579
[2026-08-11 23:30:08,647][Trainer][INFO] - val_loss -0.7239
[2026-08-11 23:30:08,647][Trainer][INFO] - Pseudo dice 0.841
[2026-08-11 23:30:08,647][Trainer][INFO] - Epoch time: 228.23 s
[2026-08-11 23:30:09,511][Trainer][INFO] - 
[2026-08-11 23:30:09,511][Trainer][INFO] - Epoch 211
[2026-08-11 23:30:09,511][Trainer][INFO] - Current learning rate: 0.00335
[2026-08-11 23:33:57,412][Trainer][INFO] - train_loss -0.7797
[2026-08-11 23:33:57,412][Trainer][INFO] - val_loss -0.7685
[2026-08-11 23:33:57,412][Trainer][INFO] - Pseudo dice 0.8475
[2026-08-11 23:33:57,412][Trainer][INFO] - Epoch time: 227.9 s
[2026-08-11 23:33:57,412][Trainer][INFO] - Yayy! New best EMA pseudo Dice: 0.7899
[2026-08-11 23:34:00,550][Trainer][INFO] - 
[2026-08-11 23:34:00,551][Trainer][INFO] - Epoch 212
[2026-08-11 23:34:00,551][Trainer][INFO] - Current learning rate: 0.00332
[2026-08-11 23:37:48,828][Trainer][INFO] - train_loss -0.7569
[2026-08-11 23:37:48,828][Trainer][INFO] - val_loss -0.7259
[2026-08-11 23:37:48,828][Trainer][INFO] - Pseudo dice 0.8112
[2026-08-11 23:37:48,828][Trainer][INFO] - Epoch time: 228.28 s
[2026-08-11 23:37:48,828][Trainer][INFO] - Yayy! New best EMA pseudo Dice: 0.792
[2026-08-11 23:37:51,769][Trainer][INFO] - 
[2026-08-11 23:37:51,769][Trainer][INFO] - Epoch 213
[2026-08-11 23:37:51,769][Trainer][INFO] - Current learning rate: 0.00328
[2026-08-11 23:41:39,935][Trainer][INFO] - train_loss -0.78
[2026-08-11 23:41:39,936][Trainer][INFO] - val_loss -0.7428
[2026-08-11 23:41:39,936][Trainer][INFO] - Pseudo dice 0.7856
[2026-08-11 23:41:39,936][Trainer][INFO] - Epoch time: 228.17 s
[2026-08-11 23:41:40,806][Trainer][INFO] - 
[2026-08-11 23:41:40,806][Trainer][INFO] - Epoch 214
[2026-08-11 23:41:40,806][Trainer][INFO] - Current learning rate: 0.00325
[2026-08-11 23:45:29,031][Trainer][INFO] - train_loss -0.7753
[2026-08-11 23:45:29,031][Trainer][INFO] - val_loss -0.6857
[2026-08-11 23:45:29,031][Trainer][INFO] - Pseudo dice 0.7736
[2026-08-11 23:45:29,031][Trainer][INFO] - Epoch time: 228.23 s
[2026-08-11 23:45:29,904][Trainer][INFO] - 
[2026-08-11 23:45:29,904][Trainer][INFO] - Epoch 215
[2026-08-11 23:45:29,904][Trainer][INFO] - Current learning rate: 0.00321
[2026-08-11 23:49:17,716][Trainer][INFO] - train_loss -0.7698
[2026-08-11 23:49:17,716][Trainer][INFO] - val_loss -0.7325
[2026-08-11 23:49:17,716][Trainer][INFO] - Pseudo dice 0.7749
[2026-08-11 23:49:17,716][Trainer][INFO] - Epoch time: 227.81 s
[2026-08-11 23:49:18,585][Trainer][INFO] - 
[2026-08-11 23:49:18,585][Trainer][INFO] - Epoch 216
[2026-08-11 23:49:18,585][Trainer][INFO] - Current learning rate: 0.00318
[2026-08-11 23:53:06,510][Trainer][INFO] - train_loss -0.7818
[2026-08-11 23:53:06,510][Trainer][INFO] - val_loss -0.7822
[2026-08-11 23:53:06,510][Trainer][INFO] - Pseudo dice 0.8321
[2026-08-11 23:53:06,510][Trainer][INFO] - Epoch time: 227.93 s
[2026-08-11 23:53:06,510][Trainer][INFO] - Yayy! New best EMA pseudo Dice: 0.7925
[2026-08-11 23:53:09,531][Trainer][INFO] - 
[2026-08-11 23:53:09,531][Trainer][INFO] - Epoch 217
[2026-08-11 23:53:09,532][Trainer][INFO] - Current learning rate: 0.00315
[2026-08-11 23:56:57,940][Trainer][INFO] - train_loss -0.7758
[2026-08-11 23:56:57,941][Trainer][INFO] - val_loss -0.7551
[2026-08-11 23:56:57,941][Trainer][INFO] - Pseudo dice 0.8212
[2026-08-11 23:56:57,941][Trainer][INFO] - Epoch time: 228.41 s
[2026-08-11 23:56:57,941][Trainer][INFO] - Yayy! New best EMA pseudo Dice: 0.7954
[2026-08-11 23:57:00,929][Trainer][INFO] - 
[2026-08-11 23:57:00,929][Trainer][INFO] - Epoch 218
[2026-08-11 23:57:00,930][Trainer][INFO] - Current learning rate: 0.00311
[2026-08-12 00:00:49,099][Trainer][INFO] - train_loss -0.8017
[2026-08-12 00:00:49,099][Trainer][INFO] - val_loss -0.7105
[2026-08-12 00:00:49,099][Trainer][INFO] - Pseudo dice 0.8073
[2026-08-12 00:00:49,100][Trainer][INFO] - Epoch time: 228.17 s
[2026-08-12 00:00:49,100][Trainer][INFO] - Yayy! New best EMA pseudo Dice: 0.7966
[2026-08-12 00:00:52,229][Trainer][INFO] - 
[2026-08-12 00:00:52,229][Trainer][INFO] - Epoch 219
[2026-08-12 00:00:52,230][Trainer][INFO] - Current learning rate: 0.00308
[2026-08-12 00:04:41,200][Trainer][INFO] - train_loss -0.7789
[2026-08-12 00:04:41,200][Trainer][INFO] - val_loss -0.7311
[2026-08-12 00:04:41,200][Trainer][INFO] - Pseudo dice 0.7557
[2026-08-12 00:04:41,200][Trainer][INFO] - Epoch time: 228.97 s
[2026-08-12 00:04:42,075][Trainer][INFO] - 
[2026-08-12 00:04:42,075][Trainer][INFO] - Epoch 220
[2026-08-12 00:04:42,076][Trainer][INFO] - Current learning rate: 0.00304
[2026-08-12 00:08:29,999][Trainer][INFO] - train_loss -0.7741
[2026-08-12 00:08:29,999][Trainer][INFO] - val_loss -0.7528
[2026-08-12 00:08:30,000][Trainer][INFO] - Pseudo dice 0.8154
[2026-08-12 00:08:30,000][Trainer][INFO] - Epoch time: 227.93 s
[2026-08-12 00:08:30,870][Trainer][INFO] - 
[2026-08-12 00:08:30,870][Trainer][INFO] - Epoch 221
[2026-08-12 00:08:30,870][Trainer][INFO] - Current learning rate: 0.00301
[2026-08-12 00:12:18,750][Trainer][INFO] - train_loss -0.7681
[2026-08-12 00:12:18,750][Trainer][INFO] - val_loss -0.7517
[2026-08-12 00:12:18,750][Trainer][INFO] - Pseudo dice 0.798
[2026-08-12 00:12:18,750][Trainer][INFO] - Epoch time: 227.88 s
[2026-08-12 00:12:19,615][Trainer][INFO] - 
[2026-08-12 00:12:19,615][Trainer][INFO] - Epoch 222
[2026-08-12 00:12:19,615][Trainer][INFO] - Current learning rate: 0.00297
[2026-08-12 00:16:07,436][Trainer][INFO] - train_loss -0.765
[2026-08-12 00:16:07,436][Trainer][INFO] - val_loss -0.6974
[2026-08-12 00:16:07,436][Trainer][INFO] - Pseudo dice 0.7127
[2026-08-12 00:16:07,436][Trainer][INFO] - Epoch time: 227.82 s
[2026-08-12 00:16:08,303][Trainer][INFO] - 
[2026-08-12 00:16:08,303][Trainer][INFO] - Epoch 223
[2026-08-12 00:16:08,303][Trainer][INFO] - Current learning rate: 0.00294
[2026-08-12 00:19:56,233][Trainer][INFO] - train_loss -0.7609
[2026-08-12 00:19:56,233][Trainer][INFO] - val_loss -0.7011
[2026-08-12 00:19:56,233][Trainer][INFO] - Pseudo dice 0.7202
[2026-08-12 00:19:56,233][Trainer][INFO] - Epoch time: 227.93 s
[2026-08-12 00:19:57,100][Trainer][INFO] - 
[2026-08-12 00:19:57,100][Trainer][INFO] - Epoch 224
[2026-08-12 00:19:57,100][Trainer][INFO] - Current learning rate: 0.00291
[2026-08-12 00:23:44,751][Trainer][INFO] - train_loss -0.7793
[2026-08-12 00:23:44,751][Trainer][INFO] - val_loss -0.752
[2026-08-12 00:23:44,751][Trainer][INFO] - Pseudo dice 0.7781
[2026-08-12 00:23:44,751][Trainer][INFO] - Epoch time: 227.65 s
[2026-08-12 00:23:45,610][Trainer][INFO] - 
[2026-08-12 00:23:45,611][Trainer][INFO] - Epoch 225
[2026-08-12 00:23:45,611][Trainer][INFO] - Current learning rate: 0.00287
[2026-08-12 00:27:33,423][Trainer][INFO] - train_loss -0.7876
[2026-08-12 00:27:33,423][Trainer][INFO] - val_loss -0.7131
[2026-08-12 00:27:33,423][Trainer][INFO] - Pseudo dice 0.7621
[2026-08-12 00:27:33,423][Trainer][INFO] - Epoch time: 227.81 s
[2026-08-12 00:27:34,296][Trainer][INFO] - 
[2026-08-12 00:27:34,296][Trainer][INFO] - Epoch 226
[2026-08-12 00:27:34,296][Trainer][INFO] - Current learning rate: 0.00284
[2026-08-12 00:31:21,972][Trainer][INFO] - train_loss -0.7605
[2026-08-12 00:31:21,972][Trainer][INFO] - val_loss -0.7512
[2026-08-12 00:31:21,972][Trainer][INFO] - Pseudo dice 0.742
[2026-08-12 00:31:21,972][Trainer][INFO] - Epoch time: 227.68 s
[2026-08-12 00:31:22,846][Trainer][INFO] - 
[2026-08-12 00:31:22,847][Trainer][INFO] - Epoch 227
[2026-08-12 00:31:22,847][Trainer][INFO] - Current learning rate: 0.0028
[2026-08-12 00:35:10,551][Trainer][INFO] - train_loss -0.7442
[2026-08-12 00:35:10,551][Trainer][INFO] - val_loss -0.7247
[2026-08-12 00:35:10,551][Trainer][INFO] - Pseudo dice 0.7835
[2026-08-12 00:35:10,551][Trainer][INFO] - Epoch time: 227.71 s
[2026-08-12 00:35:11,450][Trainer][INFO] - 
[2026-08-12 00:35:11,450][Trainer][INFO] - Epoch 228
[2026-08-12 00:35:11,450][Trainer][INFO] - Current learning rate: 0.00277
[2026-08-12 00:38:58,705][Trainer][INFO] - train_loss -0.7567
[2026-08-12 00:38:58,706][Trainer][INFO] - val_loss -0.7092
[2026-08-12 00:38:58,706][Trainer][INFO] - Pseudo dice 0.8115
[2026-08-12 00:38:58,706][Trainer][INFO] - Epoch time: 227.26 s
[2026-08-12 00:38:59,571][Trainer][INFO] - 
[2026-08-12 00:38:59,572][Trainer][INFO] - Epoch 229
[2026-08-12 00:38:59,572][Trainer][INFO] - Current learning rate: 0.00273
[2026-08-12 00:42:47,133][Trainer][INFO] - train_loss -0.7615
[2026-08-12 00:42:47,134][Trainer][INFO] - val_loss -0.7178
[2026-08-12 00:42:47,134][Trainer][INFO] - Pseudo dice 0.7887
[2026-08-12 00:42:47,134][Trainer][INFO] - Epoch time: 227.56 s
[2026-08-12 00:42:48,000][Trainer][INFO] - 
[2026-08-12 00:42:48,000][Trainer][INFO] - Epoch 230
[2026-08-12 00:42:48,000][Trainer][INFO] - Current learning rate: 0.0027
[2026-08-12 00:46:35,469][Trainer][INFO] - train_loss -0.781
[2026-08-12 00:46:35,469][Trainer][INFO] - val_loss -0.703
[2026-08-12 00:46:35,469][Trainer][INFO] - Pseudo dice 0.6698
[2026-08-12 00:46:35,469][Trainer][INFO] - Epoch time: 227.47 s
[2026-08-12 00:46:36,327][Trainer][INFO] - 
[2026-08-12 00:46:36,327][Trainer][INFO] - Epoch 231
[2026-08-12 00:46:36,327][Trainer][INFO] - Current learning rate: 0.00266
[2026-08-12 00:50:24,685][Trainer][INFO] - train_loss -0.7818
[2026-08-12 00:50:24,685][Trainer][INFO] - val_loss -0.7582
[2026-08-12 00:50:24,686][Trainer][INFO] - Pseudo dice 0.7629
[2026-08-12 00:50:24,686][Trainer][INFO] - Epoch time: 228.36 s
[2026-08-12 00:50:25,551][Trainer][INFO] - 
[2026-08-12 00:50:25,551][Trainer][INFO] - Epoch 232
[2026-08-12 00:50:25,551][Trainer][INFO] - Current learning rate: 0.00263
[2026-08-12 00:54:13,141][Trainer][INFO] - train_loss -0.7731
[2026-08-12 00:54:13,142][Trainer][INFO] - val_loss -0.7345
[2026-08-12 00:54:13,142][Trainer][INFO] - Pseudo dice 0.8085
[2026-08-12 00:54:13,142][Trainer][INFO] - Epoch time: 227.59 s
[2026-08-12 00:54:14,002][Trainer][INFO] - 
[2026-08-12 00:54:14,003][Trainer][INFO] - Epoch 233
[2026-08-12 00:54:14,003][Trainer][INFO] - Current learning rate: 0.00259
[2026-08-12 00:58:01,449][Trainer][INFO] - train_loss -0.7542
[2026-08-12 00:58:01,449][Trainer][INFO] - val_loss -0.7191
[2026-08-12 00:58:01,449][Trainer][INFO] - Pseudo dice 0.8262
[2026-08-12 00:58:01,449][Trainer][INFO] - Epoch time: 227.45 s
[2026-08-12 00:58:02,317][Trainer][INFO] - 
[2026-08-12 00:58:02,317][Trainer][INFO] - Epoch 234
[2026-08-12 00:58:02,317][Trainer][INFO] - Current learning rate: 0.00256
[2026-08-12 01:01:49,830][Trainer][INFO] - train_loss -0.785
[2026-08-12 01:01:49,830][Trainer][INFO] - val_loss -0.7638
[2026-08-12 01:01:49,830][Trainer][INFO] - Pseudo dice 0.7877
[2026-08-12 01:01:49,830][Trainer][INFO] - Epoch time: 227.52 s
[2026-08-12 01:01:50,710][Trainer][INFO] - 
[2026-08-12 01:01:50,710][Trainer][INFO] - Epoch 235
[2026-08-12 01:01:50,710][Trainer][INFO] - Current learning rate: 0.00252
[2026-08-12 01:05:38,249][Trainer][INFO] - train_loss -0.7824
[2026-08-12 01:05:38,250][Trainer][INFO] - val_loss -0.7664
[2026-08-12 01:05:38,250][Trainer][INFO] - Pseudo dice 0.8282
[2026-08-12 01:05:38,250][Trainer][INFO] - Epoch time: 227.54 s
[2026-08-12 01:05:39,118][Trainer][INFO] - 
[2026-08-12 01:05:39,119][Trainer][INFO] - Epoch 236
[2026-08-12 01:05:39,119][Trainer][INFO] - Current learning rate: 0.00249
[2026-08-12 01:09:26,449][Trainer][INFO] - train_loss -0.7688
[2026-08-12 01:09:26,449][Trainer][INFO] - val_loss -0.7471
[2026-08-12 01:09:26,449][Trainer][INFO] - Pseudo dice 0.7934
[2026-08-12 01:09:26,449][Trainer][INFO] - Epoch time: 227.33 s
[2026-08-12 01:09:27,314][Trainer][INFO] - 
[2026-08-12 01:09:27,314][Trainer][INFO] - Epoch 237
[2026-08-12 01:09:27,314][Trainer][INFO] - Current learning rate: 0.00245
[2026-08-12 01:13:15,176][Trainer][INFO] - train_loss -0.787
[2026-08-12 01:13:15,176][Trainer][INFO] - val_loss -0.769
[2026-08-12 01:13:15,176][Trainer][INFO] - Pseudo dice 0.7918
[2026-08-12 01:13:15,176][Trainer][INFO] - Epoch time: 227.86 s
[2026-08-12 01:13:16,037][Trainer][INFO] - 
[2026-08-12 01:13:16,038][Trainer][INFO] - Epoch 238
[2026-08-12 01:13:16,038][Trainer][INFO] - Current learning rate: 0.00242
[2026-08-12 01:17:03,949][Trainer][INFO] - train_loss -0.772
[2026-08-12 01:17:03,949][Trainer][INFO] - val_loss -0.7719
[2026-08-12 01:17:03,949][Trainer][INFO] - Pseudo dice 0.824
[2026-08-12 01:17:03,949][Trainer][INFO] - Epoch time: 227.91 s
[2026-08-12 01:17:04,812][Trainer][INFO] - 
[2026-08-12 01:17:04,812][Trainer][INFO] - Epoch 239
[2026-08-12 01:17:04,812][Trainer][INFO] - Current learning rate: 0.00238
[2026-08-12 01:20:52,585][Trainer][INFO] - train_loss -0.7583
[2026-08-12 01:20:52,585][Trainer][INFO] - val_loss -0.7518
[2026-08-12 01:20:52,585][Trainer][INFO] - Pseudo dice 0.8168
[2026-08-12 01:20:52,585][Trainer][INFO] - Epoch time: 227.78 s
[2026-08-12 01:20:53,460][Trainer][INFO] - 
[2026-08-12 01:20:53,461][Trainer][INFO] - Epoch 240
[2026-08-12 01:20:53,461][Trainer][INFO] - Current learning rate: 0.00235
[2026-08-12 01:24:41,368][Trainer][INFO] - train_loss -0.797
[2026-08-12 01:24:41,369][Trainer][INFO] - val_loss -0.7498
[2026-08-12 01:24:41,369][Trainer][INFO] - Pseudo dice 0.822
[2026-08-12 01:24:41,369][Trainer][INFO] - Epoch time: 227.91 s
[2026-08-12 01:24:42,244][Trainer][INFO] - 
[2026-08-12 01:24:42,244][Trainer][INFO] - Epoch 241
[2026-08-12 01:24:42,244][Trainer][INFO] - Current learning rate: 0.00231
[2026-08-12 01:28:30,108][Trainer][INFO] - train_loss -0.7829
[2026-08-12 01:28:30,108][Trainer][INFO] - val_loss -0.7254
[2026-08-12 01:28:30,108][Trainer][INFO] - Pseudo dice 0.7532
[2026-08-12 01:28:30,108][Trainer][INFO] - Epoch time: 227.87 s
[2026-08-12 01:28:30,989][Trainer][INFO] - 
[2026-08-12 01:28:30,989][Trainer][INFO] - Epoch 242
[2026-08-12 01:28:30,989][Trainer][INFO] - Current learning rate: 0.00228
[2026-08-12 01:32:18,742][Trainer][INFO] - train_loss -0.7651
[2026-08-12 01:32:18,743][Trainer][INFO] - val_loss -0.727
[2026-08-12 01:32:18,743][Trainer][INFO] - Pseudo dice 0.7246
[2026-08-12 01:32:18,743][Trainer][INFO] - Epoch time: 227.76 s
[2026-08-12 01:32:19,613][Trainer][INFO] - 
[2026-08-12 01:32:19,613][Trainer][INFO] - Epoch 243
[2026-08-12 01:32:19,613][Trainer][INFO] - Current learning rate: 0.00224
[2026-08-12 01:36:07,995][Trainer][INFO] - train_loss -0.7703
[2026-08-12 01:36:07,995][Trainer][INFO] - val_loss -0.7382
[2026-08-12 01:36:07,995][Trainer][INFO] - Pseudo dice 0.8253
[2026-08-12 01:36:07,995][Trainer][INFO] - Epoch time: 228.38 s
[2026-08-12 01:36:08,875][Trainer][INFO] - 
[2026-08-12 01:36:08,875][Trainer][INFO] - Epoch 244
[2026-08-12 01:36:08,875][Trainer][INFO] - Current learning rate: 0.00221
[2026-08-12 01:39:56,544][Trainer][INFO] - train_loss -0.7723
[2026-08-12 01:39:56,544][Trainer][INFO] - val_loss -0.7635
[2026-08-12 01:39:56,544][Trainer][INFO] - Pseudo dice 0.8027
[2026-08-12 01:39:56,544][Trainer][INFO] - Epoch time: 227.67 s
[2026-08-12 01:39:57,427][Trainer][INFO] - 
[2026-08-12 01:39:57,428][Trainer][INFO] - Epoch 245
[2026-08-12 01:39:57,428][Trainer][INFO] - Current learning rate: 0.00217
[2026-08-12 01:43:45,308][Trainer][INFO] - train_loss -0.7826
[2026-08-12 01:43:45,308][Trainer][INFO] - val_loss -0.7305
[2026-08-12 01:43:45,308][Trainer][INFO] - Pseudo dice 0.7553
[2026-08-12 01:43:45,308][Trainer][INFO] - Epoch time: 227.88 s
[2026-08-12 01:43:46,206][Trainer][INFO] - 
[2026-08-12 01:43:46,206][Trainer][INFO] - Epoch 246
[2026-08-12 01:43:46,206][Trainer][INFO] - Current learning rate: 0.00214
[2026-08-12 01:47:33,871][Trainer][INFO] - train_loss -0.7852
[2026-08-12 01:47:33,871][Trainer][INFO] - val_loss -0.7111
[2026-08-12 01:47:33,871][Trainer][INFO] - Pseudo dice 0.7277
[2026-08-12 01:47:33,871][Trainer][INFO] - Epoch time: 227.67 s
[2026-08-12 01:47:34,746][Trainer][INFO] - 
[2026-08-12 01:47:34,746][Trainer][INFO] - Epoch 247
[2026-08-12 01:47:34,746][Trainer][INFO] - Current learning rate: 0.0021
[2026-08-12 01:51:22,437][Trainer][INFO] - train_loss -0.765
[2026-08-12 01:51:22,437][Trainer][INFO] - val_loss -0.7037
[2026-08-12 01:51:22,437][Trainer][INFO] - Pseudo dice 0.7655
[2026-08-12 01:51:22,437][Trainer][INFO] - Epoch time: 227.69 s
[2026-08-12 01:51:23,308][Trainer][INFO] - 
[2026-08-12 01:51:23,308][Trainer][INFO] - Epoch 248
[2026-08-12 01:51:23,308][Trainer][INFO] - Current learning rate: 0.00207
[2026-08-12 01:55:10,989][Trainer][INFO] - train_loss -0.7854
[2026-08-12 01:55:10,989][Trainer][INFO] - val_loss -0.7441
[2026-08-12 01:55:10,989][Trainer][INFO] - Pseudo dice 0.7505
[2026-08-12 01:55:10,989][Trainer][INFO] - Epoch time: 227.68 s
[2026-08-12 01:55:11,860][Trainer][INFO] - 
[2026-08-12 01:55:11,860][Trainer][INFO] - Epoch 249
[2026-08-12 01:55:11,861][Trainer][INFO] - Current learning rate: 0.00203
[2026-08-12 01:58:59,673][Trainer][INFO] - train_loss -0.7957
[2026-08-12 01:58:59,673][Trainer][INFO] - val_loss -0.7215
[2026-08-12 01:58:59,673][Trainer][INFO] - Pseudo dice 0.8171
[2026-08-12 01:58:59,673][Trainer][INFO] - Epoch time: 227.82 s
[2026-08-12 01:59:02,746][Trainer][INFO] - 
[2026-08-12 01:59:02,747][Trainer][INFO] - Epoch 250
[2026-08-12 01:59:02,747][Trainer][INFO] - Current learning rate: 0.00199
[2026-08-12 02:02:50,132][Trainer][INFO] - train_loss -0.7957
[2026-08-12 02:02:50,132][Trainer][INFO] - val_loss -0.7595
[2026-08-12 02:02:50,132][Trainer][INFO] - Pseudo dice 0.7506
[2026-08-12 02:02:50,132][Trainer][INFO] - Epoch time: 227.39 s
[2026-08-12 02:02:51,012][Trainer][INFO] - 
[2026-08-12 02:02:51,012][Trainer][INFO] - Epoch 251
[2026-08-12 02:02:51,012][Trainer][INFO] - Current learning rate: 0.00196
[2026-08-12 02:06:38,734][Trainer][INFO] - train_loss -0.771
[2026-08-12 02:06:38,734][Trainer][INFO] - val_loss -0.7223
[2026-08-12 02:06:38,734][Trainer][INFO] - Pseudo dice 0.7616
[2026-08-12 02:06:38,734][Trainer][INFO] - Epoch time: 227.72 s
[2026-08-12 02:06:39,613][Trainer][INFO] - 
[2026-08-12 02:06:39,614][Trainer][INFO] - Epoch 252
[2026-08-12 02:06:39,614][Trainer][INFO] - Current learning rate: 0.00192
[2026-08-12 02:10:27,329][Trainer][INFO] - train_loss -0.7797
[2026-08-12 02:10:27,329][Trainer][INFO] - val_loss -0.753
[2026-08-12 02:10:27,329][Trainer][INFO] - Pseudo dice 0.7916
[2026-08-12 02:10:27,329][Trainer][INFO] - Epoch time: 227.72 s
[2026-08-12 02:10:28,212][Trainer][INFO] - 
[2026-08-12 02:10:28,212][Trainer][INFO] - Epoch 253
[2026-08-12 02:10:28,212][Trainer][INFO] - Current learning rate: 0.00189
[2026-08-12 02:14:15,912][Trainer][INFO] - train_loss -0.7645
[2026-08-12 02:14:15,912][Trainer][INFO] - val_loss -0.767
[2026-08-12 02:14:15,912][Trainer][INFO] - Pseudo dice 0.8032
[2026-08-12 02:14:15,912][Trainer][INFO] - Epoch time: 227.7 s
[2026-08-12 02:14:16,780][Trainer][INFO] - 
[2026-08-12 02:14:16,781][Trainer][INFO] - Epoch 254
[2026-08-12 02:14:16,781][Trainer][INFO] - Current learning rate: 0.00185
[2026-08-12 02:18:04,678][Trainer][INFO] - train_loss -0.79
[2026-08-12 02:18:04,678][Trainer][INFO] - val_loss -0.7466
[2026-08-12 02:18:04,678][Trainer][INFO] - Pseudo dice 0.765
[2026-08-12 02:18:04,678][Trainer][INFO] - Epoch time: 227.9 s
[2026-08-12 02:18:06,540][Trainer][INFO] - 
[2026-08-12 02:18:06,540][Trainer][INFO] - Epoch 255
[2026-08-12 02:18:06,541][Trainer][INFO] - Current learning rate: 0.00181
[2026-08-12 02:21:54,359][Trainer][INFO] - train_loss -0.7853
[2026-08-12 02:21:54,360][Trainer][INFO] - val_loss -0.7716
[2026-08-12 02:21:54,360][Trainer][INFO] - Pseudo dice 0.8359
[2026-08-12 02:21:54,360][Trainer][INFO] - Epoch time: 227.82 s
[2026-08-12 02:21:55,235][Trainer][INFO] - 
[2026-08-12 02:21:55,236][Trainer][INFO] - Epoch 256
[2026-08-12 02:21:55,236][Trainer][INFO] - Current learning rate: 0.00178
[2026-08-12 02:25:43,118][Trainer][INFO] - train_loss -0.7862
[2026-08-12 02:25:43,118][Trainer][INFO] - val_loss -0.7796
[2026-08-12 02:25:43,118][Trainer][INFO] - Pseudo dice 0.8097
[2026-08-12 02:25:43,118][Trainer][INFO] - Epoch time: 227.89 s
[2026-08-12 02:25:43,985][Trainer][INFO] - 
[2026-08-12 02:25:43,986][Trainer][INFO] - Epoch 257
[2026-08-12 02:25:43,986][Trainer][INFO] - Current learning rate: 0.00174
[2026-08-12 02:29:31,403][Trainer][INFO] - train_loss -0.7722
[2026-08-12 02:29:31,403][Trainer][INFO] - val_loss -0.729
[2026-08-12 02:29:31,403][Trainer][INFO] - Pseudo dice 0.7416
[2026-08-12 02:29:31,403][Trainer][INFO] - Epoch time: 227.42 s
[2026-08-12 02:29:32,267][Trainer][INFO] - 
[2026-08-12 02:29:32,267][Trainer][INFO] - Epoch 258
[2026-08-12 02:29:32,267][Trainer][INFO] - Current learning rate: 0.0017
[2026-08-12 02:33:19,593][Trainer][INFO] - train_loss -0.7597
[2026-08-12 02:33:19,593][Trainer][INFO] - val_loss -0.7767
[2026-08-12 02:33:19,593][Trainer][INFO] - Pseudo dice 0.8653
[2026-08-12 02:33:19,593][Trainer][INFO] - Epoch time: 227.33 s
[2026-08-12 02:33:20,456][Trainer][INFO] - 
[2026-08-12 02:33:20,457][Trainer][INFO] - Epoch 259
[2026-08-12 02:33:20,457][Trainer][INFO] - Current learning rate: 0.00167
[2026-08-12 02:37:07,886][Trainer][INFO] - train_loss -0.7419
[2026-08-12 02:37:07,886][Trainer][INFO] - val_loss -0.7386
[2026-08-12 02:37:07,886][Trainer][INFO] - Pseudo dice 0.7439
[2026-08-12 02:37:07,886][Trainer][INFO] - Epoch time: 227.43 s
[2026-08-12 02:37:08,750][Trainer][INFO] - 
[2026-08-12 02:37:08,750][Trainer][INFO] - Epoch 260
[2026-08-12 02:37:08,750][Trainer][INFO] - Current learning rate: 0.00163
[2026-08-12 02:40:56,262][Trainer][INFO] - train_loss -0.7907
[2026-08-12 02:40:56,262][Trainer][INFO] - val_loss -0.7753
[2026-08-12 02:40:56,262][Trainer][INFO] - Pseudo dice 0.8536
[2026-08-12 02:40:56,262][Trainer][INFO] - Epoch time: 227.51 s
[2026-08-12 02:40:57,126][Trainer][INFO] - 
[2026-08-12 02:40:57,126][Trainer][INFO] - Epoch 261
[2026-08-12 02:40:57,126][Trainer][INFO] - Current learning rate: 0.00159
[2026-08-12 02:44:44,849][Trainer][INFO] - train_loss -0.7854
[2026-08-12 02:44:44,849][Trainer][INFO] - val_loss -0.7154
[2026-08-12 02:44:44,849][Trainer][INFO] - Pseudo dice 0.7534
[2026-08-12 02:44:44,849][Trainer][INFO] - Epoch time: 227.73 s
[2026-08-12 02:44:45,714][Trainer][INFO] - 
[2026-08-12 02:44:45,714][Trainer][INFO] - Epoch 262
[2026-08-12 02:44:45,714][Trainer][INFO] - Current learning rate: 0.00156
[2026-08-12 02:48:33,184][Trainer][INFO] - train_loss -0.7597
[2026-08-12 02:48:33,185][Trainer][INFO] - val_loss -0.6816
[2026-08-12 02:48:33,185][Trainer][INFO] - Pseudo dice 0.724
[2026-08-12 02:48:33,185][Trainer][INFO] - Epoch time: 227.47 s
[2026-08-12 02:48:34,059][Trainer][INFO] - 
[2026-08-12 02:48:34,059][Trainer][INFO] - Epoch 263
[2026-08-12 02:48:34,059][Trainer][INFO] - Current learning rate: 0.00152
[2026-08-12 02:52:21,523][Trainer][INFO] - train_loss -0.7697
[2026-08-12 02:52:21,524][Trainer][INFO] - val_loss -0.7365
[2026-08-12 02:52:21,524][Trainer][INFO] - Pseudo dice 0.7909
[2026-08-12 02:52:21,524][Trainer][INFO] - Epoch time: 227.47 s
[2026-08-12 02:52:22,390][Trainer][INFO] - 
[2026-08-12 02:52:22,390][Trainer][INFO] - Epoch 264
[2026-08-12 02:52:22,390][Trainer][INFO] - Current learning rate: 0.00148
[2026-08-12 02:56:09,738][Trainer][INFO] - train_loss -0.7696
[2026-08-12 02:56:09,738][Trainer][INFO] - val_loss -0.7641
[2026-08-12 02:56:09,738][Trainer][INFO] - Pseudo dice 0.8217
[2026-08-12 02:56:09,738][Trainer][INFO] - Epoch time: 227.35 s
[2026-08-12 02:56:10,603][Trainer][INFO] - 
[2026-08-12 02:56:10,603][Trainer][INFO] - Epoch 265
[2026-08-12 02:56:10,603][Trainer][INFO] - Current learning rate: 0.00145
[2026-08-12 02:59:57,942][Trainer][INFO] - train_loss -0.7775
[2026-08-12 02:59:57,942][Trainer][INFO] - val_loss -0.7413
[2026-08-12 02:59:57,943][Trainer][INFO] - Pseudo dice 0.8095
[2026-08-12 02:59:57,943][Trainer][INFO] - Epoch time: 227.34 s
[2026-08-12 02:59:58,811][Trainer][INFO] - 
[2026-08-12 02:59:58,811][Trainer][INFO] - Epoch 266
[2026-08-12 02:59:58,811][Trainer][INFO] - Current learning rate: 0.00141
[2026-08-12 03:03:46,213][Trainer][INFO] - train_loss -0.7801
[2026-08-12 03:03:46,214][Trainer][INFO] - val_loss -0.7568
[2026-08-12 03:03:46,214][Trainer][INFO] - Pseudo dice 0.8014
[2026-08-12 03:03:46,214][Trainer][INFO] - Epoch time: 227.41 s
[2026-08-12 03:03:49,066][Trainer][INFO] - 
[2026-08-12 03:03:49,067][Trainer][INFO] - Epoch 267
[2026-08-12 03:03:49,067][Trainer][INFO] - Current learning rate: 0.00137
[2026-08-12 03:07:36,575][Trainer][INFO] - train_loss -0.8081
[2026-08-12 03:07:36,575][Trainer][INFO] - val_loss -0.7465
[2026-08-12 03:07:36,575][Trainer][INFO] - Pseudo dice 0.7843
[2026-08-12 03:07:36,575][Trainer][INFO] - Epoch time: 227.51 s
[2026-08-12 03:07:37,451][Trainer][INFO] - 
[2026-08-12 03:07:37,451][Trainer][INFO] - Epoch 268
[2026-08-12 03:07:37,451][Trainer][INFO] - Current learning rate: 0.00133
[2026-08-12 03:11:25,197][Trainer][INFO] - train_loss -0.7829
[2026-08-12 03:11:25,197][Trainer][INFO] - val_loss -0.7459
[2026-08-12 03:11:25,197][Trainer][INFO] - Pseudo dice 0.8173
[2026-08-12 03:11:25,197][Trainer][INFO] - Epoch time: 227.75 s
[2026-08-12 03:11:26,063][Trainer][INFO] - 
[2026-08-12 03:11:26,063][Trainer][INFO] - Epoch 269
[2026-08-12 03:11:26,063][Trainer][INFO] - Current learning rate: 0.0013
[2026-08-12 03:15:13,833][Trainer][INFO] - train_loss -0.7727
[2026-08-12 03:15:13,833][Trainer][INFO] - val_loss -0.7429
[2026-08-12 03:15:13,833][Trainer][INFO] - Pseudo dice 0.7672
[2026-08-12 03:15:13,833][Trainer][INFO] - Epoch time: 227.77 s
[2026-08-12 03:15:14,696][Trainer][INFO] - 
[2026-08-12 03:15:14,696][Trainer][INFO] - Epoch 270
[2026-08-12 03:15:14,696][Trainer][INFO] - Current learning rate: 0.00126
[2026-08-12 03:19:02,289][Trainer][INFO] - train_loss -0.797
[2026-08-12 03:19:02,289][Trainer][INFO] - val_loss -0.7382
[2026-08-12 03:19:02,289][Trainer][INFO] - Pseudo dice 0.7311
[2026-08-12 03:19:02,289][Trainer][INFO] - Epoch time: 227.6 s
[2026-08-12 03:19:03,153][Trainer][INFO] - 
[2026-08-12 03:19:03,153][Trainer][INFO] - Epoch 271
[2026-08-12 03:19:03,153][Trainer][INFO] - Current learning rate: 0.00122
[2026-08-12 03:22:50,934][Trainer][INFO] - train_loss -0.7812
[2026-08-12 03:22:50,935][Trainer][INFO] - val_loss -0.7429
[2026-08-12 03:22:50,935][Trainer][INFO] - Pseudo dice 0.6861
[2026-08-12 03:22:50,935][Trainer][INFO] - Epoch time: 227.78 s
[2026-08-12 03:22:51,809][Trainer][INFO] - 
[2026-08-12 03:22:51,809][Trainer][INFO] - Epoch 272
[2026-08-12 03:22:51,810][Trainer][INFO] - Current learning rate: 0.00118
[2026-08-12 03:26:39,478][Trainer][INFO] - train_loss -0.7897
[2026-08-12 03:26:39,478][Trainer][INFO] - val_loss -0.7546
[2026-08-12 03:26:39,478][Trainer][INFO] - Pseudo dice 0.7581
[2026-08-12 03:26:39,478][Trainer][INFO] - Epoch time: 227.67 s
[2026-08-12 03:26:40,345][Trainer][INFO] - 
[2026-08-12 03:26:40,345][Trainer][INFO] - Epoch 273
[2026-08-12 03:26:40,345][Trainer][INFO] - Current learning rate: 0.00115
[2026-08-12 03:30:28,177][Trainer][INFO] - train_loss -0.7911
[2026-08-12 03:30:28,178][Trainer][INFO] - val_loss -0.7623
[2026-08-12 03:30:28,178][Trainer][INFO] - Pseudo dice 0.7554
[2026-08-12 03:30:28,178][Trainer][INFO] - Epoch time: 227.84 s
[2026-08-12 03:30:29,043][Trainer][INFO] - 
[2026-08-12 03:30:29,043][Trainer][INFO] - Epoch 274
[2026-08-12 03:30:29,043][Trainer][INFO] - Current learning rate: 0.00111
[2026-08-12 03:34:17,116][Trainer][INFO] - train_loss -0.7725
[2026-08-12 03:34:17,116][Trainer][INFO] - val_loss -0.7121
[2026-08-12 03:34:17,116][Trainer][INFO] - Pseudo dice 0.7794
[2026-08-12 03:34:17,116][Trainer][INFO] - Epoch time: 228.08 s
[2026-08-12 03:34:17,982][Trainer][INFO] - 
[2026-08-12 03:34:17,982][Trainer][INFO] - Epoch 275
[2026-08-12 03:34:17,982][Trainer][INFO] - Current learning rate: 0.00107
[2026-08-12 03:38:05,632][Trainer][INFO] - train_loss -0.7912
[2026-08-12 03:38:05,632][Trainer][INFO] - val_loss -0.7664
[2026-08-12 03:38:05,632][Trainer][INFO] - Pseudo dice 0.8331
[2026-08-12 03:38:05,632][Trainer][INFO] - Epoch time: 227.65 s
[2026-08-12 03:38:06,510][Trainer][INFO] - 
[2026-08-12 03:38:06,510][Trainer][INFO] - Epoch 276
[2026-08-12 03:38:06,510][Trainer][INFO] - Current learning rate: 0.00103
[2026-08-12 03:41:54,315][Trainer][INFO] - train_loss -0.7913
[2026-08-12 03:41:54,316][Trainer][INFO] - val_loss -0.7114
[2026-08-12 03:41:54,316][Trainer][INFO] - Pseudo dice 0.7978
[2026-08-12 03:41:54,316][Trainer][INFO] - Epoch time: 227.81 s
[2026-08-12 03:41:55,183][Trainer][INFO] - 
[2026-08-12 03:41:55,183][Trainer][INFO] - Epoch 277
[2026-08-12 03:41:55,183][Trainer][INFO] - Current learning rate: 0.00099
[2026-08-12 03:45:43,172][Trainer][INFO] - train_loss -0.7807
[2026-08-12 03:45:43,172][Trainer][INFO] - val_loss -0.7543
[2026-08-12 03:45:43,172][Trainer][INFO] - Pseudo dice 0.7971
[2026-08-12 03:45:43,172][Trainer][INFO] - Epoch time: 227.99 s
[2026-08-12 03:45:44,079][Trainer][INFO] - 
[2026-08-12 03:45:44,079][Trainer][INFO] - Epoch 278
[2026-08-12 03:45:44,079][Trainer][INFO] - Current learning rate: 0.00095
[2026-08-12 03:49:32,260][Trainer][INFO] - train_loss -0.7798
[2026-08-12 03:49:32,260][Trainer][INFO] - val_loss -0.6734
[2026-08-12 03:49:32,260][Trainer][INFO] - Pseudo dice 0.8229
[2026-08-12 03:49:32,260][Trainer][INFO] - Epoch time: 228.18 s
[2026-08-12 03:49:34,139][Trainer][INFO] - 
[2026-08-12 03:49:34,140][Trainer][INFO] - Epoch 279
[2026-08-12 03:49:34,140][Trainer][INFO] - Current learning rate: 0.00091
[2026-08-12 03:53:22,530][Trainer][INFO] - train_loss -0.7889
[2026-08-12 03:53:22,530][Trainer][INFO] - val_loss -0.7469
[2026-08-12 03:53:22,531][Trainer][INFO] - Pseudo dice 0.8396
[2026-08-12 03:53:22,531][Trainer][INFO] - Epoch time: 228.39 s
[2026-08-12 03:53:23,405][Trainer][INFO] - 
[2026-08-12 03:53:23,405][Trainer][INFO] - Epoch 280
[2026-08-12 03:53:23,405][Trainer][INFO] - Current learning rate: 0.00087
[2026-08-12 03:57:11,118][Trainer][INFO] - train_loss -0.8114
[2026-08-12 03:57:11,118][Trainer][INFO] - val_loss -0.6796
[2026-08-12 03:57:11,118][Trainer][INFO] - Pseudo dice 0.7474
[2026-08-12 03:57:11,118][Trainer][INFO] - Epoch time: 227.72 s
[2026-08-12 03:57:11,993][Trainer][INFO] - 
[2026-08-12 03:57:11,993][Trainer][INFO] - Epoch 281
[2026-08-12 03:57:11,993][Trainer][INFO] - Current learning rate: 0.00083
[2026-08-12 04:00:59,663][Trainer][INFO] - train_loss -0.7588
[2026-08-12 04:00:59,663][Trainer][INFO] - val_loss -0.7348
[2026-08-12 04:00:59,663][Trainer][INFO] - Pseudo dice 0.8019
[2026-08-12 04:00:59,663][Trainer][INFO] - Epoch time: 227.67 s
[2026-08-12 04:01:00,535][Trainer][INFO] - 
[2026-08-12 04:01:00,535][Trainer][INFO] - Epoch 282
[2026-08-12 04:01:00,535][Trainer][INFO] - Current learning rate: 0.00079
[2026-08-12 04:04:48,276][Trainer][INFO] - train_loss -0.7931
[2026-08-12 04:04:48,276][Trainer][INFO] - val_loss -0.7767
[2026-08-12 04:04:48,276][Trainer][INFO] - Pseudo dice 0.8601
[2026-08-12 04:04:48,276][Trainer][INFO] - Epoch time: 227.74 s
[2026-08-12 04:04:49,138][Trainer][INFO] - 
[2026-08-12 04:04:49,138][Trainer][INFO] - Epoch 283
[2026-08-12 04:04:49,138][Trainer][INFO] - Current learning rate: 0.00076
[2026-08-12 04:08:36,676][Trainer][INFO] - train_loss -0.7994
[2026-08-12 04:08:36,677][Trainer][INFO] - val_loss -0.7626
[2026-08-12 04:08:36,677][Trainer][INFO] - Pseudo dice 0.8213
[2026-08-12 04:08:36,677][Trainer][INFO] - Epoch time: 227.54 s
[2026-08-12 04:08:36,677][Trainer][INFO] - Yayy! New best EMA pseudo Dice: 0.7981
[2026-08-12 04:08:39,771][Trainer][INFO] - 
[2026-08-12 04:08:39,771][Trainer][INFO] - Epoch 284
[2026-08-12 04:08:39,771][Trainer][INFO] - Current learning rate: 0.00071
[2026-08-12 04:12:27,420][Trainer][INFO] - train_loss -0.8016
[2026-08-12 04:12:27,420][Trainer][INFO] - val_loss -0.7718
[2026-08-12 04:12:27,421][Trainer][INFO] - Pseudo dice 0.816
[2026-08-12 04:12:27,421][Trainer][INFO] - Epoch time: 227.65 s
[2026-08-12 04:12:27,421][Trainer][INFO] - Yayy! New best EMA pseudo Dice: 0.7998
[2026-08-12 04:12:30,732][Trainer][INFO] - 
[2026-08-12 04:12:30,732][Trainer][INFO] - Epoch 285
[2026-08-12 04:12:30,732][Trainer][INFO] - Current learning rate: 0.00067
[2026-08-12 04:16:18,359][Trainer][INFO] - train_loss -0.7901
[2026-08-12 04:16:18,359][Trainer][INFO] - val_loss -0.7057
[2026-08-12 04:16:18,359][Trainer][INFO] - Pseudo dice 0.7514
[2026-08-12 04:16:18,360][Trainer][INFO] - Epoch time: 227.63 s
[2026-08-12 04:16:19,235][Trainer][INFO] - 
[2026-08-12 04:16:19,236][Trainer][INFO] - Epoch 286
[2026-08-12 04:16:19,236][Trainer][INFO] - Current learning rate: 0.00063
[2026-08-12 04:20:07,325][Trainer][INFO] - train_loss -0.7809
[2026-08-12 04:20:07,325][Trainer][INFO] - val_loss -0.7258
[2026-08-12 04:20:07,325][Trainer][INFO] - Pseudo dice 0.7713
[2026-08-12 04:20:07,325][Trainer][INFO] - Epoch time: 228.09 s
[2026-08-12 04:20:08,221][Trainer][INFO] - 
[2026-08-12 04:20:08,221][Trainer][INFO] - Epoch 287
[2026-08-12 04:20:08,221][Trainer][INFO] - Current learning rate: 0.00059
[2026-08-12 04:23:56,328][Trainer][INFO] - train_loss -0.7734
[2026-08-12 04:23:56,329][Trainer][INFO] - val_loss -0.7199
[2026-08-12 04:23:56,329][Trainer][INFO] - Pseudo dice 0.7804
[2026-08-12 04:23:56,329][Trainer][INFO] - Epoch time: 228.11 s
[2026-08-12 04:23:57,259][Trainer][INFO] - 
[2026-08-12 04:23:57,259][Trainer][INFO] - Epoch 288
[2026-08-12 04:23:57,259][Trainer][INFO] - Current learning rate: 0.00055
[2026-08-12 04:27:45,146][Trainer][INFO] - train_loss -0.7808
[2026-08-12 04:27:45,146][Trainer][INFO] - val_loss -0.7298
[2026-08-12 04:27:45,146][Trainer][INFO] - Pseudo dice 0.7873
[2026-08-12 04:27:45,146][Trainer][INFO] - Epoch time: 227.89 s
[2026-08-12 04:27:46,017][Trainer][INFO] - 
[2026-08-12 04:27:46,017][Trainer][INFO] - Epoch 289
[2026-08-12 04:27:46,017][Trainer][INFO] - Current learning rate: 0.00051
[2026-08-12 04:31:32,761][Trainer][INFO] - train_loss -0.7945
[2026-08-12 04:31:32,761][Trainer][INFO] - val_loss -0.7364
[2026-08-12 04:31:32,761][Trainer][INFO] - Pseudo dice 0.7907
[2026-08-12 04:31:32,761][Trainer][INFO] - Epoch time: 226.75 s
[2026-08-12 04:31:33,628][Trainer][INFO] - 
[2026-08-12 04:31:33,629][Trainer][INFO] - Epoch 290
[2026-08-12 04:31:33,629][Trainer][INFO] - Current learning rate: 0.00047
[2026-08-12 04:35:21,037][Trainer][INFO] - train_loss -0.7923
[2026-08-12 04:35:21,038][Trainer][INFO] - val_loss -0.7298
[2026-08-12 04:35:21,038][Trainer][INFO] - Pseudo dice 0.799
[2026-08-12 04:35:21,038][Trainer][INFO] - Epoch time: 227.41 s
[2026-08-12 04:35:22,111][Trainer][INFO] - 
[2026-08-12 04:35:22,111][Trainer][INFO] - Epoch 291
[2026-08-12 04:35:22,111][Trainer][INFO] - Current learning rate: 0.00043
[2026-08-12 04:39:09,118][Trainer][INFO] - train_loss -0.7933
[2026-08-12 04:39:09,118][Trainer][INFO] - val_loss -0.7718
[2026-08-12 04:39:09,118][Trainer][INFO] - Pseudo dice 0.8098
[2026-08-12 04:39:09,118][Trainer][INFO] - Epoch time: 227.01 s
[2026-08-12 04:39:09,993][Trainer][INFO] - 
[2026-08-12 04:39:09,993][Trainer][INFO] - Epoch 292
[2026-08-12 04:39:09,993][Trainer][INFO] - Current learning rate: 0.00038
[2026-08-12 04:42:56,875][Trainer][INFO] - train_loss -0.7804
[2026-08-12 04:42:56,875][Trainer][INFO] - val_loss -0.751
[2026-08-12 04:42:56,875][Trainer][INFO] - Pseudo dice 0.7734
[2026-08-12 04:42:56,875][Trainer][INFO] - Epoch time: 226.88 s
[2026-08-12 04:42:57,748][Trainer][INFO] - 
[2026-08-12 04:42:57,748][Trainer][INFO] - Epoch 293
[2026-08-12 04:42:57,748][Trainer][INFO] - Current learning rate: 0.00034
[2026-08-12 04:46:44,237][Trainer][INFO] - train_loss -0.7747
[2026-08-12 04:46:44,237][Trainer][INFO] - val_loss -0.7724
[2026-08-12 04:46:44,237][Trainer][INFO] - Pseudo dice 0.8154
[2026-08-12 04:46:44,237][Trainer][INFO] - Epoch time: 226.49 s
[2026-08-12 04:46:45,113][Trainer][INFO] - 
[2026-08-12 04:46:45,113][Trainer][INFO] - Epoch 294
[2026-08-12 04:46:45,113][Trainer][INFO] - Current learning rate: 0.0003
[2026-08-12 04:50:32,098][Trainer][INFO] - train_loss -0.8055
[2026-08-12 04:50:32,099][Trainer][INFO] - val_loss -0.7419
[2026-08-12 04:50:32,099][Trainer][INFO] - Pseudo dice 0.7922
[2026-08-12 04:50:32,099][Trainer][INFO] - Epoch time: 226.99 s
[2026-08-12 04:50:33,002][Trainer][INFO] - 
[2026-08-12 04:50:33,002][Trainer][INFO] - Epoch 295
[2026-08-12 04:50:33,002][Trainer][INFO] - Current learning rate: 0.00025
[2026-08-12 04:54:20,426][Trainer][INFO] - train_loss -0.7871
[2026-08-12 04:54:20,426][Trainer][INFO] - val_loss -0.7806
[2026-08-12 04:54:20,426][Trainer][INFO] - Pseudo dice 0.8418
[2026-08-12 04:54:20,426][Trainer][INFO] - Epoch time: 227.43 s
[2026-08-12 04:54:21,328][Trainer][INFO] - 
[2026-08-12 04:54:21,329][Trainer][INFO] - Epoch 296
[2026-08-12 04:54:21,329][Trainer][INFO] - Current learning rate: 0.00021
[2026-08-12 04:58:09,457][Trainer][INFO] - train_loss -0.7828
[2026-08-12 04:58:09,457][Trainer][INFO] - val_loss -0.7795
[2026-08-12 04:58:09,457][Trainer][INFO] - Pseudo dice 0.799
[2026-08-12 04:58:09,458][Trainer][INFO] - Epoch time: 228.13 s
[2026-08-12 04:58:10,326][Trainer][INFO] - 
[2026-08-12 04:58:10,326][Trainer][INFO] - Epoch 297
[2026-08-12 04:58:10,326][Trainer][INFO] - Current learning rate: 0.00016
[2026-08-12 05:01:58,677][Trainer][INFO] - train_loss -0.7968
[2026-08-12 05:01:58,677][Trainer][INFO] - val_loss -0.794
[2026-08-12 05:01:58,677][Trainer][INFO] - Pseudo dice 0.8019
[2026-08-12 05:01:58,677][Trainer][INFO] - Epoch time: 228.35 s
[2026-08-12 05:01:59,563][Trainer][INFO] - 
[2026-08-12 05:01:59,563][Trainer][INFO] - Epoch 298
[2026-08-12 05:01:59,563][Trainer][INFO] - Current learning rate: 0.00011
[2026-08-12 05:05:47,559][Trainer][INFO] - train_loss -0.7988
[2026-08-12 05:05:47,559][Trainer][INFO] - val_loss -0.7653
[2026-08-12 05:05:47,559][Trainer][INFO] - Pseudo dice 0.8514
[2026-08-12 05:05:47,559][Trainer][INFO] - Epoch time: 228.0 s
[2026-08-12 05:05:47,559][Trainer][INFO] - Yayy! New best EMA pseudo Dice: 0.8042
[2026-08-12 05:05:50,645][Trainer][INFO] - 
[2026-08-12 05:05:50,645][Trainer][INFO] - Epoch 299
[2026-08-12 05:05:50,645][Trainer][INFO] - Current learning rate: 6e-05
[2026-08-12 05:09:38,786][Trainer][INFO] - train_loss -0.7855
[2026-08-12 05:09:38,786][Trainer][INFO] - val_loss -0.7479
[2026-08-12 05:09:38,787][Trainer][INFO] - Pseudo dice 0.7606
[2026-08-12 05:09:38,787][Trainer][INFO] - Epoch time: 228.14 s
[2026-08-12 05:09:41,425][Trainer][INFO] - Training done.
[2026-08-12 05:09:41,434][root][INFO] - Training finished
[2026-08-12 05:09:41,468][root][INFO] - Starting validation
[2026-08-12 05:09:47,209][Trainer][INFO] - Using splits from existing split file: /home/hailt/BC_MAMAMIA/AutoNNUnet/data/nnUNet_preprocessed/Dataset501_MAMAMIA/splits_final.json
[2026-08-12 05:09:47,212][Trainer][INFO] - The split file contains 5 splits.
[2026-08-12 05:09:47,212][Trainer][INFO] - Desired fold for training: 2
[2026-08-12 05:09:47,212][Trainer][INFO] - This split has 960 training and 240 validation cases.
[2026-08-12 05:09:47,215][Trainer][INFO] - predicting DUKE_032
[2026-08-12 05:09:48,063][Trainer][INFO] - DUKE_032, shape torch.Size([3, 89, 422, 441]), rank 0
[2026-08-12 05:10:44,309][Trainer][INFO] - predicting DUKE_043
[2026-08-12 05:10:45,376][Trainer][INFO] - DUKE_043, shape torch.Size([3, 94, 481, 493]), rank 0
[2026-08-12 05:11:02,657][Trainer][INFO] - predicting DUKE_090
[2026-08-12 05:11:03,974][Trainer][INFO] - DUKE_090, shape torch.Size([3, 98, 483, 495]), rank 0
[2026-08-12 05:11:21,314][Trainer][INFO] - predicting DUKE_105
[2026-08-12 05:11:22,170][Trainer][INFO] - DUKE_105, shape torch.Size([3, 78, 450, 465]), rank 0
[2026-08-12 05:11:30,936][Trainer][INFO] - predicting DUKE_107
[2026-08-12 05:11:32,320][Trainer][INFO] - DUKE_107, shape torch.Size([3, 98, 531, 542]), rank 0
[2026-08-12 05:12:03,017][Trainer][INFO] - predicting DUKE_119
[2026-08-12 05:12:04,115][Trainer][INFO] - DUKE_119, shape torch.Size([3, 88, 454, 454]), rank 0
[2026-08-12 05:12:21,473][Trainer][INFO] - predicting DUKE_123
[2026-08-12 05:12:22,452][Trainer][INFO] - DUKE_123, shape torch.Size([3, 80, 469, 478]), rank 0
[2026-08-12 05:12:31,171][Trainer][INFO] - predicting DUKE_142
[2026-08-12 05:12:32,279][Trainer][INFO] - DUKE_142, shape torch.Size([3, 88, 454, 454]), rank 0
[2026-08-12 05:12:49,587][Trainer][INFO] - predicting DUKE_178
[2026-08-12 05:12:50,842][Trainer][INFO] - DUKE_178, shape torch.Size([3, 100, 480, 484]), rank 0
[2026-08-12 05:13:08,179][Trainer][INFO] - predicting DUKE_183
[2026-08-12 05:13:09,736][Trainer][INFO] - DUKE_183, shape torch.Size([3, 106, 482, 482]), rank 0
[2026-08-12 05:13:27,131][Trainer][INFO] - predicting DUKE_218
[2026-08-12 05:13:28,219][Trainer][INFO] - DUKE_218, shape torch.Size([3, 87, 495, 516]), rank 0
[2026-08-12 05:13:51,227][Trainer][INFO] - predicting DUKE_250
[2026-08-12 05:13:52,873][Trainer][INFO] - DUKE_250, shape torch.Size([3, 104, 511, 511]), rank 0
[2026-08-12 05:14:10,254][Trainer][INFO] - predicting DUKE_256
[2026-08-12 05:14:11,531][Trainer][INFO] - DUKE_256, shape torch.Size([3, 88, 482, 482]), rank 0
[2026-08-12 05:14:28,873][Trainer][INFO] - predicting DUKE_260
[2026-08-12 05:14:29,514][Trainer][INFO] - DUKE_260, shape torch.Size([3, 71, 389, 397]), rank 0
[2026-08-12 05:14:38,213][Trainer][INFO] - predicting DUKE_301
[2026-08-12 05:14:39,139][Trainer][INFO] - DUKE_301, shape torch.Size([3, 82, 469, 478]), rank 0
[2026-08-12 05:14:56,432][Trainer][INFO] - predicting DUKE_350
[2026-08-12 05:14:57,914][Trainer][INFO] - DUKE_350, shape torch.Size([3, 109, 503, 512]), rank 0
[2026-08-12 05:15:15,298][Trainer][INFO] - predicting DUKE_386
[2026-08-12 05:15:16,662][Trainer][INFO] - DUKE_386, shape torch.Size([3, 88, 511, 511]), rank 0
[2026-08-12 05:15:34,043][Trainer][INFO] - predicting DUKE_429
[2026-08-12 05:15:35,325][Trainer][INFO] - DUKE_429, shape torch.Size([3, 79, 510, 510]), rank 0
[2026-08-12 05:15:44,162][Trainer][INFO] - predicting DUKE_435
[2026-08-12 05:15:45,392][Trainer][INFO] - DUKE_435, shape torch.Size([3, 88, 518, 530]), rank 0
[2026-08-12 05:16:16,058][Trainer][INFO] - predicting DUKE_441
[2026-08-12 05:16:16,891][Trainer][INFO] - DUKE_441, shape torch.Size([3, 75, 457, 477]), rank 0
[2026-08-12 05:16:25,661][Trainer][INFO] - predicting DUKE_489
[2026-08-12 05:16:26,946][Trainer][INFO] - DUKE_489, shape torch.Size([3, 88, 482, 482]), rank 0
[2026-08-12 05:16:44,243][Trainer][INFO] - predicting DUKE_507
[2026-08-12 05:16:45,370][Trainer][INFO] - DUKE_507, shape torch.Size([3, 88, 512, 530]), rank 0
[2026-08-12 05:17:08,388][Trainer][INFO] - predicting DUKE_552
[2026-08-12 05:17:09,142][Trainer][INFO] - DUKE_552, shape torch.Size([3, 77, 420, 426]), rank 0
[2026-08-12 05:17:17,891][Trainer][INFO] - predicting DUKE_558
[2026-08-12 05:17:18,757][Trainer][INFO] - DUKE_558, shape torch.Size([3, 71, 469, 475]), rank 0
[2026-08-12 05:17:27,523][Trainer][INFO] - predicting DUKE_641
[2026-08-12 05:17:28,887][Trainer][INFO] - DUKE_641, shape torch.Size([3, 88, 497, 497]), rank 0
[2026-08-12 05:17:46,236][Trainer][INFO] - predicting DUKE_656
[2026-08-12 05:17:47,380][Trainer][INFO] - DUKE_656, shape torch.Size([3, 88, 454, 454]), rank 0
[2026-08-12 05:18:04,712][Trainer][INFO] - predicting DUKE_672
[2026-08-12 05:18:05,732][Trainer][INFO] - DUKE_672, shape torch.Size([3, 85, 488, 504]), rank 0
[2026-08-12 05:18:23,038][Trainer][INFO] - predicting DUKE_697
[2026-08-12 05:18:24,726][Trainer][INFO] - DUKE_697, shape torch.Size([3, 104, 525, 525]), rank 0
[2026-08-12 05:18:55,455][Trainer][INFO] - predicting DUKE_717
[2026-08-12 05:18:57,356][Trainer][INFO] - DUKE_717, shape torch.Size([3, 90, 568, 568]), rank 0
[2026-08-12 05:19:28,040][Trainer][INFO] - predicting DUKE_751
[2026-08-12 05:19:29,267][Trainer][INFO] - DUKE_751, shape torch.Size([3, 101, 471, 483]), rank 0
[2026-08-12 05:19:46,628][Trainer][INFO] - predicting DUKE_809
[2026-08-12 05:19:47,778][Trainer][INFO] - DUKE_809, shape torch.Size([3, 80, 502, 503]), rank 0
[2026-08-12 05:19:56,520][Trainer][INFO] - predicting DUKE_816
[2026-08-12 05:19:57,746][Trainer][INFO] - DUKE_816, shape torch.Size([3, 102, 477, 494]), rank 0
[2026-08-12 05:20:15,056][Trainer][INFO] - predicting DUKE_822
[2026-08-12 05:20:16,150][Trainer][INFO] - DUKE_822, shape torch.Size([3, 87, 504, 506]), rank 0
[2026-08-12 05:20:33,433][Trainer][INFO] - predicting DUKE_834
[2026-08-12 05:20:34,413][Trainer][INFO] - DUKE_834, shape torch.Size([3, 83, 493, 504]), rank 0
[2026-08-12 05:20:51,677][Trainer][INFO] - predicting DUKE_873
[2026-08-12 05:20:53,324][Trainer][INFO] - DUKE_873, shape torch.Size([3, 106, 546, 560]), rank 0
[2026-08-12 05:21:23,983][Trainer][INFO] - predicting DUKE_884
[2026-08-12 05:21:25,033][Trainer][INFO] - DUKE_884, shape torch.Size([3, 85, 493, 504]), rank 0
[2026-08-12 05:21:42,341][Trainer][INFO] - predicting ISPY1_1001
[2026-08-12 05:21:42,671][Trainer][INFO] - ISPY1_1001, shape torch.Size([3, 60, 284, 284]), rank 0
[2026-08-12 05:21:46,540][Trainer][INFO] - predicting ISPY1_1003
[2026-08-12 05:21:46,817][Trainer][INFO] - ISPY1_1003, shape torch.Size([3, 60, 284, 284]), rank 0
[2026-08-12 05:21:50,682][Trainer][INFO] - predicting ISPY1_1025
[2026-08-12 05:21:51,003][Trainer][INFO] - ISPY1_1025, shape torch.Size([3, 69, 284, 284]), rank 0
[2026-08-12 05:21:54,881][Trainer][INFO] - predicting ISPY1_1032
[2026-08-12 05:21:55,164][Trainer][INFO] - ISPY1_1032, shape torch.Size([3, 60, 284, 284]), rank 0
[2026-08-12 05:21:59,035][Trainer][INFO] - predicting ISPY1_1073
[2026-08-12 05:21:59,191][Trainer][INFO] - ISPY1_1073, shape torch.Size([3, 70, 256, 256]), rank 0
[2026-08-12 05:22:00,213][Trainer][INFO] - predicting ISPY1_1083
[2026-08-12 05:22:00,371][Trainer][INFO] - ISPY1_1083, shape torch.Size([3, 70, 256, 256]), rank 0
[2026-08-12 05:22:01,392][Trainer][INFO] - predicting ISPY1_1096
[2026-08-12 05:22:01,567][Trainer][INFO] - ISPY1_1096, shape torch.Size([3, 45, 256, 256]), rank 0
[2026-08-12 05:22:02,584][Trainer][INFO] - predicting ISPY1_1107
[2026-08-12 05:22:02,730][Trainer][INFO] - ISPY1_1107, shape torch.Size([3, 72, 256, 256]), rank 0
[2026-08-12 05:22:03,752][Trainer][INFO] - predicting ISPY1_1124
[2026-08-12 05:22:03,934][Trainer][INFO] - ISPY1_1124, shape torch.Size([3, 60, 213, 272]), rank 0
[2026-08-12 05:22:05,886][Trainer][INFO] - predicting ISPY1_1128
[2026-08-12 05:22:06,168][Trainer][INFO] - ISPY1_1128, shape torch.Size([3, 60, 284, 284]), rank 0
[2026-08-12 05:22:10,036][Trainer][INFO] - predicting ISPY1_1155
[2026-08-12 05:22:10,191][Trainer][INFO] - ISPY1_1155, shape torch.Size([3, 64, 256, 256]), rank 0
[2026-08-12 05:22:11,207][Trainer][INFO] - predicting ISPY1_1166
[2026-08-12 05:22:11,566][Trainer][INFO] - ISPY1_1166, shape torch.Size([3, 78, 257, 313]), rank 0
[2026-08-12 05:22:15,468][Trainer][INFO] - predicting ISPY1_1188
[2026-08-12 05:22:15,798][Trainer][INFO] - ISPY1_1188, shape torch.Size([3, 70, 284, 284]), rank 0
[2026-08-12 05:22:19,679][Trainer][INFO] - predicting ISPY1_1189
[2026-08-12 05:22:20,139][Trainer][INFO] - ISPY1_1189, shape torch.Size([3, 69, 341, 341]), rank 0
[2026-08-12 05:22:24,054][Trainer][INFO] - predicting ISPY1_1198
[2026-08-12 05:22:24,278][Trainer][INFO] - ISPY1_1198, shape torch.Size([3, 73, 256, 256]), rank 0
[2026-08-12 05:22:25,316][Trainer][INFO] - predicting ISPY1_1207
[2026-08-12 05:22:25,987][Trainer][INFO] - ISPY1_1207, shape torch.Size([3, 75, 398, 398]), rank 0
[2026-08-12 05:22:34,676][Trainer][INFO] - predicting ISPY1_1209
[2026-08-12 05:22:34,848][Trainer][INFO] - ISPY1_1209, shape torch.Size([3, 70, 256, 256]), rank 0
[2026-08-12 05:22:35,873][Trainer][INFO] - predicting ISPY1_1217
[2026-08-12 05:22:36,065][Trainer][INFO] - ISPY1_1217, shape torch.Size([3, 70, 256, 256]), rank 0
[2026-08-12 05:22:37,087][Trainer][INFO] - predicting ISPY1_1228
[2026-08-12 05:22:38,095][Trainer][INFO] - ISPY1_1228, shape torch.Size([3, 192, 313, 313]), rank 0
[2026-08-12 05:22:53,501][Trainer][INFO] - predicting ISPY2_104384
[2026-08-12 05:22:53,743][Trainer][INFO] - ISPY2_104384, shape torch.Size([3, 80, 228, 228]), rank 0
[2026-08-12 05:22:54,772][Trainer][INFO] - predicting ISPY2_111344
[2026-08-12 05:22:55,194][Trainer][INFO] - ISPY2_111344, shape torch.Size([3, 90, 314, 320]), rank 0
[2026-08-12 05:23:02,867][Trainer][INFO] - predicting ISPY2_118307
[2026-08-12 05:23:03,079][Trainer][INFO] - ISPY2_118307, shape torch.Size([3, 79, 256, 251]), rank 0
[2026-08-12 05:23:04,107][Trainer][INFO] - predicting ISPY2_125418
[2026-08-12 05:23:04,341][Trainer][INFO] - ISPY2_125418, shape torch.Size([3, 81, 213, 213]), rank 0
[2026-08-12 05:23:22,909][Trainer][INFO] - predicting ISPY2_127675
[2026-08-12 05:23:23,207][Trainer][INFO] - ISPY2_127675, shape torch.Size([3, 80, 270, 263]), rank 0
[2026-08-12 05:23:27,040][Trainer][INFO] - predicting ISPY2_127791
[2026-08-12 05:23:27,221][Trainer][INFO] - ISPY2_127791, shape torch.Size([3, 80, 209, 220]), rank 0
[2026-08-12 05:23:28,217][Trainer][INFO] - predicting ISPY2_129837
[2026-08-12 05:23:28,499][Trainer][INFO] - ISPY2_129837, shape torch.Size([3, 80, 270, 270]), rank 0
[2026-08-12 05:23:32,341][Trainer][INFO] - predicting ISPY2_138027
[2026-08-12 05:23:32,549][Trainer][INFO] - ISPY2_138027, shape torch.Size([3, 80, 213, 213]), rank 0
[2026-08-12 05:23:33,542][Trainer][INFO] - predicting ISPY2_147139
[2026-08-12 05:23:33,828][Trainer][INFO] - ISPY2_147139, shape torch.Size([3, 80, 256, 255]), rank 0
[2026-08-12 05:23:34,852][Trainer][INFO] - predicting ISPY2_153327
[2026-08-12 05:23:35,080][Trainer][INFO] - ISPY2_153327, shape torch.Size([3, 80, 235, 235]), rank 0
[2026-08-12 05:23:36,094][Trainer][INFO] - predicting ISPY2_153880
[2026-08-12 05:23:36,339][Trainer][INFO] - ISPY2_153880, shape torch.Size([3, 80, 249, 248]), rank 0
[2026-08-12 05:23:37,356][Trainer][INFO] - predicting ISPY2_164468
[2026-08-12 05:23:37,556][Trainer][INFO] - ISPY2_164468, shape torch.Size([3, 79, 256, 256]), rank 0
[2026-08-12 05:23:38,575][Trainer][INFO] - predicting ISPY2_166412
[2026-08-12 05:23:38,812][Trainer][INFO] - ISPY2_166412, shape torch.Size([3, 80, 228, 228]), rank 0
[2026-08-12 05:23:39,810][Trainer][INFO] - predicting ISPY2_169918
[2026-08-12 05:23:40,063][Trainer][INFO] - ISPY2_169918, shape torch.Size([3, 80, 235, 235]), rank 0
[2026-08-12 05:23:41,077][Trainer][INFO] - predicting ISPY2_174904
[2026-08-12 05:23:41,446][Trainer][INFO] - ISPY2_174904, shape torch.Size([3, 80, 284, 283]), rank 0
[2026-08-12 05:23:45,303][Trainer][INFO] - predicting ISPY2_177795
[2026-08-12 05:23:45,508][Trainer][INFO] - ISPY2_177795, shape torch.Size([3, 79, 206, 206]), rank 0
[2026-08-12 05:23:46,510][Trainer][INFO] - predicting ISPY2_178649
[2026-08-12 05:23:46,922][Trainer][INFO] - ISPY2_178649, shape torch.Size([3, 80, 328, 328]), rank 0
[2026-08-12 05:23:50,793][Trainer][INFO] - predicting ISPY2_178815
[2026-08-12 05:23:51,021][Trainer][INFO] - ISPY2_178815, shape torch.Size([3, 80, 213, 213]), rank 0
[2026-08-12 05:23:52,043][Trainer][INFO] - predicting ISPY2_188511
[2026-08-12 05:23:53,233][Trainer][INFO] - ISPY2_188511, shape torch.Size([3, 88, 482, 482]), rank 0
[2026-08-12 05:24:10,480][Trainer][INFO] - predicting ISPY2_188700
[2026-08-12 05:24:10,771][Trainer][INFO] - ISPY2_188700, shape torch.Size([3, 80, 244, 244]), rank 0
[2026-08-12 05:24:11,793][Trainer][INFO] - predicting ISPY2_220471
[2026-08-12 05:24:12,737][Trainer][INFO] - ISPY2_220471, shape torch.Size([3, 80, 454, 454]), rank 0
[2026-08-12 05:24:21,413][Trainer][INFO] - predicting ISPY2_234723
[2026-08-12 05:24:21,693][Trainer][INFO] - ISPY2_234723, shape torch.Size([3, 80, 242, 242]), rank 0
[2026-08-12 05:24:22,718][Trainer][INFO] - predicting ISPY2_239910
[2026-08-12 05:24:22,995][Trainer][INFO] - ISPY2_239910, shape torch.Size([3, 80, 256, 256]), rank 0
[2026-08-12 05:24:23,993][Trainer][INFO] - predicting ISPY2_242370
[2026-08-12 05:24:24,195][Trainer][INFO] - ISPY2_242370, shape torch.Size([3, 79, 256, 256]), rank 0
[2026-08-12 05:24:25,216][Trainer][INFO] - predicting ISPY2_248255
[2026-08-12 05:24:25,486][Trainer][INFO] - ISPY2_248255, shape torch.Size([3, 80, 249, 248]), rank 0
[2026-08-12 05:24:26,510][Trainer][INFO] - predicting ISPY2_250274
[2026-08-12 05:24:26,691][Trainer][INFO] - ISPY2_250274, shape torch.Size([3, 79, 206, 206]), rank 0
[2026-08-12 05:24:27,691][Trainer][INFO] - predicting ISPY2_257735
[2026-08-12 05:24:27,887][Trainer][INFO] - ISPY2_257735, shape torch.Size([3, 80, 227, 228]), rank 0
[2026-08-12 05:24:28,889][Trainer][INFO] - predicting ISPY2_266840
[2026-08-12 05:24:29,096][Trainer][INFO] - ISPY2_266840, shape torch.Size([3, 80, 220, 220]), rank 0
[2026-08-12 05:24:30,095][Trainer][INFO] - predicting ISPY2_268937
[2026-08-12 05:24:30,348][Trainer][INFO] - ISPY2_268937, shape torch.Size([3, 79, 235, 235]), rank 0
[2026-08-12 05:24:31,373][Trainer][INFO] - predicting ISPY2_279902
[2026-08-12 05:24:31,549][Trainer][INFO] - ISPY2_279902, shape torch.Size([3, 79, 256, 256]), rank 0
[2026-08-12 05:24:32,566][Trainer][INFO] - predicting ISPY2_284443
[2026-08-12 05:24:32,823][Trainer][INFO] - ISPY2_284443, shape torch.Size([3, 80, 242, 242]), rank 0
[2026-08-12 05:24:33,839][Trainer][INFO] - predicting ISPY2_285339
[2026-08-12 05:24:34,055][Trainer][INFO] - ISPY2_285339, shape torch.Size([3, 80, 243, 243]), rank 0
[2026-08-12 05:24:35,069][Trainer][INFO] - predicting ISPY2_287961
[2026-08-12 05:24:35,304][Trainer][INFO] - ISPY2_287961, shape torch.Size([3, 80, 228, 228]), rank 0
[2026-08-12 05:24:36,312][Trainer][INFO] - predicting ISPY2_289420
[2026-08-12 05:24:36,516][Trainer][INFO] - ISPY2_289420, shape torch.Size([3, 80, 213, 213]), rank 0
[2026-08-12 05:24:37,511][Trainer][INFO] - predicting ISPY2_291515
[2026-08-12 05:24:37,724][Trainer][INFO] - ISPY2_291515, shape torch.Size([3, 80, 228, 228]), rank 0
[2026-08-12 05:24:38,732][Trainer][INFO] - predicting ISPY2_294176
[2026-08-12 05:24:38,896][Trainer][INFO] - ISPY2_294176, shape torch.Size([3, 64, 213, 212]), rank 0
[2026-08-12 05:24:39,892][Trainer][INFO] - predicting ISPY2_294739
[2026-08-12 05:24:40,091][Trainer][INFO] - ISPY2_294739, shape torch.Size([3, 80, 256, 256]), rank 0
[2026-08-12 05:24:41,093][Trainer][INFO] - predicting ISPY2_296841
[2026-08-12 05:24:41,354][Trainer][INFO] - ISPY2_296841, shape torch.Size([3, 80, 249, 247]), rank 0
[2026-08-12 05:24:42,381][Trainer][INFO] - predicting ISPY2_299962
[2026-08-12 05:24:42,605][Trainer][INFO] - ISPY2_299962, shape torch.Size([3, 80, 256, 256]), rank 0
[2026-08-12 05:24:43,604][Trainer][INFO] - predicting ISPY2_306127
[2026-08-12 05:24:44,011][Trainer][INFO] - ISPY2_306127, shape torch.Size([3, 80, 294, 293]), rank 0
[2026-08-12 05:24:47,878][Trainer][INFO] - predicting ISPY2_317402
[2026-08-12 05:24:48,112][Trainer][INFO] - ISPY2_317402, shape torch.Size([3, 79, 228, 226]), rank 0
[2026-08-12 05:24:49,112][Trainer][INFO] - predicting ISPY2_320538
[2026-08-12 05:24:49,304][Trainer][INFO] - ISPY2_320538, shape torch.Size([3, 79, 256, 256]), rank 0
[2026-08-12 05:24:50,329][Trainer][INFO] - predicting ISPY2_323721
[2026-08-12 05:24:50,518][Trainer][INFO] - ISPY2_323721, shape torch.Size([3, 79, 256, 256]), rank 0
[2026-08-12 05:24:51,536][Trainer][INFO] - predicting ISPY2_329941
[2026-08-12 05:24:51,741][Trainer][INFO] - ISPY2_329941, shape torch.Size([3, 79, 256, 251]), rank 0
[2026-08-12 05:24:52,761][Trainer][INFO] - predicting ISPY2_330134
[2026-08-12 05:24:53,095][Trainer][INFO] - ISPY2_330134, shape torch.Size([3, 91, 320, 318]), rank 0
[2026-08-12 05:25:00,755][Trainer][INFO] - predicting ISPY2_341238
[2026-08-12 05:25:00,957][Trainer][INFO] - ISPY2_341238, shape torch.Size([3, 80, 256, 256]), rank 0
[2026-08-12 05:25:01,962][Trainer][INFO] - predicting ISPY2_343898
[2026-08-12 05:25:02,212][Trainer][INFO] - ISPY2_343898, shape torch.Size([3, 80, 242, 242]), rank 0
[2026-08-12 05:25:03,237][Trainer][INFO] - predicting ISPY2_345483
[2026-08-12 05:25:04,884][Trainer][INFO] - ISPY2_345483, shape torch.Size([3, 97, 539, 539]), rank 0
[2026-08-12 05:25:35,471][Trainer][INFO] - predicting ISPY2_348009
[2026-08-12 05:25:35,756][Trainer][INFO] - ISPY2_348009, shape torch.Size([3, 80, 220, 220]), rank 0
[2026-08-12 05:25:36,769][Trainer][INFO] - predicting ISPY2_349330
[2026-08-12 05:25:36,987][Trainer][INFO] - ISPY2_349330, shape torch.Size([3, 80, 228, 228]), rank 0
[2026-08-12 05:25:37,984][Trainer][INFO] - predicting ISPY2_356684
[2026-08-12 05:25:38,486][Trainer][INFO] - ISPY2_356684, shape torch.Size([3, 90, 329, 324]), rank 0
[2026-08-12 05:25:46,159][Trainer][INFO] - predicting ISPY2_366120
[2026-08-12 05:25:46,594][Trainer][INFO] - ISPY2_366120, shape torch.Size([3, 80, 306, 305]), rank 0
[2026-08-12 05:25:50,474][Trainer][INFO] - predicting ISPY2_375455
[2026-08-12 05:25:50,710][Trainer][INFO] - ISPY2_375455, shape torch.Size([3, 80, 220, 220]), rank 0
[2026-08-12 05:25:51,718][Trainer][INFO] - predicting ISPY2_376676
[2026-08-12 05:25:51,897][Trainer][INFO] - ISPY2_376676, shape torch.Size([3, 80, 213, 213]), rank 0
[2026-08-12 05:25:52,901][Trainer][INFO] - predicting ISPY2_380769
[2026-08-12 05:25:53,091][Trainer][INFO] - ISPY2_380769, shape torch.Size([3, 80, 256, 256]), rank 0
[2026-08-12 05:25:54,093][Trainer][INFO] - predicting ISPY2_383456
[2026-08-12 05:25:54,322][Trainer][INFO] - ISPY2_383456, shape torch.Size([3, 79, 232, 242]), rank 0
[2026-08-12 05:25:55,343][Trainer][INFO] - predicting ISPY2_395249
[2026-08-12 05:25:55,532][Trainer][INFO] - ISPY2_395249, shape torch.Size([3, 80, 213, 213]), rank 0
[2026-08-12 05:25:56,533][Trainer][INFO] - predicting ISPY2_396723
[2026-08-12 05:25:56,715][Trainer][INFO] - ISPY2_396723, shape torch.Size([3, 80, 256, 255]), rank 0
[2026-08-12 05:25:57,733][Trainer][INFO] - predicting ISPY2_402265
[2026-08-12 05:25:58,085][Trainer][INFO] - ISPY2_402265, shape torch.Size([3, 80, 284, 284]), rank 0
[2026-08-12 05:26:01,945][Trainer][INFO] - predicting ISPY2_407539
[2026-08-12 05:26:02,153][Trainer][INFO] - ISPY2_407539, shape torch.Size([3, 80, 256, 256]), rank 0
[2026-08-12 05:26:03,152][Trainer][INFO] - predicting ISPY2_410083
[2026-08-12 05:26:03,693][Trainer][INFO] - ISPY2_410083, shape torch.Size([3, 100, 384, 384]), rank 0
[2026-08-12 05:26:11,406][Trainer][INFO] - predicting ISPY2_422013
[2026-08-12 05:26:11,561][Trainer][INFO] - ISPY2_422013, shape torch.Size([3, 80, 191, 192]), rank 0
[2026-08-12 05:26:12,559][Trainer][INFO] - predicting ISPY2_422450
[2026-08-12 05:26:13,398][Trainer][INFO] - ISPY2_422450, shape torch.Size([3, 80, 426, 426]), rank 0
[2026-08-12 05:26:22,057][Trainer][INFO] - predicting ISPY2_422454
[2026-08-12 05:26:23,019][Trainer][INFO] - ISPY2_422454, shape torch.Size([3, 88, 426, 426]), rank 0
[2026-08-12 05:26:40,253][Trainer][INFO] - predicting ISPY2_424541
[2026-08-12 05:26:40,503][Trainer][INFO] - ISPY2_424541, shape torch.Size([3, 80, 213, 213]), rank 0
[2026-08-12 05:26:41,508][Trainer][INFO] - predicting ISPY2_429220
[2026-08-12 05:26:41,710][Trainer][INFO] - ISPY2_429220, shape torch.Size([3, 100, 256, 256]), rank 0
[2026-08-12 05:26:43,672][Trainer][INFO] - predicting ISPY2_431061
[2026-08-12 05:26:43,966][Trainer][INFO] - ISPY2_431061, shape torch.Size([3, 81, 263, 259]), rank 0
[2026-08-12 05:26:51,620][Trainer][INFO] - predicting ISPY2_432114
[2026-08-12 05:26:51,971][Trainer][INFO] - ISPY2_432114, shape torch.Size([3, 80, 284, 278]), rank 0
[2026-08-12 05:26:55,829][Trainer][INFO] - predicting ISPY2_442981
[2026-08-12 05:26:56,055][Trainer][INFO] - ISPY2_442981, shape torch.Size([3, 81, 213, 213]), rank 0
[2026-08-12 05:26:58,007][Trainer][INFO] - predicting ISPY2_451482
[2026-08-12 05:26:59,417][Trainer][INFO] - ISPY2_451482, shape torch.Size([3, 100, 509, 512]), rank 0
[2026-08-12 05:27:16,681][Trainer][INFO] - predicting ISPY2_455828
[2026-08-12 05:27:16,983][Trainer][INFO] - ISPY2_455828, shape torch.Size([3, 80, 228, 228]), rank 0
[2026-08-12 05:27:17,991][Trainer][INFO] - predicting ISPY2_460642
[2026-08-12 05:27:18,264][Trainer][INFO] - ISPY2_460642, shape torch.Size([3, 80, 249, 249]), rank 0
[2026-08-12 05:27:19,282][Trainer][INFO] - predicting ISPY2_465008
[2026-08-12 05:27:19,467][Trainer][INFO] - ISPY2_465008, shape torch.Size([3, 79, 256, 253]), rank 0
[2026-08-12 05:27:20,488][Trainer][INFO] - predicting ISPY2_478055
[2026-08-12 05:27:20,749][Trainer][INFO] - ISPY2_478055, shape torch.Size([3, 80, 242, 242]), rank 0
[2026-08-12 05:27:21,767][Trainer][INFO] - predicting ISPY2_483667
[2026-08-12 05:27:22,023][Trainer][INFO] - ISPY2_483667, shape torch.Size([3, 80, 235, 235]), rank 0
[2026-08-12 05:27:23,041][Trainer][INFO] - predicting ISPY2_483910
[2026-08-12 05:27:23,943][Trainer][INFO] - ISPY2_483910, shape torch.Size([3, 112, 375, 455]), rank 0
[2026-08-12 05:27:35,450][Trainer][INFO] - predicting ISPY2_485637
[2026-08-12 05:27:36,350][Trainer][INFO] - ISPY2_485637, shape torch.Size([3, 99, 359, 484]), rank 0
[2026-08-12 05:27:47,883][Trainer][INFO] - predicting ISPY2_489194
[2026-08-12 05:27:48,094][Trainer][INFO] - ISPY2_489194, shape torch.Size([3, 79, 256, 256]), rank 0
[2026-08-12 05:27:49,118][Trainer][INFO] - predicting ISPY2_490023
[2026-08-12 05:27:49,312][Trainer][INFO] - ISPY2_490023, shape torch.Size([3, 80, 256, 256]), rank 0
[2026-08-12 05:27:50,311][Trainer][INFO] - predicting ISPY2_490805
[2026-08-12 05:27:50,509][Trainer][INFO] - ISPY2_490805, shape torch.Size([3, 79, 213, 213]), rank 0
[2026-08-12 05:27:51,524][Trainer][INFO] - predicting ISPY2_491779
[2026-08-12 05:27:52,750][Trainer][INFO] - ISPY2_491779, shape torch.Size([3, 80, 511, 511]), rank 0
[2026-08-12 05:28:01,447][Trainer][INFO] - predicting ISPY2_493472
[2026-08-12 05:28:01,725][Trainer][INFO] - ISPY2_493472, shape torch.Size([3, 81, 213, 213]), rank 0
[2026-08-12 05:28:03,674][Trainer][INFO] - predicting ISPY2_493775
[2026-08-12 05:28:03,855][Trainer][INFO] - ISPY2_493775, shape torch.Size([3, 80, 256, 256]), rank 0
[2026-08-12 05:28:04,862][Trainer][INFO] - predicting ISPY2_497010
[2026-08-12 05:28:05,046][Trainer][INFO] - ISPY2_497010, shape torch.Size([3, 80, 256, 256]), rank 0
[2026-08-12 05:28:06,055][Trainer][INFO] - predicting ISPY2_503034
[2026-08-12 05:28:06,249][Trainer][INFO] - ISPY2_503034, shape torch.Size([3, 80, 256, 256]), rank 0
[2026-08-12 05:28:07,260][Trainer][INFO] - predicting ISPY2_509012
[2026-08-12 05:28:08,588][Trainer][INFO] - ISPY2_509012, shape torch.Size([3, 100, 482, 482]), rank 0
[2026-08-12 05:28:25,878][Trainer][INFO] - predicting ISPY2_511851
[2026-08-12 05:28:26,222][Trainer][INFO] - ISPY2_511851, shape torch.Size([3, 80, 260, 260]), rank 0
[2026-08-12 05:28:30,111][Trainer][INFO] - predicting ISPY2_515105
[2026-08-12 05:28:30,457][Trainer][INFO] - ISPY2_515105, shape torch.Size([3, 80, 284, 279]), rank 0
[2026-08-12 05:28:34,324][Trainer][INFO] - predicting ISPY2_515141
[2026-08-12 05:28:35,546][Trainer][INFO] - ISPY2_515141, shape torch.Size([3, 86, 496, 496]), rank 0
[2026-08-12 05:28:52,796][Trainer][INFO] - predicting ISPY2_515565
[2026-08-12 05:28:54,771][Trainer][INFO] - ISPY2_515565, shape torch.Size([3, 86, 624, 624]), rank 0
[2026-08-12 05:29:25,431][Trainer][INFO] - predicting ISPY2_517446
[2026-08-12 05:29:25,717][Trainer][INFO] - ISPY2_517446, shape torch.Size([3, 79, 213, 213]), rank 0
[2026-08-12 05:29:26,729][Trainer][INFO] - predicting ISPY2_522140
[2026-08-12 05:29:26,942][Trainer][INFO] - ISPY2_522140, shape torch.Size([3, 79, 256, 256]), rank 0
[2026-08-12 05:29:27,964][Trainer][INFO] - predicting ISPY2_530095
[2026-08-12 05:29:28,159][Trainer][INFO] - ISPY2_530095, shape torch.Size([3, 80, 256, 256]), rank 0
[2026-08-12 05:29:29,160][Trainer][INFO] - predicting ISPY2_535415
[2026-08-12 05:29:29,391][Trainer][INFO] - ISPY2_535415, shape torch.Size([3, 77, 228, 225]), rank 0
[2026-08-12 05:29:30,397][Trainer][INFO] - predicting ISPY2_551795
[2026-08-12 05:29:30,582][Trainer][INFO] - ISPY2_551795, shape torch.Size([3, 80, 256, 256]), rank 0
[2026-08-12 05:29:31,585][Trainer][INFO] - predicting ISPY2_559263
[2026-08-12 05:29:31,774][Trainer][INFO] - ISPY2_559263, shape torch.Size([3, 80, 256, 256]), rank 0
[2026-08-12 05:29:32,780][Trainer][INFO] - predicting ISPY2_563681
[2026-08-12 05:29:32,988][Trainer][INFO] - ISPY2_563681, shape torch.Size([3, 80, 213, 213]), rank 0
[2026-08-12 05:29:33,994][Trainer][INFO] - predicting ISPY2_563856
[2026-08-12 05:29:34,187][Trainer][INFO] - ISPY2_563856, shape torch.Size([3, 80, 213, 213]), rank 0
[2026-08-12 05:29:35,178][Trainer][INFO] - predicting ISPY2_572235
[2026-08-12 05:29:35,392][Trainer][INFO] - ISPY2_572235, shape torch.Size([3, 80, 235, 235]), rank 0
[2026-08-12 05:29:36,388][Trainer][INFO] - predicting ISPY2_573586
[2026-08-12 05:29:36,656][Trainer][INFO] - ISPY2_573586, shape torch.Size([3, 84, 242, 242]), rank 0
[2026-08-12 05:29:38,637][Trainer][INFO] - predicting ISPY2_574091
[2026-08-12 05:29:38,869][Trainer][INFO] - ISPY2_574091, shape torch.Size([3, 80, 228, 228]), rank 0
[2026-08-12 05:29:39,866][Trainer][INFO] - predicting ISPY2_589502
[2026-08-12 05:29:40,047][Trainer][INFO] - ISPY2_589502, shape torch.Size([3, 80, 256, 253]), rank 0
[2026-08-12 05:29:41,066][Trainer][INFO] - predicting ISPY2_591810
[2026-08-12 05:29:41,298][Trainer][INFO] - ISPY2_591810, shape torch.Size([3, 80, 242, 237]), rank 0
[2026-08-12 05:29:42,318][Trainer][INFO] - predicting ISPY2_598798
[2026-08-12 05:29:43,611][Trainer][INFO] - ISPY2_598798, shape torch.Size([3, 88, 511, 511]), rank 0
[2026-08-12 05:30:00,861][Trainer][INFO] - predicting ISPY2_601489
[2026-08-12 05:30:01,514][Trainer][INFO] - ISPY2_601489, shape torch.Size([3, 90, 356, 353]), rank 0
[2026-08-12 05:30:09,245][Trainer][INFO] - predicting ISPY2_602451
[2026-08-12 05:30:10,670][Trainer][INFO] - ISPY2_602451, shape torch.Size([3, 97, 496, 496]), rank 0
[2026-08-12 05:30:27,943][Trainer][INFO] - predicting ISPY2_604326
[2026-08-12 05:30:28,189][Trainer][INFO] - ISPY2_604326, shape torch.Size([3, 79, 256, 256]), rank 0
[2026-08-12 05:30:29,216][Trainer][INFO] - predicting ISPY2_611662
[2026-08-12 05:30:29,418][Trainer][INFO] - ISPY2_611662, shape torch.Size([3, 79, 228, 225]), rank 0
[2026-08-12 05:30:30,420][Trainer][INFO] - predicting ISPY2_618717
[2026-08-12 05:30:30,675][Trainer][INFO] - ISPY2_618717, shape torch.Size([3, 80, 242, 242]), rank 0
[2026-08-12 05:30:31,668][Trainer][INFO] - predicting ISPY2_625854
[2026-08-12 05:30:31,934][Trainer][INFO] - ISPY2_625854, shape torch.Size([3, 80, 242, 241]), rank 0
[2026-08-12 05:30:32,950][Trainer][INFO] - predicting ISPY2_628823
[2026-08-12 05:30:33,347][Trainer][INFO] - ISPY2_628823, shape torch.Size([3, 84, 299, 288]), rank 0
[2026-08-12 05:30:41,009][Trainer][INFO] - predicting ISPY2_629210
[2026-08-12 05:30:41,201][Trainer][INFO] - ISPY2_629210, shape torch.Size([3, 80, 256, 254]), rank 0
[2026-08-12 05:30:42,226][Trainer][INFO] - predicting ISPY2_629606
[2026-08-12 05:30:43,183][Trainer][INFO] - ISPY2_629606, shape torch.Size([3, 80, 454, 454]), rank 0
[2026-08-12 05:30:51,857][Trainer][INFO] - predicting ISPY2_635632
[2026-08-12 05:30:52,147][Trainer][INFO] - ISPY2_635632, shape torch.Size([3, 80, 242, 242]), rank 0
[2026-08-12 05:30:53,167][Trainer][INFO] - predicting ISPY2_636424
[2026-08-12 05:30:53,423][Trainer][INFO] - ISPY2_636424, shape torch.Size([3, 80, 235, 235]), rank 0
[2026-08-12 05:30:54,433][Trainer][INFO] - predicting ISPY2_641697
[2026-08-12 05:30:54,628][Trainer][INFO] - ISPY2_641697, shape torch.Size([3, 80, 228, 228]), rank 0
[2026-08-12 05:30:55,621][Trainer][INFO] - predicting ISPY2_650589
[2026-08-12 05:30:56,446][Trainer][INFO] - ISPY2_650589, shape torch.Size([3, 80, 426, 426]), rank 0
[2026-08-12 05:31:05,110][Trainer][INFO] - predicting ISPY2_652480
[2026-08-12 05:31:05,330][Trainer][INFO] - ISPY2_652480, shape torch.Size([3, 80, 213, 213]), rank 0
[2026-08-12 05:31:06,341][Trainer][INFO] - predicting ISPY2_653325
[2026-08-12 05:31:06,593][Trainer][INFO] - ISPY2_653325, shape torch.Size([3, 80, 242, 238]), rank 0
[2026-08-12 05:31:07,604][Trainer][INFO] - predicting ISPY2_654064
[2026-08-12 05:31:07,869][Trainer][INFO] - ISPY2_654064, shape torch.Size([3, 80, 249, 249]), rank 0
[2026-08-12 05:31:08,888][Trainer][INFO] - predicting ISPY2_660915
[2026-08-12 05:31:09,101][Trainer][INFO] - ISPY2_660915, shape torch.Size([3, 80, 228, 228]), rank 0
[2026-08-12 05:31:10,100][Trainer][INFO] - predicting ISPY2_663144
[2026-08-12 05:31:10,361][Trainer][INFO] - ISPY2_663144, shape torch.Size([3, 80, 242, 242]), rank 0
[2026-08-12 05:31:11,361][Trainer][INFO] - predicting ISPY2_683173
[2026-08-12 05:31:11,578][Trainer][INFO] - ISPY2_683173, shape torch.Size([3, 80, 228, 228]), rank 0
[2026-08-12 05:31:12,577][Trainer][INFO] - predicting ISPY2_687288
[2026-08-12 05:31:12,826][Trainer][INFO] - ISPY2_687288, shape torch.Size([3, 79, 235, 235]), rank 0
[2026-08-12 05:31:13,827][Trainer][INFO] - predicting ISPY2_687733
[2026-08-12 05:31:14,059][Trainer][INFO] - ISPY2_687733, shape torch.Size([3, 80, 228, 225]), rank 0
[2026-08-12 05:31:15,061][Trainer][INFO] - predicting ISPY2_697098
[2026-08-12 05:31:15,294][Trainer][INFO] - ISPY2_697098, shape torch.Size([3, 80, 242, 242]), rank 0
[2026-08-12 05:31:16,301][Trainer][INFO] - predicting ISPY2_709559
[2026-08-12 05:31:16,504][Trainer][INFO] - ISPY2_709559, shape torch.Size([3, 80, 213, 213]), rank 0
[2026-08-12 05:31:17,498][Trainer][INFO] - predicting ISPY2_711476
[2026-08-12 05:31:17,681][Trainer][INFO] - ISPY2_711476, shape torch.Size([3, 79, 256, 256]), rank 0
[2026-08-12 05:31:18,695][Trainer][INFO] - predicting ISPY2_719713
[2026-08-12 05:31:18,922][Trainer][INFO] - ISPY2_719713, shape torch.Size([3, 81, 213, 213]), rank 0
[2026-08-12 05:31:20,881][Trainer][INFO] - predicting ISPY2_724293
[2026-08-12 05:31:21,143][Trainer][INFO] - ISPY2_724293, shape torch.Size([3, 80, 242, 240]), rank 0
[2026-08-12 05:31:22,149][Trainer][INFO] - predicting ISPY2_729270
[2026-08-12 05:31:23,163][Trainer][INFO] - ISPY2_729270, shape torch.Size([3, 80, 468, 468]), rank 0
[2026-08-12 05:31:31,823][Trainer][INFO] - predicting ISPY2_734997
[2026-08-12 05:31:32,091][Trainer][INFO] - ISPY2_734997, shape torch.Size([3, 80, 242, 242]), rank 0
[2026-08-12 05:31:33,102][Trainer][INFO] - predicting ISPY2_746265
[2026-08-12 05:31:33,284][Trainer][INFO] - ISPY2_746265, shape torch.Size([3, 79, 256, 256]), rank 0
[2026-08-12 05:31:34,301][Trainer][INFO] - predicting ISPY2_746731
[2026-08-12 05:31:34,498][Trainer][INFO] - ISPY2_746731, shape torch.Size([3, 80, 256, 256]), rank 0
[2026-08-12 05:31:35,499][Trainer][INFO] - predicting ISPY2_752469
[2026-08-12 05:31:35,919][Trainer][INFO] - ISPY2_752469, shape torch.Size([3, 89, 302, 300]), rank 0
[2026-08-12 05:31:43,582][Trainer][INFO] - predicting ISPY2_767934
[2026-08-12 05:31:43,922][Trainer][INFO] - ISPY2_767934, shape torch.Size([3, 80, 277, 277]), rank 0
[2026-08-12 05:31:47,776][Trainer][INFO] - predicting ISPY2_771813
[2026-08-12 05:31:48,184][Trainer][INFO] - ISPY2_771813, shape torch.Size([3, 80, 328, 323]), rank 0
[2026-08-12 05:31:52,067][Trainer][INFO] - predicting ISPY2_782334
[2026-08-12 05:31:53,263][Trainer][INFO] - ISPY2_782334, shape torch.Size([3, 88, 482, 482]), rank 0
[2026-08-12 05:32:10,527][Trainer][INFO] - predicting ISPY2_783764
[2026-08-12 05:32:10,763][Trainer][INFO] - ISPY2_783764, shape torch.Size([3, 79, 256, 256]), rank 0
[2026-08-12 05:32:11,788][Trainer][INFO] - predicting ISPY2_788149
[2026-08-12 05:32:12,043][Trainer][INFO] - ISPY2_788149, shape torch.Size([3, 80, 246, 256]), rank 0
[2026-08-12 05:32:13,059][Trainer][INFO] - predicting ISPY2_791944
[2026-08-12 05:32:14,126][Trainer][INFO] - ISPY2_791944, shape torch.Size([3, 80, 482, 482]), rank 0
[2026-08-12 05:32:22,829][Trainer][INFO] - predicting ISPY2_792412
[2026-08-12 05:32:23,121][Trainer][INFO] - ISPY2_792412, shape torch.Size([3, 80, 228, 228]), rank 0
[2026-08-12 05:32:24,135][Trainer][INFO] - predicting ISPY2_795996
[2026-08-12 05:32:24,457][Trainer][INFO] - ISPY2_795996, shape torch.Size([3, 80, 284, 280]), rank 0
[2026-08-12 05:32:28,313][Trainer][INFO] - predicting ISPY2_799149
[2026-08-12 05:32:28,526][Trainer][INFO] - ISPY2_799149, shape torch.Size([3, 80, 220, 220]), rank 0
[2026-08-12 05:32:29,524][Trainer][INFO] - predicting ISPY2_802105
[2026-08-12 05:32:29,712][Trainer][INFO] - ISPY2_802105, shape torch.Size([3, 80, 206, 206]), rank 0
[2026-08-12 05:32:30,712][Trainer][INFO] - predicting ISPY2_804233
[2026-08-12 05:32:30,890][Trainer][INFO] - ISPY2_804233, shape torch.Size([3, 79, 256, 256]), rank 0
[2026-08-12 05:32:31,909][Trainer][INFO] - predicting ISPY2_805136
[2026-08-12 05:32:32,331][Trainer][INFO] - ISPY2_805136, shape torch.Size([3, 80, 317, 317]), rank 0
[2026-08-12 05:32:36,211][Trainer][INFO] - predicting ISPY2_809037
[2026-08-12 05:32:36,412][Trainer][INFO] - ISPY2_809037, shape torch.Size([3, 80, 256, 251]), rank 0
[2026-08-12 05:32:37,433][Trainer][INFO] - predicting ISPY2_819622
[2026-08-12 05:32:37,642][Trainer][INFO] - ISPY2_819622, shape torch.Size([3, 80, 228, 228]), rank 0
[2026-08-12 05:32:38,646][Trainer][INFO] - predicting ISPY2_823618
[2026-08-12 05:32:39,994][Trainer][INFO] - ISPY2_823618, shape torch.Size([3, 90, 511, 511]), rank 0
[2026-08-12 05:32:57,261][Trainer][INFO] - predicting ISPY2_825363
[2026-08-12 05:32:58,646][Trainer][INFO] - ISPY2_825363, shape torch.Size([3, 90, 511, 511]), rank 0
[2026-08-12 05:33:15,963][Trainer][INFO] - predicting ISPY2_845783
[2026-08-12 05:33:16,189][Trainer][INFO] - ISPY2_845783, shape torch.Size([3, 79, 256, 256]), rank 0
[2026-08-12 05:33:17,209][Trainer][INFO] - predicting ISPY2_847753
[2026-08-12 05:33:17,393][Trainer][INFO] - ISPY2_847753, shape torch.Size([3, 79, 256, 256]), rank 0
[2026-08-12 05:33:18,394][Trainer][INFO] - predicting ISPY2_856159
[2026-08-12 05:33:18,615][Trainer][INFO] - ISPY2_856159, shape torch.Size([3, 80, 220, 220]), rank 0
[2026-08-12 05:33:19,608][Trainer][INFO] - predicting ISPY2_857165
[2026-08-12 05:33:19,812][Trainer][INFO] - ISPY2_857165, shape torch.Size([3, 79, 220, 220]), rank 0
[2026-08-12 05:33:20,811][Trainer][INFO] - predicting ISPY2_873686
[2026-08-12 05:33:21,076][Trainer][INFO] - ISPY2_873686, shape torch.Size([3, 80, 235, 235]), rank 0
[2026-08-12 05:33:22,085][Trainer][INFO] - predicting ISPY2_879224
[2026-08-12 05:33:22,326][Trainer][INFO] - ISPY2_879224, shape torch.Size([3, 80, 243, 239]), rank 0
[2026-08-12 05:33:23,322][Trainer][INFO] - predicting ISPY2_885590
[2026-08-12 05:33:24,884][Trainer][INFO] - ISPY2_885590, shape torch.Size([3, 104, 510, 510]), rank 0
[2026-08-12 05:33:42,174][Trainer][INFO] - predicting ISPY2_893874
[2026-08-12 05:33:42,388][Trainer][INFO] - ISPY2_893874, shape torch.Size([3, 79, 185, 185]), rank 0
[2026-08-12 05:33:43,394][Trainer][INFO] - predicting ISPY2_895653
[2026-08-12 05:33:43,589][Trainer][INFO] - ISPY2_895653, shape torch.Size([3, 79, 256, 256]), rank 0
[2026-08-12 05:33:44,592][Trainer][INFO] - predicting ISPY2_896939
[2026-08-12 05:33:45,350][Trainer][INFO] - ISPY2_896939, shape torch.Size([3, 99, 361, 455]), rank 0
[2026-08-12 05:33:56,833][Trainer][INFO] - predicting ISPY2_905264
[2026-08-12 05:33:57,282][Trainer][INFO] - ISPY2_905264, shape torch.Size([3, 80, 301, 328]), rank 0
[2026-08-12 05:34:01,174][Trainer][INFO] - predicting ISPY2_906042
[2026-08-12 05:34:01,374][Trainer][INFO] - ISPY2_906042, shape torch.Size([3, 80, 207, 207]), rank 0
[2026-08-12 05:34:02,393][Trainer][INFO] - predicting ISPY2_910188
[2026-08-12 05:34:03,546][Trainer][INFO] - ISPY2_910188, shape torch.Size([3, 97, 454, 454]), rank 0
[2026-08-12 05:34:20,780][Trainer][INFO] - predicting ISPY2_913225
[2026-08-12 05:34:21,008][Trainer][INFO] - ISPY2_913225, shape torch.Size([3, 80, 206, 206]), rank 0
[2026-08-12 05:34:22,011][Trainer][INFO] - predicting ISPY2_928446
[2026-08-12 05:34:22,261][Trainer][INFO] - ISPY2_928446, shape torch.Size([3, 79, 235, 235]), rank 0
[2026-08-12 05:34:23,258][Trainer][INFO] - predicting ISPY2_930853
[2026-08-12 05:34:23,438][Trainer][INFO] - ISPY2_930853, shape torch.Size([3, 80, 206, 206]), rank 0
[2026-08-12 05:34:24,428][Trainer][INFO] - predicting ISPY2_938719
[2026-08-12 05:34:24,622][Trainer][INFO] - ISPY2_938719, shape torch.Size([3, 80, 213, 213]), rank 0
[2026-08-12 05:34:25,631][Trainer][INFO] - predicting ISPY2_941191
[2026-08-12 05:34:25,908][Trainer][INFO] - ISPY2_941191, shape torch.Size([3, 80, 256, 256]), rank 0
[2026-08-12 05:34:26,911][Trainer][INFO] - predicting ISPY2_943879
[2026-08-12 05:34:27,224][Trainer][INFO] - ISPY2_943879, shape torch.Size([3, 79, 267, 267]), rank 0
[2026-08-12 05:34:31,100][Trainer][INFO] - predicting ISPY2_944419
[2026-08-12 05:34:31,333][Trainer][INFO] - ISPY2_944419, shape torch.Size([3, 80, 235, 235]), rank 0
[2026-08-12 05:34:32,347][Trainer][INFO] - predicting ISPY2_959366
[2026-08-12 05:34:33,498][Trainer][INFO] - ISPY2_959366, shape torch.Size([3, 96, 453, 453]), rank 0
[2026-08-12 05:34:50,729][Trainer][INFO] - predicting ISPY2_962153
[2026-08-12 05:34:51,009][Trainer][INFO] - ISPY2_962153, shape torch.Size([3, 80, 249, 249]), rank 0
[2026-08-12 05:34:52,027][Trainer][INFO] - predicting ISPY2_965265
[2026-08-12 05:34:52,364][Trainer][INFO] - ISPY2_965265, shape torch.Size([3, 91, 284, 284]), rank 0
[2026-08-12 05:35:00,020][Trainer][INFO] - predicting ISPY2_970839
[2026-08-12 05:35:00,254][Trainer][INFO] - ISPY2_970839, shape torch.Size([3, 80, 220, 220]), rank 0
[2026-08-12 05:35:01,260][Trainer][INFO] - predicting ISPY2_971492
[2026-08-12 05:35:01,423][Trainer][INFO] - ISPY2_971492, shape torch.Size([3, 80, 199, 199]), rank 0
[2026-08-12 05:35:02,416][Trainer][INFO] - predicting ISPY2_972307
[2026-08-12 05:35:02,688][Trainer][INFO] - ISPY2_972307, shape torch.Size([3, 80, 256, 256]), rank 0
[2026-08-12 05:35:03,686][Trainer][INFO] - predicting ISPY2_992609
[2026-08-12 05:35:03,893][Trainer][INFO] - ISPY2_992609, shape torch.Size([3, 80, 213, 213]), rank 0
[2026-08-12 05:35:04,887][Trainer][INFO] - predicting ISPY2_997702
[2026-08-12 05:35:05,129][Trainer][INFO] - ISPY2_997702, shape torch.Size([3, 80, 242, 241]), rank 0
[2026-08-12 05:35:06,148][Trainer][INFO] - predicting NACT_01
[2026-08-12 05:35:06,424][Trainer][INFO] - NACT_01, shape torch.Size([3, 60, 284, 284]), rank 0
[2026-08-12 05:35:10,296][Trainer][INFO] - predicting NACT_33
[2026-08-12 05:35:10,578][Trainer][INFO] - NACT_33, shape torch.Size([3, 60, 284, 284]), rank 0
[2026-08-12 05:35:14,445][Trainer][INFO] - predicting NACT_59
[2026-08-12 05:35:14,573][Trainer][INFO] - NACT_59, shape torch.Size([3, 60, 256, 256]), rank 0
[2026-08-12 05:35:15,584][Trainer][INFO] - predicting NACT_61
[2026-08-12 05:35:15,855][Trainer][INFO] - NACT_61, shape torch.Size([3, 60, 284, 284]), rank 0
[2026-08-12 05:35:19,718][Trainer][INFO] - predicting NACT_62
[2026-08-12 05:35:19,847][Trainer][INFO] - NACT_62, shape torch.Size([3, 60, 256, 256]), rank 0
[2026-08-12 05:35:20,852][Trainer][INFO] - predicting NACT_66
[2026-08-12 05:35:20,977][Trainer][INFO] - NACT_66, shape torch.Size([3, 60, 256, 256]), rank 0
[2026-08-12 05:35:35,770][Trainer][INFO] - Validation complete
[2026-08-12 05:35:35,770][Trainer][INFO] - Mean Validation Dice:  0.7846635103356827
[2026-08-12 05:35:35,791][root][INFO] - Validation finished
[2026-08-12 05:35:35,791][root][INFO] - Removing validation files
[2026-08-12 05:35:35,814][root][INFO] - Mean Validation Dice Score: 0.7846635103356827
[2026-08-12 05:35:35,814][root][INFO] - Runtime: 18.981242012845144
[2026-08-12 05:35:35,814][root][INFO] - Objectives: {'loss': 0.2153364896643173, 'runtime': 18.981242012845144}
