[2026-07-29 07:57:36,639][root][INFO] - Starting training script
[2026-07-29 07:57:36,639][root][INFO] - torch.cuda.is_available(): True
[2026-07-29 07:57:36,639][root][INFO] - Setting seed
[2026-07-29 07:57:36,715][root][INFO] - Sleeping for 5 seconds
[2026-07-29 07:57:41,720][root][INFO] - Setting up emissions tracker
[2026-07-29 07:57:43,392][root][INFO] - Creating trainer
[2026-07-29 07:57:44,091][AutoExperimentPlanner][INFO] - Using base_num_features: 32
[2026-07-29 07:57:44,091][AutoExperimentPlanner][INFO] - Using max_features: 320
[2026-07-29 07:57:44,092][AutoExperimentPlanner][INFO] - Applied model_scale = 1.00
[2026-07-29 07:57:44,092][AutoExperimentPlanner][INFO] - Encoder blocks per stage: (2, 2, 2, 2, 2, 2, 2, 2, 2, 2, 2, 2, 2, 2)
[2026-07-29 07:57:44,092][AutoExperimentPlanner][INFO] - Decoder blocks per stage: (2, 2, 2, 2, 2, 2, 2, 2, 2, 2, 2, 2, 2)
[2026-07-29 07:57:44,105][AutoExperimentPlanner][INFO] - Using normalization: <class 'torch.nn.modules.instancenorm.InstanceNorm3d'>
[2026-07-29 07:57:44,105][AutoExperimentPlanner][INFO] - Using activation function: torch.nn.LeakyReLU
[2026-07-29 07:57:44,105][AutoExperimentPlanner][INFO] - Using dropout: None
[2026-07-29 07:57:45,727][AutoExperimentPlanner][INFO] - Using normalization: <class 'torch.nn.modules.instancenorm.InstanceNorm2d'>
[2026-07-29 07:57:45,727][AutoExperimentPlanner][INFO] - Using activation function: torch.nn.LeakyReLU
[2026-07-29 07:57:45,727][AutoExperimentPlanner][INFO] - Using dropout: None
[2026-07-29 07:57:46,309][Trainer][INFO] - 
#######################################################################
Please cite the following paper when using nnU-Net:
Isensee, F., Jaeger, P. F., Kohl, S. A., Petersen, J., & Maier-Hein, K. H. (2021). nnU-Net: a self-configuring method for deep learning-based biomedical image segmentation. Nature methods, 18(2), 203-211.
#######################################################################

[2026-07-29 07:57:46,309][Trainer][INFO] - Updated hyperparameter config:
[2026-07-29 07:57:46,309][Trainer][INFO] - num_epochs: 1000
[2026-07-29 07:57:46,309][Trainer][INFO] - total_epochs: 1000
[2026-07-29 07:57:46,309][Trainer][INFO] - optimizer: SGD
[2026-07-29 07:57:46,309][Trainer][INFO] - momentum: 0.99
[2026-07-29 07:57:46,309][Trainer][INFO] - initial_lr: 0.01
[2026-07-29 07:57:46,309][Trainer][INFO] - weight_decay: 3e-05
[2026-07-29 07:57:46,310][Trainer][INFO] - lr_scheduler: PolyLRScheduler
[2026-07-29 07:57:46,310][Trainer][INFO] - oversample_foreground_percent: 0.33
[2026-07-29 07:57:46,310][Trainer][INFO] - loss_function: DiceAndCrossEntropyLoss
[2026-07-29 07:57:46,310][Trainer][INFO] - aug_factor: 1.0
[2026-07-29 07:57:46,310][Trainer][INFO] - aug_scale_prob: 0.2
[2026-07-29 07:57:46,310][Trainer][INFO] - aug_rotate_prob: 0.2
[2026-07-29 07:57:46,310][Trainer][INFO] - aug_gaussian_noise_prob: 0.1
[2026-07-29 07:57:46,310][Trainer][INFO] - aug_gaussian_blur_prob: 0.2
[2026-07-29 07:57:46,310][Trainer][INFO] - aug_brightness_prob: 0.15
[2026-07-29 07:57:46,310][Trainer][INFO] - aug_contrast_prob: 0.15
[2026-07-29 07:57:46,310][Trainer][INFO] - aug_lowres_prob: 0.25
[2026-07-29 07:57:46,310][Trainer][INFO] - aug_gamma_1_prob: 0.1
[2026-07-29 07:57:46,310][Trainer][INFO] - aug_gamma_2_prob: 0.3
[2026-07-29 07:57:46,310][Trainer][INFO] - encoder_type: ConvolutionalEncoder
[2026-07-29 07:57:46,310][Trainer][INFO] - base_num_features: 32
[2026-07-29 07:57:46,310][Trainer][INFO] - max_features: 320
[2026-07-29 07:57:46,310][Trainer][INFO] - activation: LeakyReLU
[2026-07-29 07:57:46,310][Trainer][INFO] - dropout_rate: 0.0
[2026-07-29 07:57:46,310][Trainer][INFO] - model_scale: 1
[2026-07-29 07:57:46,310][Trainer][INFO] - normalization: InstanceNorm
[2026-07-29 07:57:46,334][root][INFO] - Starting training
[2026-07-29 07:57:46,334][Trainer][INFO] - do_dummy_2d_data_aug: True
[2026-07-29 07:57:46,338][Trainer][INFO] - Using splits from existing split file: /home/hailt/BC_MAMAMIA/AutoNNUnet/data/nnUNet_preprocessed/Dataset501_MAMAMIA/splits_final.json
[2026-07-29 07:57:46,339][Trainer][INFO] - The split file contains 5 splits.
[2026-07-29 07:57:46,339][Trainer][INFO] - Desired fold for training: 1
[2026-07-29 07:57:46,339][Trainer][INFO] - This split has 960 training and 240 validation cases.
[2026-07-29 07:57:53,856][Trainer][INFO] - Using torch.compile...
[2026-07-29 07:57:56,796][Trainer][INFO] - Set optimizer to SGD
[2026-07-29 07:57:56,796][Trainer][INFO] - Set lr_scheduler to PolyLRScheduler
[2026-07-29 07:57:56,797][Trainer][INFO] - Set loss to DeepSupervisionWrapper
[2026-07-29 07:57:56,798][Trainer][INFO] - 
This is the configuration used by this training:
Configuration name: 3d_fullres
 {'data_identifier': 'nnUNetPlans_3d_fullres', 'preprocessor_name': 'DefaultPreprocessor', 'batch_size': 2, 'patch_size': (56, 192, 192), 'median_image_size_in_voxels': [80.0, 256.0, 256.0], 'spacing': [2.0, 0.7031000256538391, 0.7031000256538391], 'normalization_schemes': ['ZScoreNormalization', 'ZScoreNormalization', 'ZScoreNormalization'], 'use_mask_for_norm': [False, False, False], 'resampling_fn_data': 'resample_data_or_seg_to_shape', 'resampling_fn_seg': 'resample_data_or_seg_to_shape', 'resampling_fn_data_kwargs': {'is_seg': False, 'order': 3, 'order_z': 0, 'force_separate_z': None}, 'resampling_fn_seg_kwargs': {'is_seg': True, 'order': 1, 'order_z': 0, 'force_separate_z': None}, 'resampling_fn_probabilities': 'resample_data_or_seg_to_shape', 'resampling_fn_probabilities_kwargs': {'is_seg': False, 'order': 1, 'order_z': 0, 'force_separate_z': None}, 'architecture': {'network_class_name': 'dynamic_network_architectures.architectures.unet.PlainConvUNet', 'arch_kwargs': {'n_stages': 6, 'features_per_stage': (32, 64, 128, 256, 320, 320), 'conv_op': 'torch.nn.modules.conv.Conv3d', 'kernel_sizes': ((1, 3, 3), (3, 3, 3), (3, 3, 3), (3, 3, 3), (3, 3, 3), (3, 3, 3)), 'strides': ((1, 1, 1), (1, 2, 2), (2, 2, 2), (2, 2, 2), (2, 2, 2), (1, 2, 2)), 'n_conv_per_stage': (2, 2, 2, 2, 2, 2), 'n_conv_per_stage_decoder': (2, 2, 2, 2, 2), 'conv_bias': True, 'norm_op': 'torch.nn.modules.instancenorm.InstanceNorm3d', 'norm_op_kwargs': {'eps': 1e-05, 'affine': True}, 'dropout_op': None, 'dropout_op_kwargs': None, 'nonlin': 'torch.nn.LeakyReLU', 'nonlin_kwargs': {'inplace': True}, 'deep_supervision': True}, '_kw_requires_import': ('conv_op', 'norm_op', 'dropout_op', 'nonlin')}, 'batch_dice': False} 

[2026-07-29 07:57:56,798][Trainer][INFO] - These are the global plan.json settings:
 {'dataset_name': 'Dataset501_MAMAMIA', 'plans_name': 'nnUNetPlans', 'original_median_spacing_after_transp': [2.0, 0.7031000256538391, 0.7031000256538391], 'original_median_shape_after_transp': [80, 256, 256], 'image_reader_writer': 'SimpleITKIO', 'transpose_forward': [0, 1, 2], 'transpose_backward': [0, 1, 2], 'experiment_planner_used': 'AutoExperimentPlanner', 'label_manager': 'LabelManager', 'foreground_intensity_properties_per_channel': {'0': {'max': 8399.0, 'mean': 526.5316162109375, 'median': 358.0, 'min': 0.0, 'percentile_00_5': 22.0, 'percentile_99_5': 2252.0, 'std': 497.0259704589844}, '1': {'max': 13172.0, 'mean': 1096.2913818359375, 'median': 659.0, 'min': 0.0, 'percentile_00_5': 51.0, 'percentile_99_5': 5549.0, 'std': 1145.160888671875}, '2': {'max': 13668.0, 'mean': 1225.3990478515625, 'median': 762.0, 'min': 0.0, 'percentile_00_5': 54.0, 'percentile_99_5': 5765.0, 'std': 1223.5499267578125}}} 

[2026-07-29 07:57:56,800][Trainer][INFO] - Unable to plot network architecture: nnUNet_compile is enabled!
[2026-07-29 07:57:56,948][Trainer][INFO] - 
[2026-07-29 07:57:56,949][Trainer][INFO] - Epoch 0
[2026-07-29 07:57:56,949][Trainer][INFO] - Current learning rate: 0.01
[2026-07-29 07:59:33,976][Trainer][INFO] - train_loss -0.2773
[2026-07-29 07:59:33,976][Trainer][INFO] - val_loss -0.3436
[2026-07-29 07:59:33,977][Trainer][INFO] - Pseudo dice 0.3889
[2026-07-29 07:59:33,977][Trainer][INFO] - Epoch time: 97.03 s
[2026-07-29 07:59:33,977][Trainer][INFO] - Yayy! New best EMA pseudo Dice: 0.3889
[2026-07-29 07:59:35,343][Trainer][INFO] - 
[2026-07-29 07:59:35,343][Trainer][INFO] - Epoch 1
[2026-07-29 07:59:35,343][Trainer][INFO] - Current learning rate: 0.00999
[2026-07-29 08:00:34,424][Trainer][INFO] - train_loss -0.3685
[2026-07-29 08:00:34,424][Trainer][INFO] - val_loss -0.4574
[2026-07-29 08:00:34,425][Trainer][INFO] - Pseudo dice 0.4735
[2026-07-29 08:00:34,425][Trainer][INFO] - Epoch time: 59.08 s
[2026-07-29 08:00:34,425][Trainer][INFO] - Yayy! New best EMA pseudo Dice: 0.3974
[2026-07-29 08:00:36,279][Trainer][INFO] - 
[2026-07-29 08:00:36,279][Trainer][INFO] - Epoch 2
[2026-07-29 08:00:36,279][Trainer][INFO] - Current learning rate: 0.00998
[2026-07-30 07:19:39,581][root][INFO] - Starting training script
[2026-07-30 07:19:39,581][root][INFO] - torch.cuda.is_available(): True
[2026-07-30 07:19:39,581][root][INFO] - Setting seed
[2026-07-30 07:19:39,658][root][INFO] - Sleeping for 5 seconds
[2026-07-30 07:19:44,663][root][INFO] - Setting up emissions tracker
[2026-07-30 07:19:46,335][root][INFO] - Creating trainer
[2026-07-30 07:19:47,036][AutoExperimentPlanner][INFO] - Using base_num_features: 32
[2026-07-30 07:19:47,036][AutoExperimentPlanner][INFO] - Using max_features: 320
[2026-07-30 07:19:47,036][AutoExperimentPlanner][INFO] - Applied model_scale = 1.00
[2026-07-30 07:19:47,036][AutoExperimentPlanner][INFO] - Encoder blocks per stage: (2, 2, 2, 2, 2, 2, 2, 2, 2, 2, 2, 2, 2, 2)
[2026-07-30 07:19:47,037][AutoExperimentPlanner][INFO] - Decoder blocks per stage: (2, 2, 2, 2, 2, 2, 2, 2, 2, 2, 2, 2, 2)
[2026-07-30 07:19:47,048][AutoExperimentPlanner][INFO] - Using normalization: <class 'torch.nn.modules.instancenorm.InstanceNorm3d'>
[2026-07-30 07:19:47,048][AutoExperimentPlanner][INFO] - Using activation function: torch.nn.LeakyReLU
[2026-07-30 07:19:47,048][AutoExperimentPlanner][INFO] - Using dropout: None
[2026-07-30 07:19:48,335][AutoExperimentPlanner][INFO] - Using normalization: <class 'torch.nn.modules.instancenorm.InstanceNorm2d'>
[2026-07-30 07:19:48,335][AutoExperimentPlanner][INFO] - Using activation function: torch.nn.LeakyReLU
[2026-07-30 07:19:48,335][AutoExperimentPlanner][INFO] - Using dropout: None
[2026-07-30 07:19:48,808][Trainer][INFO] - 
#######################################################################
Please cite the following paper when using nnU-Net:
Isensee, F., Jaeger, P. F., Kohl, S. A., Petersen, J., & Maier-Hein, K. H. (2021). nnU-Net: a self-configuring method for deep learning-based biomedical image segmentation. Nature methods, 18(2), 203-211.
#######################################################################

[2026-07-30 07:19:48,808][Trainer][INFO] - Updated hyperparameter config:
[2026-07-30 07:19:48,808][Trainer][INFO] - num_epochs: 1000
[2026-07-30 07:19:48,808][Trainer][INFO] - total_epochs: 1000
[2026-07-30 07:19:48,808][Trainer][INFO] - optimizer: SGD
[2026-07-30 07:19:48,808][Trainer][INFO] - momentum: 0.99
[2026-07-30 07:19:48,808][Trainer][INFO] - initial_lr: 0.01
[2026-07-30 07:19:48,808][Trainer][INFO] - weight_decay: 3e-05
[2026-07-30 07:19:48,808][Trainer][INFO] - lr_scheduler: PolyLRScheduler
[2026-07-30 07:19:48,808][Trainer][INFO] - oversample_foreground_percent: 0.33
[2026-07-30 07:19:48,808][Trainer][INFO] - loss_function: DiceAndCrossEntropyLoss
[2026-07-30 07:19:48,809][Trainer][INFO] - aug_factor: 1.0
[2026-07-30 07:19:48,809][Trainer][INFO] - aug_scale_prob: 0.2
[2026-07-30 07:19:48,809][Trainer][INFO] - aug_rotate_prob: 0.2
[2026-07-30 07:19:48,809][Trainer][INFO] - aug_gaussian_noise_prob: 0.1
[2026-07-30 07:19:48,809][Trainer][INFO] - aug_gaussian_blur_prob: 0.2
[2026-07-30 07:19:48,809][Trainer][INFO] - aug_brightness_prob: 0.15
[2026-07-30 07:19:48,809][Trainer][INFO] - aug_contrast_prob: 0.15
[2026-07-30 07:19:48,809][Trainer][INFO] - aug_lowres_prob: 0.25
[2026-07-30 07:19:48,809][Trainer][INFO] - aug_gamma_1_prob: 0.1
[2026-07-30 07:19:48,809][Trainer][INFO] - aug_gamma_2_prob: 0.3
[2026-07-30 07:19:48,809][Trainer][INFO] - encoder_type: ConvolutionalEncoder
[2026-07-30 07:19:48,809][Trainer][INFO] - base_num_features: 32
[2026-07-30 07:19:48,809][Trainer][INFO] - max_features: 320
[2026-07-30 07:19:48,809][Trainer][INFO] - activation: LeakyReLU
[2026-07-30 07:19:48,809][Trainer][INFO] - dropout_rate: 0.0
[2026-07-30 07:19:48,809][Trainer][INFO] - model_scale: 1
[2026-07-30 07:19:48,809][Trainer][INFO] - normalization: InstanceNorm
[2026-07-30 07:19:48,830][root][INFO] - Starting training
[2026-07-30 07:19:48,831][Trainer][INFO] - do_dummy_2d_data_aug: True
[2026-07-30 07:19:48,835][Trainer][INFO] - Using splits from existing split file: /home/hailt/BC_MAMAMIA/AutoNNUnet/data/nnUNet_preprocessed/Dataset501_MAMAMIA/splits_final.json
[2026-07-30 07:19:48,835][Trainer][INFO] - The split file contains 5 splits.
[2026-07-30 07:19:48,835][Trainer][INFO] - Desired fold for training: 1
[2026-07-30 07:19:48,835][Trainer][INFO] - This split has 960 training and 240 validation cases.
[2026-07-30 07:19:55,883][Trainer][INFO] - Using torch.compile...
[2026-07-30 07:19:58,377][Trainer][INFO] - Set optimizer to SGD
[2026-07-30 07:19:58,377][Trainer][INFO] - Set lr_scheduler to PolyLRScheduler
[2026-07-30 07:19:58,378][Trainer][INFO] - Set loss to DeepSupervisionWrapper
[2026-07-30 07:19:58,379][Trainer][INFO] - 
This is the configuration used by this training:
Configuration name: 3d_fullres
 {'data_identifier': 'nnUNetPlans_3d_fullres', 'preprocessor_name': 'DefaultPreprocessor', 'batch_size': 2, 'patch_size': (56, 192, 192), 'median_image_size_in_voxels': [80.0, 256.0, 256.0], 'spacing': [2.0, 0.7031000256538391, 0.7031000256538391], 'normalization_schemes': ['ZScoreNormalization', 'ZScoreNormalization', 'ZScoreNormalization'], 'use_mask_for_norm': [False, False, False], 'resampling_fn_data': 'resample_data_or_seg_to_shape', 'resampling_fn_seg': 'resample_data_or_seg_to_shape', 'resampling_fn_data_kwargs': {'is_seg': False, 'order': 3, 'order_z': 0, 'force_separate_z': None}, 'resampling_fn_seg_kwargs': {'is_seg': True, 'order': 1, 'order_z': 0, 'force_separate_z': None}, 'resampling_fn_probabilities': 'resample_data_or_seg_to_shape', 'resampling_fn_probabilities_kwargs': {'is_seg': False, 'order': 1, 'order_z': 0, 'force_separate_z': None}, 'architecture': {'network_class_name': 'dynamic_network_architectures.architectures.unet.PlainConvUNet', 'arch_kwargs': {'n_stages': 6, 'features_per_stage': (32, 64, 128, 256, 320, 320), 'conv_op': 'torch.nn.modules.conv.Conv3d', 'kernel_sizes': ((1, 3, 3), (3, 3, 3), (3, 3, 3), (3, 3, 3), (3, 3, 3), (3, 3, 3)), 'strides': ((1, 1, 1), (1, 2, 2), (2, 2, 2), (2, 2, 2), (2, 2, 2), (1, 2, 2)), 'n_conv_per_stage': (2, 2, 2, 2, 2, 2), 'n_conv_per_stage_decoder': (2, 2, 2, 2, 2), 'conv_bias': True, 'norm_op': 'torch.nn.modules.instancenorm.InstanceNorm3d', 'norm_op_kwargs': {'eps': 1e-05, 'affine': True}, 'dropout_op': None, 'dropout_op_kwargs': None, 'nonlin': 'torch.nn.LeakyReLU', 'nonlin_kwargs': {'inplace': True}, 'deep_supervision': True}, '_kw_requires_import': ('conv_op', 'norm_op', 'dropout_op', 'nonlin')}, 'batch_dice': False} 

[2026-07-30 07:19:58,379][Trainer][INFO] - These are the global plan.json settings:
 {'dataset_name': 'Dataset501_MAMAMIA', 'plans_name': 'nnUNetPlans', 'original_median_spacing_after_transp': [2.0, 0.7031000256538391, 0.7031000256538391], 'original_median_shape_after_transp': [80, 256, 256], 'image_reader_writer': 'SimpleITKIO', 'transpose_forward': [0, 1, 2], 'transpose_backward': [0, 1, 2], 'experiment_planner_used': 'AutoExperimentPlanner', 'label_manager': 'LabelManager', 'foreground_intensity_properties_per_channel': {'0': {'max': 8399.0, 'mean': 526.5316162109375, 'median': 358.0, 'min': 0.0, 'percentile_00_5': 22.0, 'percentile_99_5': 2252.0, 'std': 497.0259704589844}, '1': {'max': 13172.0, 'mean': 1096.2913818359375, 'median': 659.0, 'min': 0.0, 'percentile_00_5': 51.0, 'percentile_99_5': 5549.0, 'std': 1145.160888671875}, '2': {'max': 13668.0, 'mean': 1225.3990478515625, 'median': 762.0, 'min': 0.0, 'percentile_00_5': 54.0, 'percentile_99_5': 5765.0, 'std': 1223.5499267578125}}} 

[2026-07-30 07:19:58,381][Trainer][INFO] - Unable to plot network architecture: nnUNet_compile is enabled!
[2026-07-30 07:19:58,389][Trainer][INFO] - 
[2026-07-30 07:19:58,389][Trainer][INFO] - Epoch 0
[2026-07-30 07:19:58,389][Trainer][INFO] - Current learning rate: 0.01
[2026-07-30 07:21:36,081][Trainer][INFO] - train_loss -0.2261
[2026-07-30 07:21:36,081][Trainer][INFO] - val_loss -0.3902
[2026-07-30 07:21:36,081][Trainer][INFO] - Pseudo dice 0.45
[2026-07-30 07:21:36,081][Trainer][INFO] - Epoch time: 97.69 s
[2026-07-30 07:21:36,081][Trainer][INFO] - Yayy! New best EMA pseudo Dice: 0.45
[2026-07-30 07:21:37,383][Trainer][INFO] - 
[2026-07-30 07:21:37,383][Trainer][INFO] - Epoch 1
[2026-07-30 07:21:37,383][Trainer][INFO] - Current learning rate: 0.00999
[2026-07-30 07:22:35,600][Trainer][INFO] - train_loss -0.3998
[2026-07-30 07:22:35,601][Trainer][INFO] - val_loss -0.4188
[2026-07-30 07:22:35,601][Trainer][INFO] - Pseudo dice 0.4941
[2026-07-30 07:22:35,601][Trainer][INFO] - Epoch time: 58.22 s
[2026-07-30 07:22:35,601][Trainer][INFO] - Yayy! New best EMA pseudo Dice: 0.4544
[2026-07-30 07:22:36,993][Trainer][INFO] - 
[2026-07-30 07:22:36,993][Trainer][INFO] - Epoch 2
[2026-07-30 07:22:36,993][Trainer][INFO] - Current learning rate: 0.00998
[2026-07-30 07:23:34,943][Trainer][INFO] - train_loss -0.4443
[2026-07-30 07:23:34,943][Trainer][INFO] - val_loss -0.5148
[2026-07-30 07:23:34,943][Trainer][INFO] - Pseudo dice 0.5463
[2026-07-30 07:23:34,944][Trainer][INFO] - Epoch time: 57.95 s
[2026-07-30 07:23:34,944][Trainer][INFO] - Yayy! New best EMA pseudo Dice: 0.4636
[2026-07-30 07:23:36,300][Trainer][INFO] - 
[2026-07-30 07:23:36,300][Trainer][INFO] - Epoch 3
[2026-07-30 07:23:36,300][Trainer][INFO] - Current learning rate: 0.00997
[2026-07-30 07:24:34,278][Trainer][INFO] - train_loss -0.4736
[2026-07-30 07:24:34,278][Trainer][INFO] - val_loss -0.5376
[2026-07-30 07:24:34,278][Trainer][INFO] - Pseudo dice 0.5118
[2026-07-30 07:24:34,278][Trainer][INFO] - Epoch time: 57.98 s
[2026-07-30 07:24:34,278][Trainer][INFO] - Yayy! New best EMA pseudo Dice: 0.4684
[2026-07-30 07:24:35,629][Trainer][INFO] - 
[2026-07-30 07:24:35,629][Trainer][INFO] - Epoch 4
[2026-07-30 07:24:35,629][Trainer][INFO] - Current learning rate: 0.00996
[2026-07-30 07:25:33,380][Trainer][INFO] - train_loss -0.4635
[2026-07-30 07:25:33,380][Trainer][INFO] - val_loss -0.4918
[2026-07-30 07:25:33,380][Trainer][INFO] - Pseudo dice 0.5069
[2026-07-30 07:25:33,380][Trainer][INFO] - Epoch time: 57.75 s
[2026-07-30 07:25:33,380][Trainer][INFO] - Yayy! New best EMA pseudo Dice: 0.4722
[2026-07-30 07:25:34,749][Trainer][INFO] - 
[2026-07-30 07:25:34,749][Trainer][INFO] - Epoch 5
[2026-07-30 07:25:34,749][Trainer][INFO] - Current learning rate: 0.00995
[2026-07-30 07:26:32,548][Trainer][INFO] - train_loss -0.5086
[2026-07-30 07:26:32,549][Trainer][INFO] - val_loss -0.5442
[2026-07-30 07:26:32,549][Trainer][INFO] - Pseudo dice 0.6307
[2026-07-30 07:26:32,549][Trainer][INFO] - Epoch time: 57.8 s
[2026-07-30 07:26:32,549][Trainer][INFO] - Yayy! New best EMA pseudo Dice: 0.4881
[2026-07-30 07:26:33,906][Trainer][INFO] - 
[2026-07-30 07:26:33,906][Trainer][INFO] - Epoch 6
[2026-07-30 07:26:33,906][Trainer][INFO] - Current learning rate: 0.00995
[2026-07-30 07:27:31,772][Trainer][INFO] - train_loss -0.5213
[2026-07-30 07:27:31,772][Trainer][INFO] - val_loss -0.5154
[2026-07-30 07:27:31,772][Trainer][INFO] - Pseudo dice 0.4785
[2026-07-30 07:27:31,772][Trainer][INFO] - Epoch time: 57.87 s
[2026-07-30 07:27:32,676][Trainer][INFO] - 
[2026-07-30 07:27:32,677][Trainer][INFO] - Epoch 7
[2026-07-30 07:27:32,677][Trainer][INFO] - Current learning rate: 0.00994
[2026-07-30 07:28:30,776][Trainer][INFO] - train_loss -0.5103
[2026-07-30 07:28:30,777][Trainer][INFO] - val_loss -0.5654
[2026-07-30 07:28:30,777][Trainer][INFO] - Pseudo dice 0.6112
[2026-07-30 07:28:30,777][Trainer][INFO] - Epoch time: 58.1 s
[2026-07-30 07:28:30,777][Trainer][INFO] - Yayy! New best EMA pseudo Dice: 0.4995
[2026-07-30 07:28:32,149][Trainer][INFO] - 
[2026-07-30 07:28:32,149][Trainer][INFO] - Epoch 8
[2026-07-30 07:28:32,149][Trainer][INFO] - Current learning rate: 0.00993
[2026-07-30 07:29:29,985][Trainer][INFO] - train_loss -0.5328
[2026-07-30 07:29:29,985][Trainer][INFO] - val_loss -0.5632
[2026-07-30 07:29:29,986][Trainer][INFO] - Pseudo dice 0.5901
[2026-07-30 07:29:29,986][Trainer][INFO] - Epoch time: 57.84 s
[2026-07-30 07:29:29,986][Trainer][INFO] - Yayy! New best EMA pseudo Dice: 0.5086
[2026-07-30 07:29:31,426][Trainer][INFO] - 
[2026-07-30 07:29:31,426][Trainer][INFO] - Epoch 9
[2026-07-30 07:29:31,426][Trainer][INFO] - Current learning rate: 0.00992
[2026-07-30 07:30:29,494][Trainer][INFO] - train_loss -0.5641
[2026-07-30 07:30:29,494][Trainer][INFO] - val_loss -0.5496
[2026-07-30 07:30:29,494][Trainer][INFO] - Pseudo dice 0.6425
[2026-07-30 07:30:29,494][Trainer][INFO] - Epoch time: 58.07 s
[2026-07-30 07:30:29,494][Trainer][INFO] - Yayy! New best EMA pseudo Dice: 0.522
[2026-07-30 07:30:30,878][Trainer][INFO] - 
[2026-07-30 07:30:30,878][Trainer][INFO] - Epoch 10
[2026-07-30 07:30:30,878][Trainer][INFO] - Current learning rate: 0.00991
[2026-07-30 07:31:28,906][Trainer][INFO] - train_loss -0.5273
[2026-07-30 07:31:28,906][Trainer][INFO] - val_loss -0.5514
[2026-07-30 07:31:28,906][Trainer][INFO] - Pseudo dice 0.6564
[2026-07-30 07:31:28,906][Trainer][INFO] - Epoch time: 58.03 s
[2026-07-30 07:31:28,907][Trainer][INFO] - Yayy! New best EMA pseudo Dice: 0.5354
[2026-07-30 07:31:30,265][Trainer][INFO] - 
[2026-07-30 07:31:30,265][Trainer][INFO] - Epoch 11
[2026-07-30 07:31:30,265][Trainer][INFO] - Current learning rate: 0.0099
[2026-07-30 07:32:28,350][Trainer][INFO] - train_loss -0.5866
[2026-07-30 07:32:28,351][Trainer][INFO] - val_loss -0.5885
[2026-07-30 07:32:28,351][Trainer][INFO] - Pseudo dice 0.641
[2026-07-30 07:32:28,351][Trainer][INFO] - Epoch time: 58.09 s
[2026-07-30 07:32:28,351][Trainer][INFO] - Yayy! New best EMA pseudo Dice: 0.546
[2026-07-30 07:32:29,736][Trainer][INFO] - 
[2026-07-30 07:32:29,736][Trainer][INFO] - Epoch 12
[2026-07-30 07:32:29,736][Trainer][INFO] - Current learning rate: 0.00989
[2026-07-30 07:33:27,734][Trainer][INFO] - train_loss -0.5362
[2026-07-30 07:33:27,734][Trainer][INFO] - val_loss -0.5522
[2026-07-30 07:33:27,734][Trainer][INFO] - Pseudo dice 0.5434
[2026-07-30 07:33:27,734][Trainer][INFO] - Epoch time: 58.0 s
[2026-07-30 07:33:29,706][Trainer][INFO] - 
[2026-07-30 07:33:29,706][Trainer][INFO] - Epoch 13
[2026-07-30 07:33:29,706][Trainer][INFO] - Current learning rate: 0.00988
[2026-07-30 07:34:28,018][Trainer][INFO] - train_loss -0.534
[2026-07-30 07:34:28,019][Trainer][INFO] - val_loss -0.6109
[2026-07-30 07:34:28,019][Trainer][INFO] - Pseudo dice 0.6446
[2026-07-30 07:34:28,019][Trainer][INFO] - Epoch time: 58.31 s
[2026-07-30 07:34:28,019][Trainer][INFO] - Yayy! New best EMA pseudo Dice: 0.5556
[2026-07-30 07:34:29,382][Trainer][INFO] - 
[2026-07-30 07:34:29,382][Trainer][INFO] - Epoch 14
[2026-07-30 07:34:29,382][Trainer][INFO] - Current learning rate: 0.00987
[2026-07-30 07:35:27,789][Trainer][INFO] - train_loss -0.5384
[2026-07-30 07:35:27,790][Trainer][INFO] - val_loss -0.5502
[2026-07-30 07:35:27,790][Trainer][INFO] - Pseudo dice 0.5786
[2026-07-30 07:35:27,790][Trainer][INFO] - Epoch time: 58.41 s
[2026-07-30 07:35:27,790][Trainer][INFO] - Yayy! New best EMA pseudo Dice: 0.5579
[2026-07-30 07:35:29,169][Trainer][INFO] - 
[2026-07-30 07:35:29,169][Trainer][INFO] - Epoch 15
[2026-07-30 07:35:29,169][Trainer][INFO] - Current learning rate: 0.00986
[2026-07-30 07:36:27,316][Trainer][INFO] - train_loss -0.5435
[2026-07-30 07:36:27,317][Trainer][INFO] - val_loss -0.6194
[2026-07-30 07:36:27,318][Trainer][INFO] - Pseudo dice 0.6969
[2026-07-30 07:36:27,318][Trainer][INFO] - Epoch time: 58.15 s
[2026-07-30 07:36:27,318][Trainer][INFO] - Yayy! New best EMA pseudo Dice: 0.5718
[2026-07-30 07:36:28,740][Trainer][INFO] - 
[2026-07-30 07:36:28,740][Trainer][INFO] - Epoch 16
[2026-07-30 07:36:28,740][Trainer][INFO] - Current learning rate: 0.00986
[2026-07-30 07:37:27,059][Trainer][INFO] - train_loss -0.513
[2026-07-30 07:37:27,060][Trainer][INFO] - val_loss -0.5588
[2026-07-30 07:37:27,060][Trainer][INFO] - Pseudo dice 0.6498
[2026-07-30 07:37:27,060][Trainer][INFO] - Epoch time: 58.32 s
[2026-07-30 07:37:27,060][Trainer][INFO] - Yayy! New best EMA pseudo Dice: 0.5796
[2026-07-30 07:37:28,455][Trainer][INFO] - 
[2026-07-30 07:37:28,455][Trainer][INFO] - Epoch 17
[2026-07-30 07:37:28,455][Trainer][INFO] - Current learning rate: 0.00985
[2026-07-30 07:38:26,587][Trainer][INFO] - train_loss -0.5641
[2026-07-30 07:38:26,587][Trainer][INFO] - val_loss -0.5846
[2026-07-30 07:38:26,588][Trainer][INFO] - Pseudo dice 0.6551
[2026-07-30 07:38:26,588][Trainer][INFO] - Epoch time: 58.13 s
[2026-07-30 07:38:26,588][Trainer][INFO] - Yayy! New best EMA pseudo Dice: 0.5872
[2026-07-30 07:38:27,977][Trainer][INFO] - 
[2026-07-30 07:38:27,977][Trainer][INFO] - Epoch 18
[2026-07-30 07:38:27,977][Trainer][INFO] - Current learning rate: 0.00984
[2026-07-30 07:39:26,240][Trainer][INFO] - train_loss -0.5796
[2026-07-30 07:39:26,241][Trainer][INFO] - val_loss -0.6208
[2026-07-30 07:39:26,241][Trainer][INFO] - Pseudo dice 0.6841
[2026-07-30 07:39:26,241][Trainer][INFO] - Epoch time: 58.27 s
[2026-07-30 07:39:26,241][Trainer][INFO] - Yayy! New best EMA pseudo Dice: 0.5969
[2026-07-30 07:39:27,622][Trainer][INFO] - 
[2026-07-30 07:39:27,622][Trainer][INFO] - Epoch 19
[2026-07-30 07:39:27,622][Trainer][INFO] - Current learning rate: 0.00983
[2026-07-30 07:40:25,883][Trainer][INFO] - train_loss -0.571
[2026-07-30 07:40:25,883][Trainer][INFO] - val_loss -0.5619
[2026-07-30 07:40:25,883][Trainer][INFO] - Pseudo dice 0.5959
[2026-07-30 07:40:25,883][Trainer][INFO] - Epoch time: 58.26 s
[2026-07-30 07:40:26,830][Trainer][INFO] - 
[2026-07-30 07:40:26,830][Trainer][INFO] - Epoch 20
[2026-07-30 07:40:26,830][Trainer][INFO] - Current learning rate: 0.00982
[2026-07-30 07:41:25,563][Trainer][INFO] - train_loss -0.5766
[2026-07-30 07:41:25,564][Trainer][INFO] - val_loss -0.612
[2026-07-30 07:41:25,564][Trainer][INFO] - Pseudo dice 0.6854
[2026-07-30 07:41:25,564][Trainer][INFO] - Epoch time: 58.73 s
[2026-07-30 07:41:25,564][Trainer][INFO] - Yayy! New best EMA pseudo Dice: 0.6056
[2026-07-30 07:41:27,105][Trainer][INFO] - 
[2026-07-30 07:41:27,105][Trainer][INFO] - Epoch 21
[2026-07-30 07:41:27,105][Trainer][INFO] - Current learning rate: 0.00981
[2026-07-30 07:42:25,222][Trainer][INFO] - train_loss -0.5911
[2026-07-30 07:42:25,223][Trainer][INFO] - val_loss -0.6545
[2026-07-30 07:42:25,223][Trainer][INFO] - Pseudo dice 0.7031
[2026-07-30 07:42:25,223][Trainer][INFO] - Epoch time: 58.12 s
[2026-07-30 07:42:25,223][Trainer][INFO] - Yayy! New best EMA pseudo Dice: 0.6154
[2026-07-30 07:42:26,575][Trainer][INFO] - 
[2026-07-30 07:42:26,575][Trainer][INFO] - Epoch 22
[2026-07-30 07:42:26,576][Trainer][INFO] - Current learning rate: 0.0098
[2026-07-30 07:43:24,948][Trainer][INFO] - train_loss -0.6429
[2026-07-30 07:43:24,949][Trainer][INFO] - val_loss -0.5571
[2026-07-30 07:43:24,949][Trainer][INFO] - Pseudo dice 0.7268
[2026-07-30 07:43:24,949][Trainer][INFO] - Epoch time: 58.37 s
[2026-07-30 07:43:24,949][Trainer][INFO] - Yayy! New best EMA pseudo Dice: 0.6265
[2026-07-30 07:43:26,302][Trainer][INFO] - 
[2026-07-30 07:43:26,302][Trainer][INFO] - Epoch 23
[2026-07-30 07:43:26,302][Trainer][INFO] - Current learning rate: 0.00979
[2026-07-30 07:44:24,671][Trainer][INFO] - train_loss -0.6369
[2026-07-30 07:44:24,672][Trainer][INFO] - val_loss -0.701
[2026-07-30 07:44:24,672][Trainer][INFO] - Pseudo dice 0.7622
[2026-07-30 07:44:24,672][Trainer][INFO] - Epoch time: 58.37 s
[2026-07-30 07:44:24,672][Trainer][INFO] - Yayy! New best EMA pseudo Dice: 0.6401
[2026-07-30 07:44:26,098][Trainer][INFO] - 
[2026-07-30 07:44:26,099][Trainer][INFO] - Epoch 24
[2026-07-30 07:44:26,099][Trainer][INFO] - Current learning rate: 0.00978
[2026-07-30 07:45:24,365][Trainer][INFO] - train_loss -0.6084
[2026-07-30 07:45:24,366][Trainer][INFO] - val_loss -0.635
[2026-07-30 07:45:24,366][Trainer][INFO] - Pseudo dice 0.717
[2026-07-30 07:45:24,366][Trainer][INFO] - Epoch time: 58.27 s
[2026-07-30 07:45:24,366][Trainer][INFO] - Yayy! New best EMA pseudo Dice: 0.6478
[2026-07-30 07:45:25,720][Trainer][INFO] - 
[2026-07-30 07:45:25,720][Trainer][INFO] - Epoch 25
[2026-07-30 07:45:25,720][Trainer][INFO] - Current learning rate: 0.00977
[2026-07-30 07:46:24,003][Trainer][INFO] - train_loss -0.6161
[2026-07-30 07:46:24,003][Trainer][INFO] - val_loss -0.6226
[2026-07-30 07:46:24,004][Trainer][INFO] - Pseudo dice 0.6682
[2026-07-30 07:46:24,004][Trainer][INFO] - Epoch time: 58.28 s
[2026-07-30 07:46:24,004][Trainer][INFO] - Yayy! New best EMA pseudo Dice: 0.6498
[2026-07-30 07:46:25,344][Trainer][INFO] - 
[2026-07-30 07:46:25,344][Trainer][INFO] - Epoch 26
[2026-07-30 07:46:25,344][Trainer][INFO] - Current learning rate: 0.00977
[2026-07-30 07:47:23,701][Trainer][INFO] - train_loss -0.6202
[2026-07-30 07:47:23,701][Trainer][INFO] - val_loss -0.6579
[2026-07-30 07:47:23,701][Trainer][INFO] - Pseudo dice 0.6702
[2026-07-30 07:47:23,701][Trainer][INFO] - Epoch time: 58.36 s
[2026-07-30 07:47:23,701][Trainer][INFO] - Yayy! New best EMA pseudo Dice: 0.6519
[2026-07-30 07:47:25,046][Trainer][INFO] - 
[2026-07-30 07:47:25,046][Trainer][INFO] - Epoch 27
[2026-07-30 07:47:25,046][Trainer][INFO] - Current learning rate: 0.00976
[2026-07-30 07:48:48,180][root][INFO] - Starting training script
[2026-07-30 07:48:48,181][root][INFO] - torch.cuda.is_available(): True
[2026-07-30 07:48:48,181][root][INFO] - Setting seed
[2026-07-30 07:48:48,188][root][INFO] - Sleeping for 5 seconds
[2026-07-30 07:48:53,193][root][INFO] - Setting up emissions tracker
[2026-07-30 07:48:54,754][root][INFO] - Creating trainer
[2026-07-30 07:48:55,456][AutoExperimentPlanner][INFO] - Using base_num_features: 32
[2026-07-30 07:48:55,456][AutoExperimentPlanner][INFO] - Using max_features: 320
[2026-07-30 07:48:55,456][AutoExperimentPlanner][INFO] - Applied model_scale = 1.00
[2026-07-30 07:48:55,456][AutoExperimentPlanner][INFO] - Encoder blocks per stage: (2, 2, 2, 2, 2, 2, 2, 2, 2, 2, 2, 2, 2, 2)
[2026-07-30 07:48:55,456][AutoExperimentPlanner][INFO] - Decoder blocks per stage: (2, 2, 2, 2, 2, 2, 2, 2, 2, 2, 2, 2, 2)
[2026-07-30 07:48:55,468][AutoExperimentPlanner][INFO] - Using normalization: <class 'torch.nn.modules.instancenorm.InstanceNorm3d'>
[2026-07-30 07:48:55,468][AutoExperimentPlanner][INFO] - Using activation function: torch.nn.LeakyReLU
[2026-07-30 07:48:55,468][AutoExperimentPlanner][INFO] - Using dropout: None
[2026-07-30 07:48:57,056][AutoExperimentPlanner][INFO] - Using normalization: <class 'torch.nn.modules.instancenorm.InstanceNorm2d'>
[2026-07-30 07:48:57,056][AutoExperimentPlanner][INFO] - Using activation function: torch.nn.LeakyReLU
[2026-07-30 07:48:57,056][AutoExperimentPlanner][INFO] - Using dropout: None
[2026-07-30 07:48:57,547][Trainer][INFO] - 
#######################################################################
Please cite the following paper when using nnU-Net:
Isensee, F., Jaeger, P. F., Kohl, S. A., Petersen, J., & Maier-Hein, K. H. (2021). nnU-Net: a self-configuring method for deep learning-based biomedical image segmentation. Nature methods, 18(2), 203-211.
#######################################################################

[2026-07-30 07:48:57,547][Trainer][INFO] - Updated hyperparameter config:
[2026-07-30 07:48:57,547][Trainer][INFO] - num_epochs: 300
[2026-07-30 07:48:57,547][Trainer][INFO] - total_epochs: 300
[2026-07-30 07:48:57,547][Trainer][INFO] - optimizer: SGD
[2026-07-30 07:48:57,547][Trainer][INFO] - momentum: 0.99
[2026-07-30 07:48:57,547][Trainer][INFO] - initial_lr: 0.01
[2026-07-30 07:48:57,547][Trainer][INFO] - weight_decay: 3e-05
[2026-07-30 07:48:57,548][Trainer][INFO] - lr_scheduler: PolyLRScheduler
[2026-07-30 07:48:57,548][Trainer][INFO] - oversample_foreground_percent: 0.33
[2026-07-30 07:48:57,548][Trainer][INFO] - loss_function: DiceAndCrossEntropyLoss
[2026-07-30 07:48:57,548][Trainer][INFO] - aug_factor: 1.0
[2026-07-30 07:48:57,548][Trainer][INFO] - aug_scale_prob: 0.2
[2026-07-30 07:48:57,548][Trainer][INFO] - aug_rotate_prob: 0.2
[2026-07-30 07:48:57,548][Trainer][INFO] - aug_gaussian_noise_prob: 0.1
[2026-07-30 07:48:57,548][Trainer][INFO] - aug_gaussian_blur_prob: 0.2
[2026-07-30 07:48:57,548][Trainer][INFO] - aug_brightness_prob: 0.15
[2026-07-30 07:48:57,548][Trainer][INFO] - aug_contrast_prob: 0.15
[2026-07-30 07:48:57,548][Trainer][INFO] - aug_lowres_prob: 0.25
[2026-07-30 07:48:57,548][Trainer][INFO] - aug_gamma_1_prob: 0.1
[2026-07-30 07:48:57,548][Trainer][INFO] - aug_gamma_2_prob: 0.3
[2026-07-30 07:48:57,548][Trainer][INFO] - encoder_type: ConvolutionalEncoder
[2026-07-30 07:48:57,548][Trainer][INFO] - base_num_features: 32
[2026-07-30 07:48:57,548][Trainer][INFO] - max_features: 320
[2026-07-30 07:48:57,548][Trainer][INFO] - activation: LeakyReLU
[2026-07-30 07:48:57,548][Trainer][INFO] - dropout_rate: 0.0
[2026-07-30 07:48:57,548][Trainer][INFO] - model_scale: 1
[2026-07-30 07:48:57,548][Trainer][INFO] - normalization: InstanceNorm
[2026-07-30 07:48:57,569][root][INFO] - Starting training
[2026-07-30 07:48:57,570][Trainer][INFO] - do_dummy_2d_data_aug: True
[2026-07-30 07:48:57,574][Trainer][INFO] - Using splits from existing split file: /home/hailt/BC_MAMAMIA/AutoNNUnet/data/nnUNet_preprocessed/Dataset501_MAMAMIA/splits_final.json
[2026-07-30 07:48:57,574][Trainer][INFO] - The split file contains 5 splits.
[2026-07-30 07:48:57,574][Trainer][INFO] - Desired fold for training: 1
[2026-07-30 07:48:57,574][Trainer][INFO] - This split has 960 training and 240 validation cases.
[2026-07-30 07:49:05,060][Trainer][INFO] - Using torch.compile...
[2026-07-30 07:49:07,507][Trainer][INFO] - Set optimizer to SGD
[2026-07-30 07:49:07,508][Trainer][INFO] - Set lr_scheduler to PolyLRScheduler
[2026-07-30 07:49:07,509][Trainer][INFO] - Set loss to DeepSupervisionWrapper
[2026-07-30 07:49:07,509][Trainer][INFO] - 
This is the configuration used by this training:
Configuration name: 3d_fullres
 {'data_identifier': 'nnUNetPlans_3d_fullres', 'preprocessor_name': 'DefaultPreprocessor', 'batch_size': 2, 'patch_size': (56, 192, 192), 'median_image_size_in_voxels': [80.0, 256.0, 256.0], 'spacing': [2.0, 0.7031000256538391, 0.7031000256538391], 'normalization_schemes': ['ZScoreNormalization', 'ZScoreNormalization', 'ZScoreNormalization'], 'use_mask_for_norm': [False, False, False], 'resampling_fn_data': 'resample_data_or_seg_to_shape', 'resampling_fn_seg': 'resample_data_or_seg_to_shape', 'resampling_fn_data_kwargs': {'is_seg': False, 'order': 3, 'order_z': 0, 'force_separate_z': None}, 'resampling_fn_seg_kwargs': {'is_seg': True, 'order': 1, 'order_z': 0, 'force_separate_z': None}, 'resampling_fn_probabilities': 'resample_data_or_seg_to_shape', 'resampling_fn_probabilities_kwargs': {'is_seg': False, 'order': 1, 'order_z': 0, 'force_separate_z': None}, 'architecture': {'network_class_name': 'dynamic_network_architectures.architectures.unet.PlainConvUNet', 'arch_kwargs': {'n_stages': 6, 'features_per_stage': (32, 64, 128, 256, 320, 320), 'conv_op': 'torch.nn.modules.conv.Conv3d', 'kernel_sizes': ((1, 3, 3), (3, 3, 3), (3, 3, 3), (3, 3, 3), (3, 3, 3), (3, 3, 3)), 'strides': ((1, 1, 1), (1, 2, 2), (2, 2, 2), (2, 2, 2), (2, 2, 2), (1, 2, 2)), 'n_conv_per_stage': (2, 2, 2, 2, 2, 2), 'n_conv_per_stage_decoder': (2, 2, 2, 2, 2), 'conv_bias': True, 'norm_op': 'torch.nn.modules.instancenorm.InstanceNorm3d', 'norm_op_kwargs': {'eps': 1e-05, 'affine': True}, 'dropout_op': None, 'dropout_op_kwargs': None, 'nonlin': 'torch.nn.LeakyReLU', 'nonlin_kwargs': {'inplace': True}, 'deep_supervision': True}, '_kw_requires_import': ('conv_op', 'norm_op', 'dropout_op', 'nonlin')}, 'batch_dice': False} 

[2026-07-30 07:49:07,509][Trainer][INFO] - These are the global plan.json settings:
 {'dataset_name': 'Dataset501_MAMAMIA', 'plans_name': 'nnUNetPlans', 'original_median_spacing_after_transp': [2.0, 0.7031000256538391, 0.7031000256538391], 'original_median_shape_after_transp': [80, 256, 256], 'image_reader_writer': 'SimpleITKIO', 'transpose_forward': [0, 1, 2], 'transpose_backward': [0, 1, 2], 'experiment_planner_used': 'AutoExperimentPlanner', 'label_manager': 'LabelManager', 'foreground_intensity_properties_per_channel': {'0': {'max': 8399.0, 'mean': 526.5316162109375, 'median': 358.0, 'min': 0.0, 'percentile_00_5': 22.0, 'percentile_99_5': 2252.0, 'std': 497.0259704589844}, '1': {'max': 13172.0, 'mean': 1096.2913818359375, 'median': 659.0, 'min': 0.0, 'percentile_00_5': 51.0, 'percentile_99_5': 5549.0, 'std': 1145.160888671875}, '2': {'max': 13668.0, 'mean': 1225.3990478515625, 'median': 762.0, 'min': 0.0, 'percentile_00_5': 54.0, 'percentile_99_5': 5765.0, 'std': 1223.5499267578125}}} 

[2026-07-30 07:49:07,511][Trainer][INFO] - Unable to plot network architecture: nnUNet_compile is enabled!
[2026-07-30 07:49:07,518][Trainer][INFO] - 
[2026-07-30 07:49:07,518][Trainer][INFO] - Epoch 0
[2026-07-30 07:49:07,518][Trainer][INFO] - Current learning rate: 0.01
[2026-07-30 07:50:39,189][Trainer][INFO] - train_loss -0.2404
[2026-07-30 07:50:39,190][Trainer][INFO] - val_loss -0.3983
[2026-07-30 07:50:39,190][Trainer][INFO] - Pseudo dice 0.4529
[2026-07-30 07:50:39,190][Trainer][INFO] - Epoch time: 91.67 s
[2026-07-30 07:50:39,190][Trainer][INFO] - Yayy! New best EMA pseudo Dice: 0.4529
[2026-07-30 07:50:40,461][Trainer][INFO] - 
[2026-07-30 07:50:40,461][Trainer][INFO] - Epoch 1
[2026-07-30 07:50:40,461][Trainer][INFO] - Current learning rate: 0.00997
[2026-07-30 07:51:38,821][Trainer][INFO] - train_loss -0.4406
[2026-07-30 07:51:38,822][Trainer][INFO] - val_loss -0.4836
[2026-07-30 07:51:38,822][Trainer][INFO] - Pseudo dice 0.5132
[2026-07-30 07:51:38,822][Trainer][INFO] - Epoch time: 58.36 s
[2026-07-30 07:51:38,822][Trainer][INFO] - Yayy! New best EMA pseudo Dice: 0.4589
[2026-07-30 07:51:40,176][Trainer][INFO] - 
[2026-07-30 07:51:40,176][Trainer][INFO] - Epoch 2
[2026-07-30 07:51:40,176][Trainer][INFO] - Current learning rate: 0.00994
[2026-07-30 07:52:38,567][Trainer][INFO] - train_loss -0.4449
[2026-07-30 07:52:38,567][Trainer][INFO] - val_loss -0.4898
[2026-07-30 07:52:38,567][Trainer][INFO] - Pseudo dice 0.5595
[2026-07-30 07:52:38,567][Trainer][INFO] - Epoch time: 58.39 s
[2026-07-30 07:52:38,568][Trainer][INFO] - Yayy! New best EMA pseudo Dice: 0.469
[2026-07-30 07:52:39,943][Trainer][INFO] - 
[2026-07-30 07:52:39,943][Trainer][INFO] - Epoch 3
[2026-07-30 07:52:39,943][Trainer][INFO] - Current learning rate: 0.00991
[2026-07-30 07:53:38,341][Trainer][INFO] - train_loss -0.469
[2026-07-30 07:53:38,342][Trainer][INFO] - val_loss -0.517
[2026-07-30 07:53:38,342][Trainer][INFO] - Pseudo dice 0.6091
[2026-07-30 07:53:38,342][Trainer][INFO] - Epoch time: 58.4 s
[2026-07-30 07:53:38,342][Trainer][INFO] - Yayy! New best EMA pseudo Dice: 0.483
[2026-07-30 07:53:39,689][Trainer][INFO] - 
[2026-07-30 07:53:39,689][Trainer][INFO] - Epoch 4
[2026-07-30 07:53:39,689][Trainer][INFO] - Current learning rate: 0.00988
[2026-07-30 07:54:37,965][Trainer][INFO] - train_loss -0.5227
[2026-07-30 07:54:37,965][Trainer][INFO] - val_loss -0.5496
[2026-07-30 07:54:37,965][Trainer][INFO] - Pseudo dice 0.6057
[2026-07-30 07:54:37,965][Trainer][INFO] - Epoch time: 58.28 s
[2026-07-30 07:54:37,965][Trainer][INFO] - Yayy! New best EMA pseudo Dice: 0.4953
[2026-07-30 07:54:39,401][Trainer][INFO] - 
[2026-07-30 07:54:39,402][Trainer][INFO] - Epoch 5
[2026-07-30 07:54:39,402][Trainer][INFO] - Current learning rate: 0.00985
[2026-07-30 07:55:37,801][Trainer][INFO] - train_loss -0.5144
[2026-07-30 07:55:37,801][Trainer][INFO] - val_loss -0.5643
[2026-07-30 07:55:37,801][Trainer][INFO] - Pseudo dice 0.6001
[2026-07-30 07:55:37,801][Trainer][INFO] - Epoch time: 58.4 s
[2026-07-30 07:55:37,801][Trainer][INFO] - Yayy! New best EMA pseudo Dice: 0.5058
[2026-07-30 07:55:39,205][Trainer][INFO] - 
[2026-07-30 07:55:39,205][Trainer][INFO] - Epoch 6
[2026-07-30 07:55:39,205][Trainer][INFO] - Current learning rate: 0.00982
[2026-07-30 07:56:37,320][Trainer][INFO] - train_loss -0.5237
[2026-07-30 07:56:37,320][Trainer][INFO] - val_loss -0.5921
[2026-07-30 07:56:37,320][Trainer][INFO] - Pseudo dice 0.6166
[2026-07-30 07:56:37,320][Trainer][INFO] - Epoch time: 58.12 s
[2026-07-30 07:56:37,320][Trainer][INFO] - Yayy! New best EMA pseudo Dice: 0.5168
[2026-07-30 07:56:38,712][Trainer][INFO] - 
[2026-07-30 07:56:38,712][Trainer][INFO] - Epoch 7
[2026-07-30 07:56:38,712][Trainer][INFO] - Current learning rate: 0.00979
[2026-07-30 07:57:36,775][Trainer][INFO] - train_loss -0.52
[2026-07-30 07:57:36,776][Trainer][INFO] - val_loss -0.5393
[2026-07-30 07:57:36,776][Trainer][INFO] - Pseudo dice 0.6011
[2026-07-30 07:57:36,776][Trainer][INFO] - Epoch time: 58.07 s
[2026-07-30 07:57:36,776][Trainer][INFO] - Yayy! New best EMA pseudo Dice: 0.5253
[2026-07-30 07:57:38,172][Trainer][INFO] - 
[2026-07-30 07:57:38,172][Trainer][INFO] - Epoch 8
[2026-07-30 07:57:38,172][Trainer][INFO] - Current learning rate: 0.00976
[2026-07-30 07:58:36,109][Trainer][INFO] - train_loss -0.5429
[2026-07-30 07:58:36,109][Trainer][INFO] - val_loss -0.5876
[2026-07-30 07:58:36,109][Trainer][INFO] - Pseudo dice 0.6587
[2026-07-30 07:58:36,109][Trainer][INFO] - Epoch time: 57.94 s
[2026-07-30 07:58:36,109][Trainer][INFO] - Yayy! New best EMA pseudo Dice: 0.5386
[2026-07-30 07:58:37,523][Trainer][INFO] - 
[2026-07-30 07:58:37,523][Trainer][INFO] - Epoch 9
[2026-07-30 07:58:37,523][Trainer][INFO] - Current learning rate: 0.00973
[2026-07-30 07:59:35,531][Trainer][INFO] - train_loss -0.5579
[2026-07-30 07:59:35,531][Trainer][INFO] - val_loss -0.5638
[2026-07-30 07:59:35,531][Trainer][INFO] - Pseudo dice 0.6115
[2026-07-30 07:59:35,532][Trainer][INFO] - Epoch time: 58.01 s
[2026-07-30 07:59:35,532][Trainer][INFO] - Yayy! New best EMA pseudo Dice: 0.5459
[2026-07-30 07:59:36,889][Trainer][INFO] - 
[2026-07-30 07:59:36,889][Trainer][INFO] - Epoch 10
[2026-07-30 07:59:36,889][Trainer][INFO] - Current learning rate: 0.0097
[2026-07-30 08:00:35,356][Trainer][INFO] - train_loss -0.5361
[2026-07-30 08:00:35,356][Trainer][INFO] - val_loss -0.557
[2026-07-30 08:00:35,356][Trainer][INFO] - Pseudo dice 0.6166
[2026-07-30 08:00:35,356][Trainer][INFO] - Epoch time: 58.47 s
[2026-07-30 08:00:35,356][Trainer][INFO] - Yayy! New best EMA pseudo Dice: 0.553
[2026-07-30 08:00:36,824][Trainer][INFO] - 
[2026-07-30 08:00:36,825][Trainer][INFO] - Epoch 11
[2026-07-30 08:00:36,825][Trainer][INFO] - Current learning rate: 0.00967
[2026-07-30 08:01:35,066][Trainer][INFO] - train_loss -0.5657
[2026-07-30 08:01:35,066][Trainer][INFO] - val_loss -0.6281
[2026-07-30 08:01:35,066][Trainer][INFO] - Pseudo dice 0.6723
[2026-07-30 08:01:35,066][Trainer][INFO] - Epoch time: 58.24 s
[2026-07-30 08:01:35,067][Trainer][INFO] - Yayy! New best EMA pseudo Dice: 0.5649
[2026-07-30 08:01:36,505][Trainer][INFO] - 
[2026-07-30 08:01:36,506][Trainer][INFO] - Epoch 12
[2026-07-30 08:01:36,506][Trainer][INFO] - Current learning rate: 0.00964
[2026-07-30 08:02:34,830][Trainer][INFO] - train_loss -0.5469
[2026-07-30 08:02:34,830][Trainer][INFO] - val_loss -0.5764
[2026-07-30 08:02:34,830][Trainer][INFO] - Pseudo dice 0.6309
[2026-07-30 08:02:34,831][Trainer][INFO] - Epoch time: 58.33 s
[2026-07-30 08:02:34,831][Trainer][INFO] - Yayy! New best EMA pseudo Dice: 0.5715
[2026-07-30 08:02:37,816][Trainer][INFO] - 
[2026-07-30 08:02:37,816][Trainer][INFO] - Epoch 13
[2026-07-30 08:02:37,816][Trainer][INFO] - Current learning rate: 0.00961
[2026-07-30 08:03:36,060][Trainer][INFO] - train_loss -0.599
[2026-07-30 08:03:36,061][Trainer][INFO] - val_loss -0.6512
[2026-07-30 08:03:36,061][Trainer][INFO] - Pseudo dice 0.7245
[2026-07-30 08:03:36,061][Trainer][INFO] - Epoch time: 58.25 s
[2026-07-30 08:03:36,061][Trainer][INFO] - Yayy! New best EMA pseudo Dice: 0.5868
[2026-07-30 08:03:37,409][Trainer][INFO] - 
[2026-07-30 08:03:37,410][Trainer][INFO] - Epoch 14
[2026-07-30 08:03:37,410][Trainer][INFO] - Current learning rate: 0.00958
[2026-07-30 08:04:35,988][Trainer][INFO] - train_loss -0.5891
[2026-07-30 08:04:35,989][Trainer][INFO] - val_loss -0.5717
[2026-07-30 08:04:35,989][Trainer][INFO] - Pseudo dice 0.6885
[2026-07-30 08:04:35,989][Trainer][INFO] - Epoch time: 58.58 s
[2026-07-30 08:04:35,989][Trainer][INFO] - Yayy! New best EMA pseudo Dice: 0.597
[2026-07-30 08:04:37,389][Trainer][INFO] - 
[2026-07-30 08:04:37,389][Trainer][INFO] - Epoch 15
[2026-07-30 08:04:37,389][Trainer][INFO] - Current learning rate: 0.00955
[2026-07-30 08:05:36,015][Trainer][INFO] - train_loss -0.593
[2026-07-30 08:05:36,015][Trainer][INFO] - val_loss -0.5851
[2026-07-30 08:05:36,015][Trainer][INFO] - Pseudo dice 0.6474
[2026-07-30 08:05:36,015][Trainer][INFO] - Epoch time: 58.63 s
[2026-07-30 08:05:36,015][Trainer][INFO] - Yayy! New best EMA pseudo Dice: 0.602
[2026-07-30 08:05:37,486][Trainer][INFO] - 
[2026-07-30 08:05:37,486][Trainer][INFO] - Epoch 16
[2026-07-30 08:05:37,487][Trainer][INFO] - Current learning rate: 0.00952
[2026-07-30 08:06:35,806][Trainer][INFO] - train_loss -0.56
[2026-07-30 08:06:35,806][Trainer][INFO] - val_loss -0.5796
[2026-07-30 08:06:35,806][Trainer][INFO] - Pseudo dice 0.664
[2026-07-30 08:06:35,806][Trainer][INFO] - Epoch time: 58.32 s
[2026-07-30 08:06:35,806][Trainer][INFO] - Yayy! New best EMA pseudo Dice: 0.6082
[2026-07-30 08:06:37,284][Trainer][INFO] - 
[2026-07-30 08:06:37,284][Trainer][INFO] - Epoch 17
[2026-07-30 08:06:37,284][Trainer][INFO] - Current learning rate: 0.00949
[2026-07-30 08:07:35,483][Trainer][INFO] - train_loss -0.5798
[2026-07-30 08:07:35,483][Trainer][INFO] - val_loss -0.5766
[2026-07-30 08:07:35,483][Trainer][INFO] - Pseudo dice 0.5936
[2026-07-30 08:07:35,483][Trainer][INFO] - Epoch time: 58.2 s
[2026-07-30 08:07:36,369][Trainer][INFO] - 
[2026-07-30 08:07:36,369][Trainer][INFO] - Epoch 18
[2026-07-30 08:07:36,369][Trainer][INFO] - Current learning rate: 0.00946
[2026-07-30 08:08:34,833][Trainer][INFO] - train_loss -0.5937
[2026-07-30 08:08:34,833][Trainer][INFO] - val_loss -0.5775
[2026-07-30 08:08:34,833][Trainer][INFO] - Pseudo dice 0.5716
[2026-07-30 08:08:34,833][Trainer][INFO] - Epoch time: 58.46 s
[2026-07-30 08:08:35,714][Trainer][INFO] - 
[2026-07-30 08:08:35,714][Trainer][INFO] - Epoch 19
[2026-07-30 08:08:35,714][Trainer][INFO] - Current learning rate: 0.00943
[2026-07-30 17:49:55,213][root][INFO] - Starting training script
[2026-07-30 17:49:55,213][root][INFO] - torch.cuda.is_available(): True
[2026-07-30 17:49:55,213][root][INFO] - Setting seed
[2026-07-30 17:49:55,364][root][INFO] - Sleeping for 5 seconds
[2026-07-30 17:50:00,370][root][INFO] - Setting up emissions tracker
[2026-07-30 17:50:02,043][root][INFO] - Creating trainer
[2026-07-30 17:50:03,513][AutoExperimentPlanner][INFO] - Using base_num_features: 32
[2026-07-30 17:50:03,514][AutoExperimentPlanner][INFO] - Using max_features: 320
[2026-07-30 17:50:03,514][AutoExperimentPlanner][INFO] - Applied model_scale = 1.00
[2026-07-30 17:50:03,514][AutoExperimentPlanner][INFO] - Encoder blocks per stage: (2, 2, 2, 2, 2, 2, 2, 2, 2, 2, 2, 2, 2, 2)
[2026-07-30 17:50:03,514][AutoExperimentPlanner][INFO] - Decoder blocks per stage: (2, 2, 2, 2, 2, 2, 2, 2, 2, 2, 2, 2, 2)
[2026-07-30 17:50:03,526][AutoExperimentPlanner][INFO] - Using normalization: <class 'torch.nn.modules.instancenorm.InstanceNorm3d'>
[2026-07-30 17:50:03,526][AutoExperimentPlanner][INFO] - Using activation function: torch.nn.LeakyReLU
[2026-07-30 17:50:03,526][AutoExperimentPlanner][INFO] - Using dropout: None
[2026-07-30 17:50:05,105][AutoExperimentPlanner][INFO] - Using normalization: <class 'torch.nn.modules.instancenorm.InstanceNorm2d'>
[2026-07-30 17:50:05,105][AutoExperimentPlanner][INFO] - Using activation function: torch.nn.LeakyReLU
[2026-07-30 17:50:05,105][AutoExperimentPlanner][INFO] - Using dropout: None
[2026-07-30 17:50:05,891][Trainer][INFO] - 
#######################################################################
Please cite the following paper when using nnU-Net:
Isensee, F., Jaeger, P. F., Kohl, S. A., Petersen, J., & Maier-Hein, K. H. (2021). nnU-Net: a self-configuring method for deep learning-based biomedical image segmentation. Nature methods, 18(2), 203-211.
#######################################################################

[2026-07-30 17:50:05,892][Trainer][INFO] - Updated hyperparameter config:
[2026-07-30 17:50:05,892][Trainer][INFO] - num_epochs: 300
[2026-07-30 17:50:05,892][Trainer][INFO] - total_epochs: 300
[2026-07-30 17:50:05,892][Trainer][INFO] - optimizer: SGD
[2026-07-30 17:50:05,892][Trainer][INFO] - momentum: 0.99
[2026-07-30 17:50:05,892][Trainer][INFO] - initial_lr: 0.01
[2026-07-30 17:50:05,892][Trainer][INFO] - weight_decay: 3e-05
[2026-07-30 17:50:05,892][Trainer][INFO] - lr_scheduler: PolyLRScheduler
[2026-07-30 17:50:05,892][Trainer][INFO] - oversample_foreground_percent: 0.33
[2026-07-30 17:50:05,892][Trainer][INFO] - loss_function: DiceAndCrossEntropyLoss
[2026-07-30 17:50:05,892][Trainer][INFO] - aug_factor: 1.0
[2026-07-30 17:50:05,892][Trainer][INFO] - aug_scale_prob: 0.2
[2026-07-30 17:50:05,892][Trainer][INFO] - aug_rotate_prob: 0.2
[2026-07-30 17:50:05,892][Trainer][INFO] - aug_gaussian_noise_prob: 0.1
[2026-07-30 17:50:05,892][Trainer][INFO] - aug_gaussian_blur_prob: 0.2
[2026-07-30 17:50:05,892][Trainer][INFO] - aug_brightness_prob: 0.15
[2026-07-30 17:50:05,892][Trainer][INFO] - aug_contrast_prob: 0.15
[2026-07-30 17:50:05,892][Trainer][INFO] - aug_lowres_prob: 0.25
[2026-07-30 17:50:05,892][Trainer][INFO] - aug_gamma_1_prob: 0.1
[2026-07-30 17:50:05,892][Trainer][INFO] - aug_gamma_2_prob: 0.3
[2026-07-30 17:50:05,893][Trainer][INFO] - encoder_type: ConvolutionalEncoder
[2026-07-30 17:50:05,893][Trainer][INFO] - base_num_features: 32
[2026-07-30 17:50:05,893][Trainer][INFO] - max_features: 320
[2026-07-30 17:50:05,893][Trainer][INFO] - activation: LeakyReLU
[2026-07-30 17:50:05,893][Trainer][INFO] - dropout_rate: 0.0
[2026-07-30 17:50:05,893][Trainer][INFO] - model_scale: 1
[2026-07-30 17:50:05,893][Trainer][INFO] - normalization: InstanceNorm
[2026-07-30 17:50:05,915][root][INFO] - Starting training
[2026-07-30 17:50:05,915][Trainer][INFO] - do_dummy_2d_data_aug: True
[2026-07-30 17:50:05,919][Trainer][INFO] - Using splits from existing split file: /home/hailt/BC_MAMAMIA/AutoNNUnet/data/nnUNet_preprocessed/Dataset501_MAMAMIA/splits_final.json
[2026-07-30 17:50:05,920][Trainer][INFO] - The split file contains 5 splits.
[2026-07-30 17:50:05,920][Trainer][INFO] - Desired fold for training: 1
[2026-07-30 17:50:05,920][Trainer][INFO] - This split has 960 training and 240 validation cases.
[2026-07-30 17:50:32,129][Trainer][INFO] - Using torch.compile...
[2026-07-30 17:51:26,959][Trainer][INFO] - Set optimizer to SGD
[2026-07-30 17:51:26,959][Trainer][INFO] - Set lr_scheduler to PolyLRScheduler
[2026-07-30 17:51:26,960][Trainer][INFO] - Set loss to DeepSupervisionWrapper
[2026-07-30 17:51:26,961][Trainer][INFO] - 
This is the configuration used by this training:
Configuration name: 3d_fullres
 {'data_identifier': 'nnUNetPlans_3d_fullres', 'preprocessor_name': 'DefaultPreprocessor', 'batch_size': 2, 'patch_size': (56, 192, 192), 'median_image_size_in_voxels': [80.0, 256.0, 256.0], 'spacing': [2.0, 0.7031000256538391, 0.7031000256538391], 'normalization_schemes': ['ZScoreNormalization', 'ZScoreNormalization', 'ZScoreNormalization'], 'use_mask_for_norm': [False, False, False], 'resampling_fn_data': 'resample_data_or_seg_to_shape', 'resampling_fn_seg': 'resample_data_or_seg_to_shape', 'resampling_fn_data_kwargs': {'is_seg': False, 'order': 3, 'order_z': 0, 'force_separate_z': None}, 'resampling_fn_seg_kwargs': {'is_seg': True, 'order': 1, 'order_z': 0, 'force_separate_z': None}, 'resampling_fn_probabilities': 'resample_data_or_seg_to_shape', 'resampling_fn_probabilities_kwargs': {'is_seg': False, 'order': 1, 'order_z': 0, 'force_separate_z': None}, 'architecture': {'network_class_name': 'dynamic_network_architectures.architectures.unet.PlainConvUNet', 'arch_kwargs': {'n_stages': 6, 'features_per_stage': (32, 64, 128, 256, 320, 320), 'conv_op': 'torch.nn.modules.conv.Conv3d', 'kernel_sizes': ((1, 3, 3), (3, 3, 3), (3, 3, 3), (3, 3, 3), (3, 3, 3), (3, 3, 3)), 'strides': ((1, 1, 1), (1, 2, 2), (2, 2, 2), (2, 2, 2), (2, 2, 2), (1, 2, 2)), 'n_conv_per_stage': (2, 2, 2, 2, 2, 2), 'n_conv_per_stage_decoder': (2, 2, 2, 2, 2), 'conv_bias': True, 'norm_op': 'torch.nn.modules.instancenorm.InstanceNorm3d', 'norm_op_kwargs': {'eps': 1e-05, 'affine': True}, 'dropout_op': None, 'dropout_op_kwargs': None, 'nonlin': 'torch.nn.LeakyReLU', 'nonlin_kwargs': {'inplace': True}, 'deep_supervision': True}, '_kw_requires_import': ('conv_op', 'norm_op', 'dropout_op', 'nonlin')}, 'batch_dice': False} 

[2026-07-30 17:51:26,961][Trainer][INFO] - These are the global plan.json settings:
 {'dataset_name': 'Dataset501_MAMAMIA', 'plans_name': 'nnUNetPlans', 'original_median_spacing_after_transp': [2.0, 0.7031000256538391, 0.7031000256538391], 'original_median_shape_after_transp': [80, 256, 256], 'image_reader_writer': 'SimpleITKIO', 'transpose_forward': [0, 1, 2], 'transpose_backward': [0, 1, 2], 'experiment_planner_used': 'AutoExperimentPlanner', 'label_manager': 'LabelManager', 'foreground_intensity_properties_per_channel': {'0': {'max': 8399.0, 'mean': 526.5316162109375, 'median': 358.0, 'min': 0.0, 'percentile_00_5': 22.0, 'percentile_99_5': 2252.0, 'std': 497.0259704589844}, '1': {'max': 13172.0, 'mean': 1096.2913818359375, 'median': 659.0, 'min': 0.0, 'percentile_00_5': 51.0, 'percentile_99_5': 5549.0, 'std': 1145.160888671875}, '2': {'max': 13668.0, 'mean': 1225.3990478515625, 'median': 762.0, 'min': 0.0, 'percentile_00_5': 54.0, 'percentile_99_5': 5765.0, 'std': 1223.5499267578125}}} 

[2026-07-30 17:51:26,963][Trainer][INFO] - Unable to plot network architecture: nnUNet_compile is enabled!
[2026-07-30 17:51:26,970][Trainer][INFO] - 
[2026-07-30 17:51:26,970][Trainer][INFO] - Epoch 0
[2026-07-30 17:51:26,971][Trainer][INFO] - Current learning rate: 0.01
[2026-08-02 08:39:41,792][root][INFO] - Starting training script
[2026-08-02 08:39:41,793][root][INFO] - torch.cuda.is_available(): True
[2026-08-02 08:39:41,793][root][INFO] - Setting seed
[2026-08-02 08:39:41,796][root][INFO] - Sleeping for 5 seconds
[2026-08-02 08:39:46,796][root][INFO] - Setting up emissions tracker
[2026-08-02 08:39:48,181][root][INFO] - Creating trainer
[2026-08-02 08:39:49,677][AutoExperimentPlanner][INFO] - Using base_num_features: 32
[2026-08-02 08:39:49,677][AutoExperimentPlanner][INFO] - Using max_features: 320
[2026-08-02 08:39:49,677][AutoExperimentPlanner][INFO] - Applied model_scale = 1.00
[2026-08-02 08:39:49,677][AutoExperimentPlanner][INFO] - Encoder blocks per stage: (2, 2, 2, 2, 2, 2, 2, 2, 2, 2, 2, 2, 2, 2)
[2026-08-02 08:39:49,678][AutoExperimentPlanner][INFO] - Decoder blocks per stage: (2, 2, 2, 2, 2, 2, 2, 2, 2, 2, 2, 2, 2)
[2026-08-02 08:39:49,690][AutoExperimentPlanner][INFO] - Using normalization: <class 'torch.nn.modules.instancenorm.InstanceNorm3d'>
[2026-08-02 08:39:49,690][AutoExperimentPlanner][INFO] - Using activation function: torch.nn.LeakyReLU
[2026-08-02 08:39:49,690][AutoExperimentPlanner][INFO] - Using dropout: None
[2026-08-02 08:39:51,037][AutoExperimentPlanner][INFO] - Using normalization: <class 'torch.nn.modules.instancenorm.InstanceNorm2d'>
[2026-08-02 08:39:51,037][AutoExperimentPlanner][INFO] - Using activation function: torch.nn.LeakyReLU
[2026-08-02 08:39:51,037][AutoExperimentPlanner][INFO] - Using dropout: None
[2026-08-02 08:39:51,724][Trainer][INFO] - 
#######################################################################
Please cite the following paper when using nnU-Net:
Isensee, F., Jaeger, P. F., Kohl, S. A., Petersen, J., & Maier-Hein, K. H. (2021). nnU-Net: a self-configuring method for deep learning-based biomedical image segmentation. Nature methods, 18(2), 203-211.
#######################################################################

[2026-08-02 08:39:51,724][Trainer][INFO] - Updated hyperparameter config:
[2026-08-02 08:39:51,724][Trainer][INFO] - num_epochs: 300
[2026-08-02 08:39:51,724][Trainer][INFO] - total_epochs: 300
[2026-08-02 08:39:51,724][Trainer][INFO] - optimizer: SGD
[2026-08-02 08:39:51,724][Trainer][INFO] - momentum: 0.99
[2026-08-02 08:39:51,724][Trainer][INFO] - initial_lr: 0.01
[2026-08-02 08:39:51,724][Trainer][INFO] - weight_decay: 3e-05
[2026-08-02 08:39:51,724][Trainer][INFO] - lr_scheduler: PolyLRScheduler
[2026-08-02 08:39:51,725][Trainer][INFO] - oversample_foreground_percent: 0.33
[2026-08-02 08:39:51,725][Trainer][INFO] - loss_function: DiceAndCrossEntropyLoss
[2026-08-02 08:39:51,725][Trainer][INFO] - aug_factor: 1.0
[2026-08-02 08:39:51,725][Trainer][INFO] - aug_scale_prob: 0.2
[2026-08-02 08:39:51,725][Trainer][INFO] - aug_rotate_prob: 0.2
[2026-08-02 08:39:51,725][Trainer][INFO] - aug_gaussian_noise_prob: 0.1
[2026-08-02 08:39:51,725][Trainer][INFO] - aug_gaussian_blur_prob: 0.2
[2026-08-02 08:39:51,725][Trainer][INFO] - aug_brightness_prob: 0.15
[2026-08-02 08:39:51,725][Trainer][INFO] - aug_contrast_prob: 0.15
[2026-08-02 08:39:51,725][Trainer][INFO] - aug_lowres_prob: 0.25
[2026-08-02 08:39:51,725][Trainer][INFO] - aug_gamma_1_prob: 0.1
[2026-08-02 08:39:51,725][Trainer][INFO] - aug_gamma_2_prob: 0.3
[2026-08-02 08:39:51,725][Trainer][INFO] - encoder_type: ConvolutionalEncoder
[2026-08-02 08:39:51,725][Trainer][INFO] - base_num_features: 32
[2026-08-02 08:39:51,725][Trainer][INFO] - max_features: 320
[2026-08-02 08:39:51,725][Trainer][INFO] - activation: LeakyReLU
[2026-08-02 08:39:51,725][Trainer][INFO] - dropout_rate: 0.0
[2026-08-02 08:39:51,725][Trainer][INFO] - model_scale: 1
[2026-08-02 08:39:51,725][Trainer][INFO] - normalization: InstanceNorm
[2026-08-02 08:39:51,750][root][INFO] - Starting training
[2026-08-02 08:39:51,751][Trainer][INFO] - do_dummy_2d_data_aug: True
[2026-08-02 08:39:51,756][Trainer][INFO] - Using splits from existing split file: /home/hailt/BC_MAMAMIA/AutoNNUnet/data/nnUNet_preprocessed/Dataset501_MAMAMIA/splits_final.json
[2026-08-02 08:39:51,759][Trainer][INFO] - The split file contains 5 splits.
[2026-08-02 08:39:51,759][Trainer][INFO] - Desired fold for training: 1
[2026-08-02 08:39:51,759][Trainer][INFO] - This split has 960 training and 240 validation cases.
[2026-08-02 08:40:31,819][Trainer][INFO] - Using torch.compile...
[2026-08-02 08:40:32,723][Trainer][INFO] - Set optimizer to SGD
[2026-08-02 08:40:32,723][Trainer][INFO] - Set lr_scheduler to PolyLRScheduler
[2026-08-02 08:40:32,724][Trainer][INFO] - Set loss to DeepSupervisionWrapper
[2026-08-02 08:40:32,725][Trainer][INFO] - 
This is the configuration used by this training:
Configuration name: 3d_fullres
 {'data_identifier': 'nnUNetPlans_3d_fullres', 'preprocessor_name': 'DefaultPreprocessor', 'batch_size': 2, 'patch_size': (56, 192, 192), 'median_image_size_in_voxels': [80.0, 256.0, 256.0], 'spacing': [2.0, 0.7031000256538391, 0.7031000256538391], 'normalization_schemes': ['ZScoreNormalization', 'ZScoreNormalization', 'ZScoreNormalization'], 'use_mask_for_norm': [False, False, False], 'resampling_fn_data': 'resample_data_or_seg_to_shape', 'resampling_fn_seg': 'resample_data_or_seg_to_shape', 'resampling_fn_data_kwargs': {'is_seg': False, 'order': 3, 'order_z': 0, 'force_separate_z': None}, 'resampling_fn_seg_kwargs': {'is_seg': True, 'order': 1, 'order_z': 0, 'force_separate_z': None}, 'resampling_fn_probabilities': 'resample_data_or_seg_to_shape', 'resampling_fn_probabilities_kwargs': {'is_seg': False, 'order': 1, 'order_z': 0, 'force_separate_z': None}, 'architecture': {'network_class_name': 'dynamic_network_architectures.architectures.unet.PlainConvUNet', 'arch_kwargs': {'n_stages': 6, 'features_per_stage': (32, 64, 128, 256, 320, 320), 'conv_op': 'torch.nn.modules.conv.Conv3d', 'kernel_sizes': ((1, 3, 3), (3, 3, 3), (3, 3, 3), (3, 3, 3), (3, 3, 3), (3, 3, 3)), 'strides': ((1, 1, 1), (1, 2, 2), (2, 2, 2), (2, 2, 2), (2, 2, 2), (1, 2, 2)), 'n_conv_per_stage': (2, 2, 2, 2, 2, 2), 'n_conv_per_stage_decoder': (2, 2, 2, 2, 2), 'conv_bias': True, 'norm_op': 'torch.nn.modules.instancenorm.InstanceNorm3d', 'norm_op_kwargs': {'eps': 1e-05, 'affine': True}, 'dropout_op': None, 'dropout_op_kwargs': None, 'nonlin': 'torch.nn.LeakyReLU', 'nonlin_kwargs': {'inplace': True}, 'deep_supervision': True}, '_kw_requires_import': ('conv_op', 'norm_op', 'dropout_op', 'nonlin')}, 'batch_dice': False} 

[2026-08-02 08:40:32,725][Trainer][INFO] - These are the global plan.json settings:
 {'dataset_name': 'Dataset501_MAMAMIA', 'plans_name': 'nnUNetPlans', 'original_median_spacing_after_transp': [2.0, 0.7031000256538391, 0.7031000256538391], 'original_median_shape_after_transp': [80, 256, 256], 'image_reader_writer': 'SimpleITKIO', 'transpose_forward': [0, 1, 2], 'transpose_backward': [0, 1, 2], 'experiment_planner_used': 'AutoExperimentPlanner', 'label_manager': 'LabelManager', 'foreground_intensity_properties_per_channel': {'0': {'max': 8399.0, 'mean': 526.5316162109375, 'median': 358.0, 'min': 0.0, 'percentile_00_5': 22.0, 'percentile_99_5': 2252.0, 'std': 497.0259704589844}, '1': {'max': 13172.0, 'mean': 1096.2913818359375, 'median': 659.0, 'min': 0.0, 'percentile_00_5': 51.0, 'percentile_99_5': 5549.0, 'std': 1145.160888671875}, '2': {'max': 13668.0, 'mean': 1225.3990478515625, 'median': 762.0, 'min': 0.0, 'percentile_00_5': 54.0, 'percentile_99_5': 5765.0, 'std': 1223.5499267578125}}} 

[2026-08-02 08:40:32,727][Trainer][INFO] - Unable to plot network architecture: nnUNet_compile is enabled!
[2026-08-02 08:40:32,734][Trainer][INFO] - 
[2026-08-02 08:40:32,734][Trainer][INFO] - Epoch 0
[2026-08-02 08:40:32,734][Trainer][INFO] - Current learning rate: 0.01
[2026-08-02 08:46:05,356][Trainer][INFO] - train_loss -0.2676
[2026-08-02 08:46:05,357][Trainer][INFO] - val_loss -0.4186
[2026-08-02 08:46:05,357][Trainer][INFO] - Pseudo dice 0.4678
[2026-08-02 08:46:05,357][Trainer][INFO] - Epoch time: 332.62 s
[2026-08-02 08:46:05,357][Trainer][INFO] - Yayy! New best EMA pseudo Dice: 0.4678
[2026-08-02 08:46:06,479][Trainer][INFO] - 
[2026-08-02 08:46:06,480][Trainer][INFO] - Epoch 1
[2026-08-02 08:46:06,480][Trainer][INFO] - Current learning rate: 0.00997
[2026-08-02 08:48:58,813][Trainer][INFO] - train_loss -0.4486
[2026-08-02 08:48:58,813][Trainer][INFO] - val_loss -0.4821
[2026-08-02 08:48:58,813][Trainer][INFO] - Pseudo dice 0.5337
[2026-08-02 08:48:58,814][Trainer][INFO] - Epoch time: 172.33 s
[2026-08-02 08:48:58,814][Trainer][INFO] - Yayy! New best EMA pseudo Dice: 0.4744
[2026-08-02 08:49:00,081][Trainer][INFO] - 
[2026-08-02 08:49:00,081][Trainer][INFO] - Epoch 2
[2026-08-02 08:49:00,081][Trainer][INFO] - Current learning rate: 0.00994
[2026-08-02 08:50:54,457][Trainer][INFO] - train_loss -0.4718
[2026-08-02 08:50:54,457][Trainer][INFO] - val_loss -0.4295
[2026-08-02 08:50:54,457][Trainer][INFO] - Pseudo dice 0.5187
[2026-08-02 08:50:54,457][Trainer][INFO] - Epoch time: 114.38 s
[2026-08-02 08:50:54,457][Trainer][INFO] - Yayy! New best EMA pseudo Dice: 0.4788
[2026-08-02 08:50:55,769][Trainer][INFO] - 
[2026-08-02 08:50:55,769][Trainer][INFO] - Epoch 3
[2026-08-02 08:50:55,769][Trainer][INFO] - Current learning rate: 0.00991
[2026-08-02 08:52:14,736][Trainer][INFO] - train_loss -0.4844
[2026-08-02 08:52:14,736][Trainer][INFO] - val_loss -0.4774
[2026-08-02 08:52:14,737][Trainer][INFO] - Pseudo dice 0.5435
[2026-08-02 08:52:14,737][Trainer][INFO] - Epoch time: 78.97 s
[2026-08-02 08:52:14,737][Trainer][INFO] - Yayy! New best EMA pseudo Dice: 0.4853
[2026-08-02 08:52:16,047][Trainer][INFO] - 
[2026-08-02 08:52:16,047][Trainer][INFO] - Epoch 4
[2026-08-02 08:52:16,047][Trainer][INFO] - Current learning rate: 0.00988
[2026-08-02 08:53:14,448][Trainer][INFO] - train_loss -0.4909
[2026-08-02 08:53:14,448][Trainer][INFO] - val_loss -0.5173
[2026-08-02 08:53:14,448][Trainer][INFO] - Pseudo dice 0.5636
[2026-08-02 08:53:14,449][Trainer][INFO] - Epoch time: 58.4 s
[2026-08-02 08:53:14,449][Trainer][INFO] - Yayy! New best EMA pseudo Dice: 0.4931
[2026-08-02 08:53:15,765][Trainer][INFO] - 
[2026-08-02 08:53:15,765][Trainer][INFO] - Epoch 5
[2026-08-02 08:53:15,765][Trainer][INFO] - Current learning rate: 0.00985
[2026-08-02 08:54:14,470][Trainer][INFO] - train_loss -0.5458
[2026-08-02 08:54:14,470][Trainer][INFO] - val_loss -0.5471
[2026-08-02 08:54:14,470][Trainer][INFO] - Pseudo dice 0.5877
[2026-08-02 08:54:14,470][Trainer][INFO] - Epoch time: 58.71 s
[2026-08-02 08:54:14,470][Trainer][INFO] - Yayy! New best EMA pseudo Dice: 0.5026
[2026-08-02 08:54:15,780][Trainer][INFO] - 
[2026-08-02 08:54:15,781][Trainer][INFO] - Epoch 6
[2026-08-02 08:54:15,781][Trainer][INFO] - Current learning rate: 0.00982
[2026-08-02 08:55:14,659][Trainer][INFO] - train_loss -0.4968
[2026-08-02 08:55:14,659][Trainer][INFO] - val_loss -0.4863
[2026-08-02 08:55:14,659][Trainer][INFO] - Pseudo dice 0.5815
[2026-08-02 08:55:14,659][Trainer][INFO] - Epoch time: 58.88 s
[2026-08-02 08:55:14,660][Trainer][INFO] - Yayy! New best EMA pseudo Dice: 0.5105
[2026-08-02 08:55:15,976][Trainer][INFO] - 
[2026-08-02 08:55:15,976][Trainer][INFO] - Epoch 7
[2026-08-02 08:55:15,976][Trainer][INFO] - Current learning rate: 0.00979
[2026-08-02 08:56:14,205][Trainer][INFO] - train_loss -0.5107
[2026-08-02 08:56:14,205][Trainer][INFO] - val_loss -0.5596
[2026-08-02 08:56:14,206][Trainer][INFO] - Pseudo dice 0.6104
[2026-08-02 08:56:14,206][Trainer][INFO] - Epoch time: 58.23 s
[2026-08-02 08:56:14,206][Trainer][INFO] - Yayy! New best EMA pseudo Dice: 0.5205
[2026-08-02 08:56:15,512][Trainer][INFO] - 
[2026-08-02 08:56:15,512][Trainer][INFO] - Epoch 8
[2026-08-02 08:56:15,513][Trainer][INFO] - Current learning rate: 0.00976
[2026-08-02 08:57:13,659][Trainer][INFO] - train_loss -0.5429
[2026-08-02 08:57:13,660][Trainer][INFO] - val_loss -0.5276
[2026-08-02 08:57:13,660][Trainer][INFO] - Pseudo dice 0.5599
[2026-08-02 08:57:13,660][Trainer][INFO] - Epoch time: 58.15 s
[2026-08-02 08:57:13,660][Trainer][INFO] - Yayy! New best EMA pseudo Dice: 0.5244
[2026-08-02 08:57:14,975][Trainer][INFO] - 
[2026-08-02 08:57:14,975][Trainer][INFO] - Epoch 9
[2026-08-02 08:57:14,975][Trainer][INFO] - Current learning rate: 0.00973
[2026-08-02 08:58:13,143][Trainer][INFO] - train_loss -0.5562
[2026-08-02 08:58:13,143][Trainer][INFO] - val_loss -0.5411
[2026-08-02 08:58:13,143][Trainer][INFO] - Pseudo dice 0.5922
[2026-08-02 08:58:13,143][Trainer][INFO] - Epoch time: 58.17 s
[2026-08-02 08:58:13,143][Trainer][INFO] - Yayy! New best EMA pseudo Dice: 0.5312
[2026-08-02 08:58:14,450][Trainer][INFO] - 
[2026-08-02 08:58:14,451][Trainer][INFO] - Epoch 10
[2026-08-02 08:58:14,451][Trainer][INFO] - Current learning rate: 0.0097
[2026-08-02 08:59:12,682][Trainer][INFO] - train_loss -0.5696
[2026-08-02 08:59:12,683][Trainer][INFO] - val_loss -0.602
[2026-08-02 08:59:12,683][Trainer][INFO] - Pseudo dice 0.6998
[2026-08-02 08:59:12,683][Trainer][INFO] - Epoch time: 58.23 s
[2026-08-02 08:59:12,683][Trainer][INFO] - Yayy! New best EMA pseudo Dice: 0.548
[2026-08-02 08:59:14,001][Trainer][INFO] - 
[2026-08-02 08:59:14,002][Trainer][INFO] - Epoch 11
[2026-08-02 08:59:14,002][Trainer][INFO] - Current learning rate: 0.00967
[2026-08-02 09:00:12,217][Trainer][INFO] - train_loss -0.553
[2026-08-02 09:00:12,217][Trainer][INFO] - val_loss -0.562
[2026-08-02 09:00:12,217][Trainer][INFO] - Pseudo dice 0.6513
[2026-08-02 09:00:12,217][Trainer][INFO] - Epoch time: 58.22 s
[2026-08-02 09:00:12,217][Trainer][INFO] - Yayy! New best EMA pseudo Dice: 0.5584
[2026-08-02 09:00:13,548][Trainer][INFO] - 
[2026-08-02 09:00:13,548][Trainer][INFO] - Epoch 12
[2026-08-02 09:00:13,549][Trainer][INFO] - Current learning rate: 0.00964
[2026-08-02 09:01:11,731][Trainer][INFO] - train_loss -0.5513
[2026-08-02 09:01:11,731][Trainer][INFO] - val_loss -0.5845
[2026-08-02 09:01:11,731][Trainer][INFO] - Pseudo dice 0.6854
[2026-08-02 09:01:11,731][Trainer][INFO] - Epoch time: 58.18 s
[2026-08-02 09:01:11,731][Trainer][INFO] - Yayy! New best EMA pseudo Dice: 0.5711
[2026-08-02 09:01:13,042][Trainer][INFO] - 
[2026-08-02 09:01:13,043][Trainer][INFO] - Epoch 13
[2026-08-02 09:01:13,043][Trainer][INFO] - Current learning rate: 0.00961
[2026-08-02 09:02:11,565][Trainer][INFO] - train_loss -0.5593
[2026-08-02 09:02:11,565][Trainer][INFO] - val_loss -0.5636
[2026-08-02 09:02:11,565][Trainer][INFO] - Pseudo dice 0.6297
[2026-08-02 09:02:11,565][Trainer][INFO] - Epoch time: 58.52 s
[2026-08-02 09:02:11,565][Trainer][INFO] - Yayy! New best EMA pseudo Dice: 0.5769
[2026-08-02 09:02:12,899][Trainer][INFO] - 
[2026-08-02 09:02:12,899][Trainer][INFO] - Epoch 14
[2026-08-02 09:02:12,899][Trainer][INFO] - Current learning rate: 0.00958
[2026-08-02 09:03:11,387][Trainer][INFO] - train_loss -0.552
[2026-08-02 09:03:11,387][Trainer][INFO] - val_loss -0.5933
[2026-08-02 09:03:11,387][Trainer][INFO] - Pseudo dice 0.6898
[2026-08-02 09:03:11,387][Trainer][INFO] - Epoch time: 58.49 s
[2026-08-02 09:03:11,387][Trainer][INFO] - Yayy! New best EMA pseudo Dice: 0.5882
[2026-08-02 09:03:12,719][Trainer][INFO] - 
[2026-08-02 09:03:12,719][Trainer][INFO] - Epoch 15
[2026-08-02 09:03:12,719][Trainer][INFO] - Current learning rate: 0.00955
[2026-08-02 09:04:11,027][Trainer][INFO] - train_loss -0.5692
[2026-08-02 09:04:11,027][Trainer][INFO] - val_loss -0.6103
[2026-08-02 09:04:11,027][Trainer][INFO] - Pseudo dice 0.676
[2026-08-02 09:04:11,027][Trainer][INFO] - Epoch time: 58.31 s
[2026-08-02 09:04:11,027][Trainer][INFO] - Yayy! New best EMA pseudo Dice: 0.597
[2026-08-02 09:04:13,068][Trainer][INFO] - 
[2026-08-02 09:04:13,068][Trainer][INFO] - Epoch 16
[2026-08-02 09:04:13,069][Trainer][INFO] - Current learning rate: 0.00952
[2026-08-02 09:05:11,573][Trainer][INFO] - train_loss -0.5845
[2026-08-02 09:05:11,574][Trainer][INFO] - val_loss -0.6284
[2026-08-02 09:05:11,574][Trainer][INFO] - Pseudo dice 0.705
[2026-08-02 09:05:11,574][Trainer][INFO] - Epoch time: 58.51 s
[2026-08-02 09:05:11,574][Trainer][INFO] - Yayy! New best EMA pseudo Dice: 0.6078
[2026-08-02 09:05:12,929][Trainer][INFO] - 
[2026-08-02 09:05:12,930][Trainer][INFO] - Epoch 17
[2026-08-02 09:05:12,930][Trainer][INFO] - Current learning rate: 0.00949
[2026-08-02 09:06:11,341][Trainer][INFO] - train_loss -0.5799
[2026-08-02 09:06:11,341][Trainer][INFO] - val_loss -0.6025
[2026-08-02 09:06:11,341][Trainer][INFO] - Pseudo dice 0.6626
[2026-08-02 09:06:11,341][Trainer][INFO] - Epoch time: 58.41 s
[2026-08-02 09:06:11,341][Trainer][INFO] - Yayy! New best EMA pseudo Dice: 0.6133
[2026-08-02 09:06:12,662][Trainer][INFO] - 
[2026-08-02 09:06:12,662][Trainer][INFO] - Epoch 18
[2026-08-02 09:06:12,662][Trainer][INFO] - Current learning rate: 0.00946
[2026-08-02 09:07:10,950][Trainer][INFO] - train_loss -0.5874
[2026-08-02 09:07:10,950][Trainer][INFO] - val_loss -0.6113
[2026-08-02 09:07:10,950][Trainer][INFO] - Pseudo dice 0.6887
[2026-08-02 09:07:10,950][Trainer][INFO] - Epoch time: 58.29 s
[2026-08-02 09:07:10,950][Trainer][INFO] - Yayy! New best EMA pseudo Dice: 0.6208
[2026-08-02 09:07:12,277][Trainer][INFO] - 
[2026-08-02 09:07:12,277][Trainer][INFO] - Epoch 19
[2026-08-02 09:07:12,277][Trainer][INFO] - Current learning rate: 0.00943
[2026-08-02 09:08:10,508][Trainer][INFO] - train_loss -0.6032
[2026-08-02 09:08:10,508][Trainer][INFO] - val_loss -0.6516
[2026-08-02 09:08:10,508][Trainer][INFO] - Pseudo dice 0.7302
[2026-08-02 09:08:10,508][Trainer][INFO] - Epoch time: 58.23 s
[2026-08-02 09:08:10,508][Trainer][INFO] - Yayy! New best EMA pseudo Dice: 0.6318
[2026-08-02 09:08:11,847][Trainer][INFO] - 
[2026-08-02 09:08:11,847][Trainer][INFO] - Epoch 20
[2026-08-02 09:08:11,848][Trainer][INFO] - Current learning rate: 0.0094
[2026-08-02 09:09:10,025][Trainer][INFO] - train_loss -0.5923
[2026-08-02 09:09:10,025][Trainer][INFO] - val_loss -0.584
[2026-08-02 09:09:10,025][Trainer][INFO] - Pseudo dice 0.6894
[2026-08-02 09:09:10,025][Trainer][INFO] - Epoch time: 58.18 s
[2026-08-02 09:09:10,026][Trainer][INFO] - Yayy! New best EMA pseudo Dice: 0.6375
[2026-08-02 09:09:11,394][Trainer][INFO] - 
[2026-08-02 09:09:11,394][Trainer][INFO] - Epoch 21
[2026-08-02 09:09:11,395][Trainer][INFO] - Current learning rate: 0.00937
[2026-08-02 09:10:09,686][Trainer][INFO] - train_loss -0.6354
[2026-08-02 09:10:09,686][Trainer][INFO] - val_loss -0.6061
[2026-08-02 09:10:09,686][Trainer][INFO] - Pseudo dice 0.7829
[2026-08-02 09:10:09,687][Trainer][INFO] - Epoch time: 58.29 s
[2026-08-02 09:10:09,687][Trainer][INFO] - Yayy! New best EMA pseudo Dice: 0.6521
[2026-08-02 09:10:11,030][Trainer][INFO] - 
[2026-08-02 09:10:11,030][Trainer][INFO] - Epoch 22
[2026-08-02 09:10:11,030][Trainer][INFO] - Current learning rate: 0.00934
[2026-08-02 09:11:09,232][Trainer][INFO] - train_loss -0.584
[2026-08-02 09:11:09,233][Trainer][INFO] - val_loss -0.6716
[2026-08-02 09:11:09,233][Trainer][INFO] - Pseudo dice 0.7393
[2026-08-02 09:11:09,233][Trainer][INFO] - Epoch time: 58.2 s
[2026-08-02 09:11:09,233][Trainer][INFO] - Yayy! New best EMA pseudo Dice: 0.6608
[2026-08-02 09:11:10,536][Trainer][INFO] - 
[2026-08-02 09:11:10,536][Trainer][INFO] - Epoch 23
[2026-08-02 09:11:10,536][Trainer][INFO] - Current learning rate: 0.00931
[2026-08-02 09:12:08,795][Trainer][INFO] - train_loss -0.6026
[2026-08-02 09:12:08,795][Trainer][INFO] - val_loss -0.6006
[2026-08-02 09:12:08,795][Trainer][INFO] - Pseudo dice 0.6792
[2026-08-02 09:12:08,795][Trainer][INFO] - Epoch time: 58.26 s
[2026-08-02 09:12:08,795][Trainer][INFO] - Yayy! New best EMA pseudo Dice: 0.6626
[2026-08-02 09:12:10,302][Trainer][INFO] - 
[2026-08-02 09:12:10,302][Trainer][INFO] - Epoch 24
[2026-08-02 09:12:10,303][Trainer][INFO] - Current learning rate: 0.00928
[2026-08-02 09:13:08,603][Trainer][INFO] - train_loss -0.6181
[2026-08-02 09:13:08,603][Trainer][INFO] - val_loss -0.6748
[2026-08-02 09:13:08,603][Trainer][INFO] - Pseudo dice 0.7701
[2026-08-02 09:13:08,603][Trainer][INFO] - Epoch time: 58.3 s
[2026-08-02 09:13:08,603][Trainer][INFO] - Yayy! New best EMA pseudo Dice: 0.6734
[2026-08-02 09:13:09,941][Trainer][INFO] - 
[2026-08-02 09:13:09,941][Trainer][INFO] - Epoch 25
[2026-08-02 09:13:09,941][Trainer][INFO] - Current learning rate: 0.00925
[2026-08-02 09:14:08,064][Trainer][INFO] - train_loss -0.6199
[2026-08-02 09:14:08,065][Trainer][INFO] - val_loss -0.5963
[2026-08-02 09:14:08,065][Trainer][INFO] - Pseudo dice 0.6635
[2026-08-02 09:14:08,065][Trainer][INFO] - Epoch time: 58.12 s
[2026-08-02 09:14:08,950][Trainer][INFO] - 
[2026-08-02 09:14:08,951][Trainer][INFO] - Epoch 26
[2026-08-02 09:14:08,951][Trainer][INFO] - Current learning rate: 0.00922
[2026-08-02 09:15:07,109][Trainer][INFO] - train_loss -0.6097
[2026-08-02 09:15:07,110][Trainer][INFO] - val_loss -0.6046
[2026-08-02 09:15:07,110][Trainer][INFO] - Pseudo dice 0.7183
[2026-08-02 09:15:07,110][Trainer][INFO] - Epoch time: 58.16 s
[2026-08-02 09:15:07,110][Trainer][INFO] - Yayy! New best EMA pseudo Dice: 0.677
[2026-08-02 09:15:08,431][Trainer][INFO] - 
[2026-08-02 09:15:08,432][Trainer][INFO] - Epoch 27
[2026-08-02 09:15:08,432][Trainer][INFO] - Current learning rate: 0.00919
[2026-08-02 09:16:06,440][Trainer][INFO] - train_loss -0.6225
[2026-08-02 09:16:06,440][Trainer][INFO] - val_loss -0.6759
[2026-08-02 09:16:06,441][Trainer][INFO] - Pseudo dice 0.76
[2026-08-02 09:16:06,441][Trainer][INFO] - Epoch time: 58.01 s
[2026-08-02 09:16:06,441][Trainer][INFO] - Yayy! New best EMA pseudo Dice: 0.6853
[2026-08-02 09:16:07,753][Trainer][INFO] - 
[2026-08-02 09:16:07,753][Trainer][INFO] - Epoch 28
[2026-08-02 09:16:07,753][Trainer][INFO] - Current learning rate: 0.00916
[2026-08-02 09:17:05,841][Trainer][INFO] - train_loss -0.6172
[2026-08-02 09:17:05,842][Trainer][INFO] - val_loss -0.621
[2026-08-02 09:17:05,842][Trainer][INFO] - Pseudo dice 0.626
[2026-08-02 09:17:05,842][Trainer][INFO] - Epoch time: 58.09 s
[2026-08-02 09:17:06,720][Trainer][INFO] - 
[2026-08-02 09:17:06,720][Trainer][INFO] - Epoch 29
[2026-08-02 09:17:06,720][Trainer][INFO] - Current learning rate: 0.00913
[2026-08-02 09:18:04,837][Trainer][INFO] - train_loss -0.5824
[2026-08-02 09:18:04,838][Trainer][INFO] - val_loss -0.5978
[2026-08-02 09:18:04,838][Trainer][INFO] - Pseudo dice 0.6068
[2026-08-02 09:18:04,838][Trainer][INFO] - Epoch time: 58.12 s
[2026-08-02 09:18:05,723][Trainer][INFO] - 
[2026-08-02 09:18:05,724][Trainer][INFO] - Epoch 30
[2026-08-02 09:18:05,724][Trainer][INFO] - Current learning rate: 0.0091
[2026-08-02 09:19:03,892][Trainer][INFO] - train_loss -0.6073
[2026-08-02 09:19:03,892][Trainer][INFO] - val_loss -0.6343
[2026-08-02 09:19:03,892][Trainer][INFO] - Pseudo dice 0.6226
[2026-08-02 09:19:03,892][Trainer][INFO] - Epoch time: 58.17 s
[2026-08-02 09:19:04,771][Trainer][INFO] - 
[2026-08-02 09:19:04,771][Trainer][INFO] - Epoch 31
[2026-08-02 09:19:04,771][Trainer][INFO] - Current learning rate: 0.00907
[2026-08-02 09:20:03,070][Trainer][INFO] - train_loss -0.6333
[2026-08-02 09:20:03,070][Trainer][INFO] - val_loss -0.6713
[2026-08-02 09:20:03,070][Trainer][INFO] - Pseudo dice 0.731
[2026-08-02 09:20:03,070][Trainer][INFO] - Epoch time: 58.3 s
[2026-08-02 09:20:03,955][Trainer][INFO] - 
[2026-08-02 09:20:03,955][Trainer][INFO] - Epoch 32
[2026-08-02 09:20:03,955][Trainer][INFO] - Current learning rate: 0.00903
[2026-08-02 09:21:02,102][Trainer][INFO] - train_loss -0.6336
[2026-08-02 09:21:02,102][Trainer][INFO] - val_loss -0.6841
[2026-08-02 09:21:02,103][Trainer][INFO] - Pseudo dice 0.7757
[2026-08-02 09:21:02,103][Trainer][INFO] - Epoch time: 58.15 s
[2026-08-02 09:21:02,990][Trainer][INFO] - 
[2026-08-02 09:21:02,990][Trainer][INFO] - Epoch 33
[2026-08-02 09:21:02,990][Trainer][INFO] - Current learning rate: 0.009
[2026-08-02 09:22:01,196][Trainer][INFO] - train_loss -0.6263
[2026-08-02 09:22:01,197][Trainer][INFO] - val_loss -0.7068
[2026-08-02 09:22:01,197][Trainer][INFO] - Pseudo dice 0.8258
[2026-08-02 09:22:01,197][Trainer][INFO] - Epoch time: 58.21 s
[2026-08-02 09:22:01,197][Trainer][INFO] - Yayy! New best EMA pseudo Dice: 0.698
[2026-08-02 09:22:02,497][Trainer][INFO] - 
[2026-08-02 09:22:02,498][Trainer][INFO] - Epoch 34
[2026-08-02 09:22:02,498][Trainer][INFO] - Current learning rate: 0.00897
[2026-08-02 09:23:00,775][Trainer][INFO] - train_loss -0.6117
[2026-08-02 09:23:00,775][Trainer][INFO] - val_loss -0.6826
[2026-08-02 09:23:00,776][Trainer][INFO] - Pseudo dice 0.7154
[2026-08-02 09:23:00,776][Trainer][INFO] - Epoch time: 58.28 s
[2026-08-02 09:23:00,776][Trainer][INFO] - Yayy! New best EMA pseudo Dice: 0.6997
[2026-08-02 09:23:02,089][Trainer][INFO] - 
[2026-08-02 09:23:02,090][Trainer][INFO] - Epoch 35
[2026-08-02 09:23:02,090][Trainer][INFO] - Current learning rate: 0.00894
[2026-08-02 09:24:00,237][Trainer][INFO] - train_loss -0.5751
[2026-08-02 09:24:00,238][Trainer][INFO] - val_loss -0.6181
[2026-08-02 09:24:00,238][Trainer][INFO] - Pseudo dice 0.6892
[2026-08-02 09:24:00,238][Trainer][INFO] - Epoch time: 58.15 s
[2026-08-02 09:24:01,149][Trainer][INFO] - 
[2026-08-02 09:24:01,149][Trainer][INFO] - Epoch 36
[2026-08-02 09:24:01,149][Trainer][INFO] - Current learning rate: 0.00891
[2026-08-02 09:24:59,492][Trainer][INFO] - train_loss -0.5772
[2026-08-02 09:24:59,492][Trainer][INFO] - val_loss -0.6506
[2026-08-02 09:24:59,492][Trainer][INFO] - Pseudo dice 0.6927
[2026-08-02 09:24:59,493][Trainer][INFO] - Epoch time: 58.34 s
[2026-08-02 09:25:01,143][Trainer][INFO] - 
[2026-08-02 09:25:01,144][Trainer][INFO] - Epoch 37
[2026-08-02 09:25:01,144][Trainer][INFO] - Current learning rate: 0.00888
[2026-08-02 09:25:59,504][Trainer][INFO] - train_loss -0.6249
[2026-08-02 09:25:59,504][Trainer][INFO] - val_loss -0.6358
[2026-08-02 09:25:59,504][Trainer][INFO] - Pseudo dice 0.7132
[2026-08-02 09:25:59,504][Trainer][INFO] - Epoch time: 58.36 s
[2026-08-02 09:26:00,406][Trainer][INFO] - 
[2026-08-02 09:26:00,406][Trainer][INFO] - Epoch 38
[2026-08-02 09:26:00,406][Trainer][INFO] - Current learning rate: 0.00885
[2026-08-02 09:26:58,642][Trainer][INFO] - train_loss -0.6243
[2026-08-02 09:26:58,642][Trainer][INFO] - val_loss -0.63
[2026-08-02 09:26:58,642][Trainer][INFO] - Pseudo dice 0.7017
[2026-08-02 09:26:58,642][Trainer][INFO] - Epoch time: 58.24 s
[2026-08-02 09:26:58,642][Trainer][INFO] - Yayy! New best EMA pseudo Dice: 0.6998
[2026-08-02 09:26:59,989][Trainer][INFO] - 
[2026-08-02 09:26:59,989][Trainer][INFO] - Epoch 39
[2026-08-02 09:26:59,989][Trainer][INFO] - Current learning rate: 0.00882
[2026-08-02 09:27:58,246][Trainer][INFO] - train_loss -0.61
[2026-08-02 09:27:58,246][Trainer][INFO] - val_loss -0.6927
[2026-08-02 09:27:58,246][Trainer][INFO] - Pseudo dice 0.7737
[2026-08-02 09:27:58,247][Trainer][INFO] - Epoch time: 58.26 s
[2026-08-02 09:27:58,247][Trainer][INFO] - Yayy! New best EMA pseudo Dice: 0.7072
[2026-08-02 09:27:59,599][Trainer][INFO] - 
[2026-08-02 09:27:59,599][Trainer][INFO] - Epoch 40
[2026-08-02 09:27:59,599][Trainer][INFO] - Current learning rate: 0.00879
[2026-08-02 09:28:57,855][Trainer][INFO] - train_loss -0.6482
[2026-08-02 09:28:57,855][Trainer][INFO] - val_loss -0.6741
[2026-08-02 09:28:57,855][Trainer][INFO] - Pseudo dice 0.6837
[2026-08-02 09:28:57,855][Trainer][INFO] - Epoch time: 58.26 s
[2026-08-02 09:28:58,759][Trainer][INFO] - 
[2026-08-02 09:28:58,759][Trainer][INFO] - Epoch 41
[2026-08-02 09:28:58,759][Trainer][INFO] - Current learning rate: 0.00876
[2026-08-02 09:29:57,092][Trainer][INFO] - train_loss -0.6344
[2026-08-02 09:29:57,092][Trainer][INFO] - val_loss -0.6905
[2026-08-02 09:29:57,092][Trainer][INFO] - Pseudo dice 0.7845
[2026-08-02 09:29:57,092][Trainer][INFO] - Epoch time: 58.33 s
[2026-08-02 09:29:57,092][Trainer][INFO] - Yayy! New best EMA pseudo Dice: 0.7128
[2026-08-02 09:29:58,410][Trainer][INFO] - 
[2026-08-02 09:29:58,410][Trainer][INFO] - Epoch 42
[2026-08-02 09:29:58,410][Trainer][INFO] - Current learning rate: 0.00873
[2026-08-02 09:30:56,806][Trainer][INFO] - train_loss -0.6263
[2026-08-02 09:30:56,806][Trainer][INFO] - val_loss -0.6249
[2026-08-02 09:30:56,806][Trainer][INFO] - Pseudo dice 0.7575
[2026-08-02 09:30:56,806][Trainer][INFO] - Epoch time: 58.4 s
[2026-08-02 09:30:56,806][Trainer][INFO] - Yayy! New best EMA pseudo Dice: 0.7173
[2026-08-02 09:30:58,116][Trainer][INFO] - 
[2026-08-02 09:30:58,116][Trainer][INFO] - Epoch 43
[2026-08-02 09:30:58,116][Trainer][INFO] - Current learning rate: 0.0087
[2026-08-02 09:31:56,442][Trainer][INFO] - train_loss -0.6242
[2026-08-02 09:31:56,442][Trainer][INFO] - val_loss -0.665
[2026-08-02 09:31:56,442][Trainer][INFO] - Pseudo dice 0.7439
[2026-08-02 09:31:56,442][Trainer][INFO] - Epoch time: 58.33 s
[2026-08-02 09:31:56,442][Trainer][INFO] - Yayy! New best EMA pseudo Dice: 0.7199
[2026-08-02 09:31:57,774][Trainer][INFO] - 
[2026-08-02 09:31:57,774][Trainer][INFO] - Epoch 44
[2026-08-02 09:31:57,774][Trainer][INFO] - Current learning rate: 0.00867
[2026-08-02 09:32:56,110][Trainer][INFO] - train_loss -0.6197
[2026-08-02 09:32:56,111][Trainer][INFO] - val_loss -0.6527
[2026-08-02 09:32:56,111][Trainer][INFO] - Pseudo dice 0.7281
[2026-08-02 09:32:56,111][Trainer][INFO] - Epoch time: 58.34 s
[2026-08-02 09:32:56,111][Trainer][INFO] - Yayy! New best EMA pseudo Dice: 0.7207
[2026-08-02 09:32:57,426][Trainer][INFO] - 
[2026-08-02 09:32:57,426][Trainer][INFO] - Epoch 45
[2026-08-02 09:32:57,427][Trainer][INFO] - Current learning rate: 0.00864
[2026-08-02 09:33:55,624][Trainer][INFO] - train_loss -0.6493
[2026-08-02 09:33:55,625][Trainer][INFO] - val_loss -0.6922
[2026-08-02 09:33:55,625][Trainer][INFO] - Pseudo dice 0.7859
[2026-08-02 09:33:55,625][Trainer][INFO] - Epoch time: 58.2 s
[2026-08-02 09:33:55,625][Trainer][INFO] - Yayy! New best EMA pseudo Dice: 0.7273
[2026-08-02 09:33:56,989][Trainer][INFO] - 
[2026-08-02 09:33:56,989][Trainer][INFO] - Epoch 46
[2026-08-02 09:33:56,989][Trainer][INFO] - Current learning rate: 0.00861
[2026-08-02 09:34:55,174][Trainer][INFO] - train_loss -0.6326
[2026-08-02 09:34:55,174][Trainer][INFO] - val_loss -0.68
[2026-08-02 09:34:55,174][Trainer][INFO] - Pseudo dice 0.7693
[2026-08-02 09:34:55,174][Trainer][INFO] - Epoch time: 58.19 s
[2026-08-02 09:34:55,175][Trainer][INFO] - Yayy! New best EMA pseudo Dice: 0.7315
[2026-08-02 09:34:56,507][Trainer][INFO] - 
[2026-08-02 09:34:56,507][Trainer][INFO] - Epoch 47
[2026-08-02 09:34:56,507][Trainer][INFO] - Current learning rate: 0.00858
[2026-08-02 09:35:54,831][Trainer][INFO] - train_loss -0.6588
[2026-08-02 09:35:54,832][Trainer][INFO] - val_loss -0.7033
[2026-08-02 09:35:54,832][Trainer][INFO] - Pseudo dice 0.7271
[2026-08-02 09:35:54,832][Trainer][INFO] - Epoch time: 58.33 s
[2026-08-02 09:35:55,711][Trainer][INFO] - 
[2026-08-02 09:35:55,712][Trainer][INFO] - Epoch 48
[2026-08-02 09:35:55,712][Trainer][INFO] - Current learning rate: 0.00855
[2026-08-02 09:36:54,026][Trainer][INFO] - train_loss -0.6591
[2026-08-02 09:36:54,026][Trainer][INFO] - val_loss -0.6877
[2026-08-02 09:36:54,026][Trainer][INFO] - Pseudo dice 0.7726
[2026-08-02 09:36:54,027][Trainer][INFO] - Epoch time: 58.32 s
[2026-08-02 09:36:54,027][Trainer][INFO] - Yayy! New best EMA pseudo Dice: 0.7352
[2026-08-02 09:36:55,417][Trainer][INFO] - 
[2026-08-02 09:36:55,417][Trainer][INFO] - Epoch 49
[2026-08-02 09:36:55,418][Trainer][INFO] - Current learning rate: 0.00852
[2026-08-02 09:37:53,650][Trainer][INFO] - train_loss -0.6432
[2026-08-02 09:37:53,651][Trainer][INFO] - val_loss -0.6276
[2026-08-02 09:37:53,651][Trainer][INFO] - Pseudo dice 0.7473
[2026-08-02 09:37:53,651][Trainer][INFO] - Epoch time: 58.23 s
[2026-08-02 09:37:53,951][Trainer][INFO] - Yayy! New best EMA pseudo Dice: 0.7364
[2026-08-02 09:37:55,276][Trainer][INFO] - 
[2026-08-02 09:37:55,276][Trainer][INFO] - Epoch 50
[2026-08-02 09:37:55,276][Trainer][INFO] - Current learning rate: 0.00849
[2026-08-02 09:38:53,677][Trainer][INFO] - train_loss -0.6414
[2026-08-02 09:38:53,677][Trainer][INFO] - val_loss -0.6979
[2026-08-02 09:38:53,677][Trainer][INFO] - Pseudo dice 0.781
[2026-08-02 09:38:53,677][Trainer][INFO] - Epoch time: 58.4 s
[2026-08-02 09:38:53,677][Trainer][INFO] - Yayy! New best EMA pseudo Dice: 0.7409
[2026-08-02 09:38:54,995][Trainer][INFO] - 
[2026-08-02 09:38:54,996][Trainer][INFO] - Epoch 51
[2026-08-02 09:38:54,996][Trainer][INFO] - Current learning rate: 0.00846
[2026-08-02 09:39:53,355][Trainer][INFO] - train_loss -0.6328
[2026-08-02 09:39:53,355][Trainer][INFO] - val_loss -0.6945
[2026-08-02 09:39:53,355][Trainer][INFO] - Pseudo dice 0.7871
[2026-08-02 09:39:53,355][Trainer][INFO] - Epoch time: 58.36 s
[2026-08-02 09:39:53,356][Trainer][INFO] - Yayy! New best EMA pseudo Dice: 0.7455
[2026-08-02 09:39:54,702][Trainer][INFO] - 
[2026-08-02 09:39:54,702][Trainer][INFO] - Epoch 52
[2026-08-02 09:39:54,702][Trainer][INFO] - Current learning rate: 0.00843
[2026-08-02 09:40:53,236][Trainer][INFO] - train_loss -0.651
[2026-08-02 09:40:53,237][Trainer][INFO] - val_loss -0.6162
[2026-08-02 09:40:53,237][Trainer][INFO] - Pseudo dice 0.6856
[2026-08-02 09:40:53,237][Trainer][INFO] - Epoch time: 58.54 s
[2026-08-02 09:40:54,113][Trainer][INFO] - 
[2026-08-02 09:40:54,113][Trainer][INFO] - Epoch 53
[2026-08-02 09:40:54,113][Trainer][INFO] - Current learning rate: 0.00839
[2026-08-02 09:41:52,682][Trainer][INFO] - train_loss -0.6539
[2026-08-02 09:41:52,682][Trainer][INFO] - val_loss -0.7654
[2026-08-02 09:41:52,682][Trainer][INFO] - Pseudo dice 0.8543
[2026-08-02 09:41:52,682][Trainer][INFO] - Epoch time: 58.57 s
[2026-08-02 09:41:52,683][Trainer][INFO] - Yayy! New best EMA pseudo Dice: 0.751
[2026-08-02 09:41:54,018][Trainer][INFO] - 
[2026-08-02 09:41:54,019][Trainer][INFO] - Epoch 54
[2026-08-02 09:41:54,019][Trainer][INFO] - Current learning rate: 0.00836
[2026-08-02 09:42:52,367][Trainer][INFO] - train_loss -0.6433
[2026-08-02 09:42:52,367][Trainer][INFO] - val_loss -0.7094
[2026-08-02 09:42:52,367][Trainer][INFO] - Pseudo dice 0.8099
[2026-08-02 09:42:52,367][Trainer][INFO] - Epoch time: 58.35 s
[2026-08-02 09:42:52,367][Trainer][INFO] - Yayy! New best EMA pseudo Dice: 0.7569
[2026-08-02 09:42:53,704][Trainer][INFO] - 
[2026-08-02 09:42:53,704][Trainer][INFO] - Epoch 55
[2026-08-02 09:42:53,704][Trainer][INFO] - Current learning rate: 0.00833
[2026-08-02 09:43:51,946][Trainer][INFO] - train_loss -0.6753
[2026-08-02 09:43:51,946][Trainer][INFO] - val_loss -0.712
[2026-08-02 09:43:51,946][Trainer][INFO] - Pseudo dice 0.8157
[2026-08-02 09:43:51,946][Trainer][INFO] - Epoch time: 58.24 s
[2026-08-02 09:43:51,947][Trainer][INFO] - Yayy! New best EMA pseudo Dice: 0.7628
[2026-08-02 09:43:53,279][Trainer][INFO] - 
[2026-08-02 09:43:53,279][Trainer][INFO] - Epoch 56
[2026-08-02 09:43:53,280][Trainer][INFO] - Current learning rate: 0.0083
[2026-08-02 09:44:51,546][Trainer][INFO] - train_loss -0.6647
[2026-08-02 09:44:51,547][Trainer][INFO] - val_loss -0.6827
[2026-08-02 09:44:51,547][Trainer][INFO] - Pseudo dice 0.7021
[2026-08-02 09:44:51,547][Trainer][INFO] - Epoch time: 58.27 s
[2026-08-02 09:44:52,437][Trainer][INFO] - 
[2026-08-02 09:44:52,437][Trainer][INFO] - Epoch 57
[2026-08-02 09:44:52,437][Trainer][INFO] - Current learning rate: 0.00827
[2026-08-02 09:45:50,742][Trainer][INFO] - train_loss -0.6555
[2026-08-02 09:45:50,742][Trainer][INFO] - val_loss -0.6755
[2026-08-02 09:45:50,742][Trainer][INFO] - Pseudo dice 0.7774
[2026-08-02 09:45:50,742][Trainer][INFO] - Epoch time: 58.31 s
[2026-08-02 09:45:51,643][Trainer][INFO] - 
[2026-08-02 09:45:51,644][Trainer][INFO] - Epoch 58
[2026-08-02 09:45:51,644][Trainer][INFO] - Current learning rate: 0.00824
[2026-08-02 09:46:49,915][Trainer][INFO] - train_loss -0.666
[2026-08-02 09:46:49,916][Trainer][INFO] - val_loss -0.6895
[2026-08-02 09:46:49,916][Trainer][INFO] - Pseudo dice 0.7735
[2026-08-02 09:46:49,916][Trainer][INFO] - Epoch time: 58.27 s
[2026-08-02 09:46:51,644][Trainer][INFO] - 
[2026-08-02 09:46:51,644][Trainer][INFO] - Epoch 59
[2026-08-02 09:46:51,644][Trainer][INFO] - Current learning rate: 0.00821
[2026-08-02 09:47:49,801][Trainer][INFO] - train_loss -0.6438
[2026-08-02 09:47:49,801][Trainer][INFO] - val_loss -0.6968
[2026-08-02 09:47:49,801][Trainer][INFO] - Pseudo dice 0.7968
[2026-08-02 09:47:49,802][Trainer][INFO] - Epoch time: 58.16 s
[2026-08-02 09:47:49,802][Trainer][INFO] - Yayy! New best EMA pseudo Dice: 0.7639
[2026-08-02 09:47:51,128][Trainer][INFO] - 
[2026-08-02 09:47:51,128][Trainer][INFO] - Epoch 60
[2026-08-02 09:47:51,128][Trainer][INFO] - Current learning rate: 0.00818
[2026-08-02 09:48:49,335][Trainer][INFO] - train_loss -0.6485
[2026-08-02 09:48:49,336][Trainer][INFO] - val_loss -0.6782
[2026-08-02 09:48:49,336][Trainer][INFO] - Pseudo dice 0.7935
[2026-08-02 09:48:49,336][Trainer][INFO] - Epoch time: 58.21 s
[2026-08-02 09:48:49,336][Trainer][INFO] - Yayy! New best EMA pseudo Dice: 0.7668
[2026-08-02 09:48:50,679][Trainer][INFO] - 
[2026-08-02 09:48:50,680][Trainer][INFO] - Epoch 61
[2026-08-02 09:48:50,680][Trainer][INFO] - Current learning rate: 0.00815
[2026-08-02 09:49:48,957][Trainer][INFO] - train_loss -0.6553
[2026-08-02 09:49:48,958][Trainer][INFO] - val_loss -0.6742
[2026-08-02 09:49:48,958][Trainer][INFO] - Pseudo dice 0.7552
[2026-08-02 09:49:48,958][Trainer][INFO] - Epoch time: 58.28 s
[2026-08-02 09:49:49,854][Trainer][INFO] - 
[2026-08-02 09:49:49,854][Trainer][INFO] - Epoch 62
[2026-08-02 09:49:49,854][Trainer][INFO] - Current learning rate: 0.00812
[2026-08-02 09:50:48,149][Trainer][INFO] - train_loss -0.6555
[2026-08-02 09:50:48,150][Trainer][INFO] - val_loss -0.6442
[2026-08-02 09:50:48,150][Trainer][INFO] - Pseudo dice 0.7235
[2026-08-02 09:50:48,150][Trainer][INFO] - Epoch time: 58.3 s
[2026-08-02 09:50:49,053][Trainer][INFO] - 
[2026-08-02 09:50:49,054][Trainer][INFO] - Epoch 63
[2026-08-02 09:50:49,054][Trainer][INFO] - Current learning rate: 0.00809
[2026-08-02 09:51:47,408][Trainer][INFO] - train_loss -0.6778
[2026-08-02 09:51:47,408][Trainer][INFO] - val_loss -0.6612
[2026-08-02 09:51:47,408][Trainer][INFO] - Pseudo dice 0.7652
[2026-08-02 09:51:47,408][Trainer][INFO] - Epoch time: 58.36 s
[2026-08-02 09:51:48,298][Trainer][INFO] - 
[2026-08-02 09:51:48,298][Trainer][INFO] - Epoch 64
[2026-08-02 09:51:48,298][Trainer][INFO] - Current learning rate: 0.00806
[2026-08-02 09:52:46,568][Trainer][INFO] - train_loss -0.6512
[2026-08-02 09:52:46,568][Trainer][INFO] - val_loss -0.6432
[2026-08-02 09:52:46,568][Trainer][INFO] - Pseudo dice 0.7002
[2026-08-02 09:52:46,568][Trainer][INFO] - Epoch time: 58.27 s
[2026-08-02 09:52:47,471][Trainer][INFO] - 
[2026-08-02 09:52:47,471][Trainer][INFO] - Epoch 65
[2026-08-02 09:52:47,471][Trainer][INFO] - Current learning rate: 0.00803
[2026-08-02 09:53:45,776][Trainer][INFO] - train_loss -0.6452
[2026-08-02 09:53:45,777][Trainer][INFO] - val_loss -0.679
[2026-08-02 09:53:45,777][Trainer][INFO] - Pseudo dice 0.7292
[2026-08-02 09:53:45,777][Trainer][INFO] - Epoch time: 58.31 s
[2026-08-02 09:53:46,672][Trainer][INFO] - 
[2026-08-02 09:53:46,672][Trainer][INFO] - Epoch 66
[2026-08-02 09:53:46,672][Trainer][INFO] - Current learning rate: 0.008
[2026-08-02 09:54:45,084][Trainer][INFO] - train_loss -0.6659
[2026-08-02 09:54:45,084][Trainer][INFO] - val_loss -0.7543
[2026-08-02 09:54:45,084][Trainer][INFO] - Pseudo dice 0.8329
[2026-08-02 09:54:45,084][Trainer][INFO] - Epoch time: 58.41 s
[2026-08-02 09:54:45,987][Trainer][INFO] - 
[2026-08-02 09:54:45,987][Trainer][INFO] - Epoch 67
[2026-08-02 09:54:45,987][Trainer][INFO] - Current learning rate: 0.00797
[2026-08-02 09:55:44,398][Trainer][INFO] - train_loss -0.6442
[2026-08-02 09:55:44,399][Trainer][INFO] - val_loss -0.6609
[2026-08-02 09:55:44,399][Trainer][INFO] - Pseudo dice 0.7589
[2026-08-02 09:55:44,399][Trainer][INFO] - Epoch time: 58.41 s
[2026-08-02 09:55:45,309][Trainer][INFO] - 
[2026-08-02 09:55:45,310][Trainer][INFO] - Epoch 68
[2026-08-02 09:55:45,310][Trainer][INFO] - Current learning rate: 0.00793
[2026-08-02 09:56:43,635][Trainer][INFO] - train_loss -0.6287
[2026-08-02 09:56:43,636][Trainer][INFO] - val_loss -0.6819
[2026-08-02 09:56:43,636][Trainer][INFO] - Pseudo dice 0.7804
[2026-08-02 09:56:43,636][Trainer][INFO] - Epoch time: 58.33 s
[2026-08-02 09:56:44,532][Trainer][INFO] - 
[2026-08-02 09:56:44,532][Trainer][INFO] - Epoch 69
[2026-08-02 09:56:44,532][Trainer][INFO] - Current learning rate: 0.0079
[2026-08-02 09:57:42,997][Trainer][INFO] - train_loss -0.6519
[2026-08-02 09:57:42,997][Trainer][INFO] - val_loss -0.6748
[2026-08-02 09:57:42,997][Trainer][INFO] - Pseudo dice 0.7204
[2026-08-02 09:57:42,997][Trainer][INFO] - Epoch time: 58.47 s
[2026-08-02 09:57:43,881][Trainer][INFO] - 
[2026-08-02 09:57:43,882][Trainer][INFO] - Epoch 70
[2026-08-02 09:57:43,882][Trainer][INFO] - Current learning rate: 0.00787
[2026-08-02 09:58:42,404][Trainer][INFO] - train_loss -0.6621
[2026-08-02 09:58:42,404][Trainer][INFO] - val_loss -0.627
[2026-08-02 09:58:42,404][Trainer][INFO] - Pseudo dice 0.7793
[2026-08-02 09:58:42,404][Trainer][INFO] - Epoch time: 58.52 s
[2026-08-02 09:58:43,294][Trainer][INFO] - 
[2026-08-02 09:58:43,295][Trainer][INFO] - Epoch 71
[2026-08-02 09:58:43,295][Trainer][INFO] - Current learning rate: 0.00784
[2026-08-02 09:59:41,887][Trainer][INFO] - train_loss -0.6436
[2026-08-02 09:59:41,887][Trainer][INFO] - val_loss -0.6647
[2026-08-02 09:59:41,888][Trainer][INFO] - Pseudo dice 0.7404
[2026-08-02 09:59:41,888][Trainer][INFO] - Epoch time: 58.59 s
[2026-08-02 09:59:42,771][Trainer][INFO] - 
[2026-08-02 09:59:42,771][Trainer][INFO] - Epoch 72
[2026-08-02 09:59:42,771][Trainer][INFO] - Current learning rate: 0.00781
[2026-08-02 10:00:41,298][Trainer][INFO] - train_loss -0.6742
[2026-08-02 10:00:41,298][Trainer][INFO] - val_loss -0.6743
[2026-08-02 10:00:41,298][Trainer][INFO] - Pseudo dice 0.7862
[2026-08-02 10:00:41,298][Trainer][INFO] - Epoch time: 58.53 s
[2026-08-02 10:00:42,218][Trainer][INFO] - 
[2026-08-02 10:00:42,219][Trainer][INFO] - Epoch 73
[2026-08-02 10:00:42,219][Trainer][INFO] - Current learning rate: 0.00778
[2026-08-02 10:01:40,813][Trainer][INFO] - train_loss -0.6633
[2026-08-02 10:01:40,813][Trainer][INFO] - val_loss -0.7039
[2026-08-02 10:01:40,814][Trainer][INFO] - Pseudo dice 0.7731
[2026-08-02 10:01:40,814][Trainer][INFO] - Epoch time: 58.6 s
[2026-08-02 10:01:41,712][Trainer][INFO] - 
[2026-08-02 10:01:41,712][Trainer][INFO] - Epoch 74
[2026-08-02 10:01:41,713][Trainer][INFO] - Current learning rate: 0.00775
[2026-08-02 10:02:40,198][Trainer][INFO] - train_loss -0.6879
[2026-08-02 10:02:40,198][Trainer][INFO] - val_loss -0.6688
[2026-08-02 10:02:40,198][Trainer][INFO] - Pseudo dice 0.7785
[2026-08-02 10:02:40,198][Trainer][INFO] - Epoch time: 58.49 s
[2026-08-02 10:02:41,094][Trainer][INFO] - 
[2026-08-02 10:02:41,095][Trainer][INFO] - Epoch 75
[2026-08-02 10:02:41,095][Trainer][INFO] - Current learning rate: 0.00772
[2026-08-02 10:03:39,515][Trainer][INFO] - train_loss -0.6449
[2026-08-02 10:03:39,515][Trainer][INFO] - val_loss -0.6632
[2026-08-02 10:03:39,515][Trainer][INFO] - Pseudo dice 0.7145
[2026-08-02 10:03:39,515][Trainer][INFO] - Epoch time: 58.42 s
[2026-08-02 10:03:40,410][Trainer][INFO] - 
[2026-08-02 10:03:40,410][Trainer][INFO] - Epoch 76
[2026-08-02 10:03:40,411][Trainer][INFO] - Current learning rate: 0.00769
[2026-08-02 10:04:38,884][Trainer][INFO] - train_loss -0.6828
[2026-08-02 10:04:38,885][Trainer][INFO] - val_loss -0.6408
[2026-08-02 10:04:38,885][Trainer][INFO] - Pseudo dice 0.6746
[2026-08-02 10:04:38,885][Trainer][INFO] - Epoch time: 58.48 s
[2026-08-02 10:04:39,844][Trainer][INFO] - 
[2026-08-02 10:04:39,846][Trainer][INFO] - Epoch 77
[2026-08-02 10:04:39,846][Trainer][INFO] - Current learning rate: 0.00766
[2026-08-02 10:05:38,391][Trainer][INFO] - train_loss -0.6684
[2026-08-02 10:05:38,391][Trainer][INFO] - val_loss -0.7354
[2026-08-02 10:05:38,391][Trainer][INFO] - Pseudo dice 0.8203
[2026-08-02 10:05:38,391][Trainer][INFO] - Epoch time: 58.55 s
[2026-08-02 10:05:39,296][Trainer][INFO] - 
[2026-08-02 10:05:39,297][Trainer][INFO] - Epoch 78
[2026-08-02 10:05:39,297][Trainer][INFO] - Current learning rate: 0.00763
[2026-08-02 10:06:37,743][Trainer][INFO] - train_loss -0.6902
[2026-08-02 10:06:37,743][Trainer][INFO] - val_loss -0.6715
[2026-08-02 10:06:37,743][Trainer][INFO] - Pseudo dice 0.7932
[2026-08-02 10:06:37,743][Trainer][INFO] - Epoch time: 58.45 s
[2026-08-02 10:06:38,652][Trainer][INFO] - 
[2026-08-02 10:06:38,652][Trainer][INFO] - Epoch 79
[2026-08-02 10:06:38,652][Trainer][INFO] - Current learning rate: 0.0076
[2026-08-02 10:07:37,181][Trainer][INFO] - train_loss -0.6872
[2026-08-02 10:07:37,181][Trainer][INFO] - val_loss -0.6892
[2026-08-02 10:07:37,181][Trainer][INFO] - Pseudo dice 0.7746
[2026-08-02 10:07:37,181][Trainer][INFO] - Epoch time: 58.53 s
[2026-08-02 10:07:38,864][Trainer][INFO] - 
[2026-08-02 10:07:38,864][Trainer][INFO] - Epoch 80
[2026-08-02 10:07:38,864][Trainer][INFO] - Current learning rate: 0.00756
[2026-08-02 10:08:37,358][Trainer][INFO] - train_loss -0.687
[2026-08-02 10:08:37,358][Trainer][INFO] - val_loss -0.7022
[2026-08-02 10:08:37,359][Trainer][INFO] - Pseudo dice 0.7707
[2026-08-02 10:08:37,359][Trainer][INFO] - Epoch time: 58.49 s
[2026-08-02 10:08:38,278][Trainer][INFO] - 
[2026-08-02 10:08:38,278][Trainer][INFO] - Epoch 81
[2026-08-02 10:08:38,278][Trainer][INFO] - Current learning rate: 0.00753
[2026-08-02 10:09:36,757][Trainer][INFO] - train_loss -0.6622
[2026-08-02 10:09:36,758][Trainer][INFO] - val_loss -0.6704
[2026-08-02 10:09:36,758][Trainer][INFO] - Pseudo dice 0.8006
[2026-08-02 10:09:36,758][Trainer][INFO] - Epoch time: 58.48 s
[2026-08-02 10:09:36,758][Trainer][INFO] - Yayy! New best EMA pseudo Dice: 0.7671
[2026-08-02 10:09:38,127][Trainer][INFO] - 
[2026-08-02 10:09:38,127][Trainer][INFO] - Epoch 82
[2026-08-02 10:09:38,128][Trainer][INFO] - Current learning rate: 0.0075
[2026-08-02 10:10:36,557][Trainer][INFO] - train_loss -0.6701
[2026-08-02 10:10:36,557][Trainer][INFO] - val_loss -0.6738
[2026-08-02 10:10:36,557][Trainer][INFO] - Pseudo dice 0.7839
[2026-08-02 10:10:36,558][Trainer][INFO] - Epoch time: 58.43 s
[2026-08-02 10:10:36,558][Trainer][INFO] - Yayy! New best EMA pseudo Dice: 0.7688
[2026-08-02 10:10:37,859][Trainer][INFO] - 
[2026-08-02 10:10:37,859][Trainer][INFO] - Epoch 83
[2026-08-02 10:10:37,859][Trainer][INFO] - Current learning rate: 0.00747
[2026-08-02 10:11:36,422][Trainer][INFO] - train_loss -0.6723
[2026-08-02 10:11:36,423][Trainer][INFO] - val_loss -0.7094
[2026-08-02 10:11:36,423][Trainer][INFO] - Pseudo dice 0.8134
[2026-08-02 10:11:36,423][Trainer][INFO] - Epoch time: 58.56 s
[2026-08-02 10:11:36,423][Trainer][INFO] - Yayy! New best EMA pseudo Dice: 0.7732
[2026-08-02 10:11:37,761][Trainer][INFO] - 
[2026-08-02 10:11:37,761][Trainer][INFO] - Epoch 84
[2026-08-02 10:11:37,761][Trainer][INFO] - Current learning rate: 0.00744
[2026-08-02 10:12:36,408][Trainer][INFO] - train_loss -0.6786
[2026-08-02 10:12:36,409][Trainer][INFO] - val_loss -0.6749
[2026-08-02 10:12:36,409][Trainer][INFO] - Pseudo dice 0.7758
[2026-08-02 10:12:36,409][Trainer][INFO] - Epoch time: 58.65 s
[2026-08-02 10:12:36,409][Trainer][INFO] - Yayy! New best EMA pseudo Dice: 0.7735
[2026-08-02 10:12:37,734][Trainer][INFO] - 
[2026-08-02 10:12:37,734][Trainer][INFO] - Epoch 85
[2026-08-02 10:12:37,735][Trainer][INFO] - Current learning rate: 0.00741
[2026-08-02 10:13:36,151][Trainer][INFO] - train_loss -0.6612
[2026-08-02 10:13:36,151][Trainer][INFO] - val_loss -0.6687
[2026-08-02 10:13:36,151][Trainer][INFO] - Pseudo dice 0.7261
[2026-08-02 10:13:36,152][Trainer][INFO] - Epoch time: 58.42 s
[2026-08-02 10:13:37,023][Trainer][INFO] - 
[2026-08-02 10:13:37,024][Trainer][INFO] - Epoch 86
[2026-08-02 10:13:37,024][Trainer][INFO] - Current learning rate: 0.00738
[2026-08-02 10:14:35,581][Trainer][INFO] - train_loss -0.703
[2026-08-02 10:14:35,581][Trainer][INFO] - val_loss -0.6941
[2026-08-02 10:14:35,581][Trainer][INFO] - Pseudo dice 0.807
[2026-08-02 10:14:35,581][Trainer][INFO] - Epoch time: 58.56 s
[2026-08-02 10:14:36,464][Trainer][INFO] - 
[2026-08-02 10:14:36,464][Trainer][INFO] - Epoch 87
[2026-08-02 10:14:36,464][Trainer][INFO] - Current learning rate: 0.00735
[2026-08-02 10:15:35,131][Trainer][INFO] - train_loss -0.662
[2026-08-02 10:15:35,131][Trainer][INFO] - val_loss -0.6572
[2026-08-02 10:15:35,131][Trainer][INFO] - Pseudo dice 0.7741
[2026-08-02 10:15:35,132][Trainer][INFO] - Epoch time: 58.67 s
[2026-08-02 10:15:36,007][Trainer][INFO] - 
[2026-08-02 10:15:36,007][Trainer][INFO] - Epoch 88
[2026-08-02 10:15:36,007][Trainer][INFO] - Current learning rate: 0.00732
[2026-08-02 10:16:34,464][Trainer][INFO] - train_loss -0.6578
[2026-08-02 10:16:34,465][Trainer][INFO] - val_loss -0.6569
[2026-08-02 10:16:34,465][Trainer][INFO] - Pseudo dice 0.7156
[2026-08-02 10:16:34,465][Trainer][INFO] - Epoch time: 58.46 s
[2026-08-02 10:16:35,336][Trainer][INFO] - 
[2026-08-02 10:16:35,336][Trainer][INFO] - Epoch 89
[2026-08-02 10:16:35,336][Trainer][INFO] - Current learning rate: 0.00729
[2026-08-02 10:17:33,685][Trainer][INFO] - train_loss -0.6651
[2026-08-02 10:17:33,685][Trainer][INFO] - val_loss -0.7517
[2026-08-02 10:17:33,685][Trainer][INFO] - Pseudo dice 0.8009
[2026-08-02 10:17:33,685][Trainer][INFO] - Epoch time: 58.35 s
[2026-08-02 10:17:34,573][Trainer][INFO] - 
[2026-08-02 10:17:34,574][Trainer][INFO] - Epoch 90
[2026-08-02 10:17:34,574][Trainer][INFO] - Current learning rate: 0.00725
[2026-08-02 10:18:33,060][Trainer][INFO] - train_loss -0.6625
[2026-08-02 10:18:33,061][Trainer][INFO] - val_loss -0.7058
[2026-08-02 10:18:33,061][Trainer][INFO] - Pseudo dice 0.7682
[2026-08-02 10:18:33,061][Trainer][INFO] - Epoch time: 58.49 s
[2026-08-02 10:18:33,944][Trainer][INFO] - 
[2026-08-02 10:18:33,944][Trainer][INFO] - Epoch 91
[2026-08-02 10:18:33,944][Trainer][INFO] - Current learning rate: 0.00722
[2026-08-02 10:19:32,644][Trainer][INFO] - train_loss -0.6703
[2026-08-02 10:19:32,644][Trainer][INFO] - val_loss -0.6526
[2026-08-02 10:19:32,645][Trainer][INFO] - Pseudo dice 0.778
[2026-08-02 10:19:32,645][Trainer][INFO] - Epoch time: 58.7 s
[2026-08-02 10:19:33,547][Trainer][INFO] - 
[2026-08-02 10:19:33,547][Trainer][INFO] - Epoch 92
[2026-08-02 10:19:33,548][Trainer][INFO] - Current learning rate: 0.00719
[2026-08-02 10:20:32,034][Trainer][INFO] - train_loss -0.6555
[2026-08-02 10:20:32,035][Trainer][INFO] - val_loss -0.6734
[2026-08-02 10:20:32,035][Trainer][INFO] - Pseudo dice 0.8352
[2026-08-02 10:20:32,035][Trainer][INFO] - Epoch time: 58.49 s
[2026-08-02 10:20:32,035][Trainer][INFO] - Yayy! New best EMA pseudo Dice: 0.7774
[2026-08-02 10:20:33,379][Trainer][INFO] - 
[2026-08-02 10:20:33,379][Trainer][INFO] - Epoch 93
[2026-08-02 10:20:33,379][Trainer][INFO] - Current learning rate: 0.00716
[2026-08-02 10:21:31,822][Trainer][INFO] - train_loss -0.6717
[2026-08-02 10:21:31,823][Trainer][INFO] - val_loss -0.6614
[2026-08-02 10:21:31,823][Trainer][INFO] - Pseudo dice 0.7823
[2026-08-02 10:21:31,823][Trainer][INFO] - Epoch time: 58.44 s
[2026-08-02 10:21:31,823][Trainer][INFO] - Yayy! New best EMA pseudo Dice: 0.7779
[2026-08-02 10:21:33,154][Trainer][INFO] - 
[2026-08-02 10:21:33,154][Trainer][INFO] - Epoch 94
[2026-08-02 10:21:33,155][Trainer][INFO] - Current learning rate: 0.00713
[2026-08-02 10:22:31,756][Trainer][INFO] - train_loss -0.6968
[2026-08-02 10:22:31,756][Trainer][INFO] - val_loss -0.7173
[2026-08-02 10:22:31,756][Trainer][INFO] - Pseudo dice 0.8253
[2026-08-02 10:22:31,756][Trainer][INFO] - Epoch time: 58.6 s
[2026-08-02 10:22:31,756][Trainer][INFO] - Yayy! New best EMA pseudo Dice: 0.7826
[2026-08-02 10:22:33,104][Trainer][INFO] - 
[2026-08-02 10:22:33,104][Trainer][INFO] - Epoch 95
[2026-08-02 10:22:33,104][Trainer][INFO] - Current learning rate: 0.0071
[2026-08-02 10:23:31,759][Trainer][INFO] - train_loss -0.6703
[2026-08-02 10:23:31,760][Trainer][INFO] - val_loss -0.7009
[2026-08-02 10:23:31,760][Trainer][INFO] - Pseudo dice 0.7413
[2026-08-02 10:23:31,760][Trainer][INFO] - Epoch time: 58.66 s
[2026-08-02 10:23:32,640][Trainer][INFO] - 
[2026-08-02 10:23:32,640][Trainer][INFO] - Epoch 96
[2026-08-02 10:23:32,640][Trainer][INFO] - Current learning rate: 0.00707
[2026-08-02 10:24:31,078][Trainer][INFO] - train_loss -0.6756
[2026-08-02 10:24:31,078][Trainer][INFO] - val_loss -0.7167
[2026-08-02 10:24:31,078][Trainer][INFO] - Pseudo dice 0.8396
[2026-08-02 10:24:31,078][Trainer][INFO] - Epoch time: 58.44 s
[2026-08-02 10:24:31,078][Trainer][INFO] - Yayy! New best EMA pseudo Dice: 0.7846
[2026-08-02 10:24:32,550][Trainer][INFO] - 
[2026-08-02 10:24:32,551][Trainer][INFO] - Epoch 97
[2026-08-02 10:24:32,551][Trainer][INFO] - Current learning rate: 0.00704
[2026-08-02 10:25:30,957][Trainer][INFO] - train_loss -0.6886
[2026-08-02 10:25:30,957][Trainer][INFO] - val_loss -0.7105
[2026-08-02 10:25:30,957][Trainer][INFO] - Pseudo dice 0.7925
[2026-08-02 10:25:30,957][Trainer][INFO] - Epoch time: 58.41 s
[2026-08-02 10:25:30,958][Trainer][INFO] - Yayy! New best EMA pseudo Dice: 0.7854
[2026-08-02 10:25:32,400][Trainer][INFO] - 
[2026-08-02 10:25:32,400][Trainer][INFO] - Epoch 98
[2026-08-02 10:25:32,401][Trainer][INFO] - Current learning rate: 0.007
[2026-08-02 10:26:30,869][Trainer][INFO] - train_loss -0.702
[2026-08-02 10:26:30,870][Trainer][INFO] - val_loss -0.721
[2026-08-02 10:26:30,870][Trainer][INFO] - Pseudo dice 0.8199
[2026-08-02 10:26:30,870][Trainer][INFO] - Epoch time: 58.47 s
[2026-08-02 10:26:30,870][Trainer][INFO] - Yayy! New best EMA pseudo Dice: 0.7888
[2026-08-02 10:26:32,236][Trainer][INFO] - 
[2026-08-02 10:26:32,236][Trainer][INFO] - Epoch 99
[2026-08-02 10:26:32,236][Trainer][INFO] - Current learning rate: 0.00697
[2026-08-02 10:27:30,810][Trainer][INFO] - train_loss -0.6788
[2026-08-02 10:27:30,810][Trainer][INFO] - val_loss -0.6567
[2026-08-02 10:27:30,810][Trainer][INFO] - Pseudo dice 0.7058
[2026-08-02 10:27:30,811][Trainer][INFO] - Epoch time: 58.57 s
[2026-08-02 10:27:32,179][Trainer][INFO] - 
[2026-08-02 10:27:32,180][Trainer][INFO] - Epoch 100
[2026-08-02 10:27:32,180][Trainer][INFO] - Current learning rate: 0.00694
[2026-08-02 10:28:30,776][Trainer][INFO] - train_loss -0.6682
[2026-08-02 10:28:30,776][Trainer][INFO] - val_loss -0.7195
[2026-08-02 10:28:30,777][Trainer][INFO] - Pseudo dice 0.8079
[2026-08-02 10:28:30,777][Trainer][INFO] - Epoch time: 58.6 s
[2026-08-02 10:28:31,673][Trainer][INFO] - 
[2026-08-02 10:28:31,673][Trainer][INFO] - Epoch 101
[2026-08-02 10:28:31,674][Trainer][INFO] - Current learning rate: 0.00691
[2026-08-02 10:29:30,307][Trainer][INFO] - train_loss -0.6491
[2026-08-02 10:29:30,307][Trainer][INFO] - val_loss -0.7061
[2026-08-02 10:29:30,307][Trainer][INFO] - Pseudo dice 0.7455
[2026-08-02 10:29:30,307][Trainer][INFO] - Epoch time: 58.63 s
[2026-08-02 10:29:32,063][Trainer][INFO] - 
[2026-08-02 10:29:32,064][Trainer][INFO] - Epoch 102
[2026-08-02 10:29:32,064][Trainer][INFO] - Current learning rate: 0.00688
[2026-08-02 10:30:30,540][Trainer][INFO] - train_loss -0.6747
[2026-08-02 10:30:30,540][Trainer][INFO] - val_loss -0.7014
[2026-08-02 10:30:30,540][Trainer][INFO] - Pseudo dice 0.8212
[2026-08-02 10:30:30,540][Trainer][INFO] - Epoch time: 58.48 s
[2026-08-02 10:30:31,451][Trainer][INFO] - 
[2026-08-02 10:30:31,451][Trainer][INFO] - Epoch 103
[2026-08-02 10:30:31,451][Trainer][INFO] - Current learning rate: 0.00685
[2026-08-02 10:31:29,937][Trainer][INFO] - train_loss -0.683
[2026-08-02 10:31:29,937][Trainer][INFO] - val_loss -0.7007
[2026-08-02 10:31:29,937][Trainer][INFO] - Pseudo dice 0.8098
[2026-08-02 10:31:29,938][Trainer][INFO] - Epoch time: 58.49 s
[2026-08-02 10:31:30,851][Trainer][INFO] - 
[2026-08-02 10:31:30,852][Trainer][INFO] - Epoch 104
[2026-08-02 10:31:30,852][Trainer][INFO] - Current learning rate: 0.00682
[2026-08-02 10:32:29,470][Trainer][INFO] - train_loss -0.6801
[2026-08-02 10:32:29,471][Trainer][INFO] - val_loss -0.6789
[2026-08-02 10:32:29,471][Trainer][INFO] - Pseudo dice 0.7786
[2026-08-02 10:32:29,471][Trainer][INFO] - Epoch time: 58.62 s
[2026-08-02 10:32:30,400][Trainer][INFO] - 
[2026-08-02 10:32:30,400][Trainer][INFO] - Epoch 105
[2026-08-02 10:32:30,400][Trainer][INFO] - Current learning rate: 0.00679
[2026-08-02 10:33:28,954][Trainer][INFO] - train_loss -0.6742
[2026-08-02 10:33:28,954][Trainer][INFO] - val_loss -0.6246
[2026-08-02 10:33:28,954][Trainer][INFO] - Pseudo dice 0.7902
[2026-08-02 10:33:28,955][Trainer][INFO] - Epoch time: 58.56 s
[2026-08-02 10:33:29,844][Trainer][INFO] - 
[2026-08-02 10:33:29,844][Trainer][INFO] - Epoch 106
[2026-08-02 10:33:29,844][Trainer][INFO] - Current learning rate: 0.00675
[2026-08-02 10:34:28,450][Trainer][INFO] - train_loss -0.6728
[2026-08-02 10:34:28,451][Trainer][INFO] - val_loss -0.6736
[2026-08-02 10:34:28,451][Trainer][INFO] - Pseudo dice 0.7816
[2026-08-02 10:34:28,451][Trainer][INFO] - Epoch time: 58.61 s
[2026-08-02 10:34:29,366][Trainer][INFO] - 
[2026-08-02 10:34:29,366][Trainer][INFO] - Epoch 107
[2026-08-02 10:34:29,366][Trainer][INFO] - Current learning rate: 0.00672
[2026-08-02 10:35:27,841][Trainer][INFO] - train_loss -0.6862
[2026-08-02 10:35:27,841][Trainer][INFO] - val_loss -0.7112
[2026-08-02 10:35:27,841][Trainer][INFO] - Pseudo dice 0.8139
[2026-08-02 10:35:27,841][Trainer][INFO] - Epoch time: 58.48 s
[2026-08-02 10:35:28,754][Trainer][INFO] - 
[2026-08-02 10:35:28,754][Trainer][INFO] - Epoch 108
[2026-08-02 10:35:28,754][Trainer][INFO] - Current learning rate: 0.00669
[2026-08-02 10:36:27,165][Trainer][INFO] - train_loss -0.677
[2026-08-02 10:36:27,165][Trainer][INFO] - val_loss -0.6758
[2026-08-02 10:36:27,165][Trainer][INFO] - Pseudo dice 0.7982
[2026-08-02 10:36:27,165][Trainer][INFO] - Epoch time: 58.41 s
[2026-08-02 10:36:27,165][Trainer][INFO] - Yayy! New best EMA pseudo Dice: 0.7894
[2026-08-02 10:36:28,529][Trainer][INFO] - 
[2026-08-02 10:36:28,529][Trainer][INFO] - Epoch 109
[2026-08-02 10:36:28,529][Trainer][INFO] - Current learning rate: 0.00666
[2026-08-02 10:37:26,931][Trainer][INFO] - train_loss -0.6702
[2026-08-02 10:37:26,931][Trainer][INFO] - val_loss -0.7235
[2026-08-02 10:37:26,931][Trainer][INFO] - Pseudo dice 0.8137
[2026-08-02 10:37:26,931][Trainer][INFO] - Epoch time: 58.4 s
[2026-08-02 10:37:26,931][Trainer][INFO] - Yayy! New best EMA pseudo Dice: 0.7918
[2026-08-02 10:37:28,270][Trainer][INFO] - 
[2026-08-02 10:37:28,270][Trainer][INFO] - Epoch 110
[2026-08-02 10:37:28,270][Trainer][INFO] - Current learning rate: 0.00663
[2026-08-02 10:38:26,753][Trainer][INFO] - train_loss -0.6697
[2026-08-02 10:38:26,753][Trainer][INFO] - val_loss -0.6865
[2026-08-02 10:38:26,753][Trainer][INFO] - Pseudo dice 0.7049
[2026-08-02 10:38:26,754][Trainer][INFO] - Epoch time: 58.48 s
[2026-08-02 10:38:27,651][Trainer][INFO] - 
[2026-08-02 10:38:27,651][Trainer][INFO] - Epoch 111
[2026-08-02 10:38:27,651][Trainer][INFO] - Current learning rate: 0.0066
[2026-08-02 10:39:26,136][Trainer][INFO] - train_loss -0.6439
[2026-08-02 10:39:26,136][Trainer][INFO] - val_loss -0.7435
[2026-08-02 10:39:26,136][Trainer][INFO] - Pseudo dice 0.8613
[2026-08-02 10:39:26,136][Trainer][INFO] - Epoch time: 58.49 s
[2026-08-02 10:39:27,032][Trainer][INFO] - 
[2026-08-02 10:39:27,033][Trainer][INFO] - Epoch 112
[2026-08-02 10:39:27,033][Trainer][INFO] - Current learning rate: 0.00657
[2026-08-02 10:40:25,514][Trainer][INFO] - train_loss -0.6699
[2026-08-02 10:40:25,515][Trainer][INFO] - val_loss -0.7499
[2026-08-02 10:40:25,515][Trainer][INFO] - Pseudo dice 0.7979
[2026-08-02 10:40:25,515][Trainer][INFO] - Epoch time: 58.48 s
[2026-08-02 10:40:26,410][Trainer][INFO] - 
[2026-08-02 10:40:26,410][Trainer][INFO] - Epoch 113
[2026-08-02 10:40:26,410][Trainer][INFO] - Current learning rate: 0.00654
[2026-08-02 10:41:24,923][Trainer][INFO] - train_loss -0.6531
[2026-08-02 10:41:24,924][Trainer][INFO] - val_loss -0.6831
[2026-08-02 10:41:24,924][Trainer][INFO] - Pseudo dice 0.7924
[2026-08-02 10:41:24,924][Trainer][INFO] - Epoch time: 58.51 s
[2026-08-02 10:41:25,827][Trainer][INFO] - 
[2026-08-02 10:41:25,827][Trainer][INFO] - Epoch 114
[2026-08-02 10:41:25,827][Trainer][INFO] - Current learning rate: 0.0065
[2026-08-02 10:42:24,267][Trainer][INFO] - train_loss -0.6784
[2026-08-02 10:42:24,267][Trainer][INFO] - val_loss -0.7381
[2026-08-02 10:42:24,267][Trainer][INFO] - Pseudo dice 0.8434
[2026-08-02 10:42:24,267][Trainer][INFO] - Epoch time: 58.44 s
[2026-08-02 10:42:24,267][Trainer][INFO] - Yayy! New best EMA pseudo Dice: 0.7969
[2026-08-02 10:42:25,588][Trainer][INFO] - 
[2026-08-02 10:42:25,588][Trainer][INFO] - Epoch 115
[2026-08-02 10:42:25,588][Trainer][INFO] - Current learning rate: 0.00647
[2026-08-02 10:43:24,037][Trainer][INFO] - train_loss -0.6737
[2026-08-02 10:43:24,037][Trainer][INFO] - val_loss -0.698
[2026-08-02 10:43:24,037][Trainer][INFO] - Pseudo dice 0.7937
[2026-08-02 10:43:24,038][Trainer][INFO] - Epoch time: 58.45 s
[2026-08-02 10:43:24,942][Trainer][INFO] - 
[2026-08-02 10:43:24,943][Trainer][INFO] - Epoch 116
[2026-08-02 10:43:24,943][Trainer][INFO] - Current learning rate: 0.00644
[2026-08-02 10:44:23,626][Trainer][INFO] - train_loss -0.656
[2026-08-02 10:44:23,627][Trainer][INFO] - val_loss -0.6148
[2026-08-02 10:44:23,627][Trainer][INFO] - Pseudo dice 0.6965
[2026-08-02 10:44:23,627][Trainer][INFO] - Epoch time: 58.68 s
[2026-08-02 10:44:24,528][Trainer][INFO] - 
[2026-08-02 10:44:24,528][Trainer][INFO] - Epoch 117
[2026-08-02 10:44:24,528][Trainer][INFO] - Current learning rate: 0.00641
[2026-08-02 10:45:22,914][Trainer][INFO] - train_loss -0.6841
[2026-08-02 10:45:22,914][Trainer][INFO] - val_loss -0.6761
[2026-08-02 10:45:22,914][Trainer][INFO] - Pseudo dice 0.7706
[2026-08-02 10:45:22,914][Trainer][INFO] - Epoch time: 58.39 s
[2026-08-02 10:45:23,818][Trainer][INFO] - 
[2026-08-02 10:45:23,818][Trainer][INFO] - Epoch 118
[2026-08-02 10:45:23,818][Trainer][INFO] - Current learning rate: 0.00638
[2026-08-02 10:46:22,243][Trainer][INFO] - train_loss -0.6814
[2026-08-02 10:46:22,243][Trainer][INFO] - val_loss -0.6923
[2026-08-02 10:46:22,243][Trainer][INFO] - Pseudo dice 0.7156
[2026-08-02 10:46:22,244][Trainer][INFO] - Epoch time: 58.43 s
[2026-08-02 10:46:23,169][Trainer][INFO] - 
[2026-08-02 10:46:23,169][Trainer][INFO] - Epoch 119
[2026-08-02 10:46:23,169][Trainer][INFO] - Current learning rate: 0.00635
[2026-08-02 10:47:21,653][Trainer][INFO] - train_loss -0.6824
[2026-08-02 10:47:21,653][Trainer][INFO] - val_loss -0.708
[2026-08-02 10:47:21,653][Trainer][INFO] - Pseudo dice 0.792
[2026-08-02 10:47:21,653][Trainer][INFO] - Epoch time: 58.48 s
[2026-08-02 10:47:22,556][Trainer][INFO] - 
[2026-08-02 10:47:22,556][Trainer][INFO] - Epoch 120
[2026-08-02 10:47:22,556][Trainer][INFO] - Current learning rate: 0.00631
[2026-08-02 10:48:20,949][Trainer][INFO] - train_loss -0.6577
[2026-08-02 10:48:20,949][Trainer][INFO] - val_loss -0.6809
[2026-08-02 10:48:20,949][Trainer][INFO] - Pseudo dice 0.7365
[2026-08-02 10:48:20,950][Trainer][INFO] - Epoch time: 58.39 s
[2026-08-02 10:48:21,862][Trainer][INFO] - 
[2026-08-02 10:48:21,862][Trainer][INFO] - Epoch 121
[2026-08-02 10:48:21,862][Trainer][INFO] - Current learning rate: 0.00628
[2026-08-02 10:49:20,401][Trainer][INFO] - train_loss -0.6703
[2026-08-02 10:49:20,401][Trainer][INFO] - val_loss -0.7122
[2026-08-02 10:49:20,401][Trainer][INFO] - Pseudo dice 0.8004
[2026-08-02 10:49:20,401][Trainer][INFO] - Epoch time: 58.54 s
[2026-08-02 10:49:21,312][Trainer][INFO] - 
[2026-08-02 10:49:21,312][Trainer][INFO] - Epoch 122
[2026-08-02 10:49:21,313][Trainer][INFO] - Current learning rate: 0.00625
[2026-08-02 10:50:19,698][Trainer][INFO] - train_loss -0.6922
[2026-08-02 10:50:19,698][Trainer][INFO] - val_loss -0.747
[2026-08-02 10:50:19,698][Trainer][INFO] - Pseudo dice 0.8488
[2026-08-02 10:50:19,699][Trainer][INFO] - Epoch time: 58.39 s
[2026-08-02 10:50:21,395][Trainer][INFO] - 
[2026-08-02 10:50:21,395][Trainer][INFO] - Epoch 123
[2026-08-02 10:50:21,395][Trainer][INFO] - Current learning rate: 0.00622
[2026-08-02 10:51:19,773][Trainer][INFO] - train_loss -0.6899
[2026-08-02 10:51:19,773][Trainer][INFO] - val_loss -0.7697
[2026-08-02 10:51:19,774][Trainer][INFO] - Pseudo dice 0.8355
[2026-08-02 10:51:19,774][Trainer][INFO] - Epoch time: 58.38 s
[2026-08-02 10:51:20,703][Trainer][INFO] - 
[2026-08-02 10:51:20,703][Trainer][INFO] - Epoch 124
[2026-08-02 10:51:20,703][Trainer][INFO] - Current learning rate: 0.00619
[2026-08-02 10:52:19,023][Trainer][INFO] - train_loss -0.6989
[2026-08-02 10:52:19,023][Trainer][INFO] - val_loss -0.7043
[2026-08-02 10:52:19,023][Trainer][INFO] - Pseudo dice 0.7841
[2026-08-02 10:52:19,023][Trainer][INFO] - Epoch time: 58.32 s
[2026-08-02 10:52:19,936][Trainer][INFO] - 
[2026-08-02 10:52:19,936][Trainer][INFO] - Epoch 125
[2026-08-02 10:52:19,936][Trainer][INFO] - Current learning rate: 0.00616
[2026-08-02 10:53:18,247][Trainer][INFO] - train_loss -0.6686
[2026-08-02 10:53:18,248][Trainer][INFO] - val_loss -0.7042
[2026-08-02 10:53:18,248][Trainer][INFO] - Pseudo dice 0.8137
[2026-08-02 10:53:18,248][Trainer][INFO] - Epoch time: 58.31 s
[2026-08-02 10:53:19,159][Trainer][INFO] - 
[2026-08-02 10:53:19,159][Trainer][INFO] - Epoch 126
[2026-08-02 10:53:19,159][Trainer][INFO] - Current learning rate: 0.00612
[2026-08-02 10:54:17,428][Trainer][INFO] - train_loss -0.6784
[2026-08-02 10:54:17,428][Trainer][INFO] - val_loss -0.7087
[2026-08-02 10:54:17,428][Trainer][INFO] - Pseudo dice 0.8268
[2026-08-02 10:54:17,428][Trainer][INFO] - Epoch time: 58.27 s
[2026-08-02 10:54:18,336][Trainer][INFO] - 
[2026-08-02 10:54:18,336][Trainer][INFO] - Epoch 127
[2026-08-02 10:54:18,336][Trainer][INFO] - Current learning rate: 0.00609
[2026-08-02 10:55:16,533][Trainer][INFO] - train_loss -0.685
[2026-08-02 10:55:16,533][Trainer][INFO] - val_loss -0.6902
[2026-08-02 10:55:16,533][Trainer][INFO] - Pseudo dice 0.7876
[2026-08-02 10:55:16,533][Trainer][INFO] - Epoch time: 58.2 s
[2026-08-02 10:55:17,442][Trainer][INFO] - 
[2026-08-02 10:55:17,442][Trainer][INFO] - Epoch 128
[2026-08-02 10:55:17,442][Trainer][INFO] - Current learning rate: 0.00606
[2026-08-02 10:56:15,696][Trainer][INFO] - train_loss -0.6862
[2026-08-02 10:56:15,696][Trainer][INFO] - val_loss -0.7119
[2026-08-02 10:56:15,696][Trainer][INFO] - Pseudo dice 0.7826
[2026-08-02 10:56:15,696][Trainer][INFO] - Epoch time: 58.25 s
[2026-08-02 10:56:16,640][Trainer][INFO] - 
[2026-08-02 10:56:16,640][Trainer][INFO] - Epoch 129
[2026-08-02 10:56:16,640][Trainer][INFO] - Current learning rate: 0.00603
[2026-08-02 10:57:14,851][Trainer][INFO] - train_loss -0.7004
[2026-08-02 10:57:14,851][Trainer][INFO] - val_loss -0.6674
[2026-08-02 10:57:14,851][Trainer][INFO] - Pseudo dice 0.8109
[2026-08-02 10:57:14,851][Trainer][INFO] - Epoch time: 58.21 s
[2026-08-02 10:57:15,756][Trainer][INFO] - 
[2026-08-02 10:57:15,756][Trainer][INFO] - Epoch 130
[2026-08-02 10:57:15,756][Trainer][INFO] - Current learning rate: 0.006
[2026-08-02 10:58:13,990][Trainer][INFO] - train_loss -0.679
[2026-08-02 10:58:13,991][Trainer][INFO] - val_loss -0.6893
[2026-08-02 10:58:13,991][Trainer][INFO] - Pseudo dice 0.8009
[2026-08-02 10:58:13,991][Trainer][INFO] - Epoch time: 58.24 s
[2026-08-02 10:58:14,905][Trainer][INFO] - 
[2026-08-02 10:58:14,905][Trainer][INFO] - Epoch 131
[2026-08-02 10:58:14,905][Trainer][INFO] - Current learning rate: 0.00597
[2026-08-02 10:59:13,040][Trainer][INFO] - train_loss -0.6649
[2026-08-02 10:59:13,041][Trainer][INFO] - val_loss -0.7204
[2026-08-02 10:59:13,041][Trainer][INFO] - Pseudo dice 0.8193
[2026-08-02 10:59:13,041][Trainer][INFO] - Epoch time: 58.14 s
[2026-08-02 10:59:13,041][Trainer][INFO] - Yayy! New best EMA pseudo Dice: 0.798
[2026-08-02 10:59:14,418][Trainer][INFO] - 
[2026-08-02 10:59:14,418][Trainer][INFO] - Epoch 132
[2026-08-02 10:59:14,418][Trainer][INFO] - Current learning rate: 0.00593
[2026-08-02 11:00:12,559][Trainer][INFO] - train_loss -0.6834
[2026-08-02 11:00:12,560][Trainer][INFO] - val_loss -0.7233
[2026-08-02 11:00:12,560][Trainer][INFO] - Pseudo dice 0.8183
[2026-08-02 11:00:12,560][Trainer][INFO] - Epoch time: 58.14 s
[2026-08-02 11:00:12,560][Trainer][INFO] - Yayy! New best EMA pseudo Dice: 0.8
[2026-08-02 11:00:13,940][Trainer][INFO] - 
[2026-08-02 11:00:13,940][Trainer][INFO] - Epoch 133
[2026-08-02 11:00:13,940][Trainer][INFO] - Current learning rate: 0.0059
[2026-08-02 11:01:12,274][Trainer][INFO] - train_loss -0.6941
[2026-08-02 11:01:12,274][Trainer][INFO] - val_loss -0.7074
[2026-08-02 11:01:12,275][Trainer][INFO] - Pseudo dice 0.8233
[2026-08-02 11:01:12,275][Trainer][INFO] - Epoch time: 58.34 s
[2026-08-02 11:01:12,275][Trainer][INFO] - Yayy! New best EMA pseudo Dice: 0.8024
[2026-08-02 11:01:13,671][Trainer][INFO] - 
[2026-08-02 11:01:13,671][Trainer][INFO] - Epoch 134
[2026-08-02 11:01:13,671][Trainer][INFO] - Current learning rate: 0.00587
[2026-08-02 11:02:12,086][Trainer][INFO] - train_loss -0.7011
[2026-08-02 11:02:12,086][Trainer][INFO] - val_loss -0.6909
[2026-08-02 11:02:12,087][Trainer][INFO] - Pseudo dice 0.789
[2026-08-02 11:02:12,087][Trainer][INFO] - Epoch time: 58.42 s
[2026-08-02 11:02:13,004][Trainer][INFO] - 
[2026-08-02 11:02:13,004][Trainer][INFO] - Epoch 135
[2026-08-02 11:02:13,004][Trainer][INFO] - Current learning rate: 0.00584
[2026-08-02 11:03:11,262][Trainer][INFO] - train_loss -0.6722
[2026-08-02 11:03:11,262][Trainer][INFO] - val_loss -0.693
[2026-08-02 11:03:11,262][Trainer][INFO] - Pseudo dice 0.7803
[2026-08-02 11:03:11,262][Trainer][INFO] - Epoch time: 58.26 s
[2026-08-02 11:03:12,167][Trainer][INFO] - 
[2026-08-02 11:03:12,168][Trainer][INFO] - Epoch 136
[2026-08-02 11:03:12,168][Trainer][INFO] - Current learning rate: 0.00581
[2026-08-02 11:04:10,521][Trainer][INFO] - train_loss -0.7035
[2026-08-02 11:04:10,522][Trainer][INFO] - val_loss -0.685
[2026-08-02 11:04:10,522][Trainer][INFO] - Pseudo dice 0.7871
[2026-08-02 11:04:10,522][Trainer][INFO] - Epoch time: 58.35 s
[2026-08-02 11:04:11,445][Trainer][INFO] - 
[2026-08-02 11:04:11,445][Trainer][INFO] - Epoch 137
[2026-08-02 11:04:11,446][Trainer][INFO] - Current learning rate: 0.00578
[2026-08-02 11:05:09,769][Trainer][INFO] - train_loss -0.6703
[2026-08-02 11:05:09,769][Trainer][INFO] - val_loss -0.6927
[2026-08-02 11:05:09,769][Trainer][INFO] - Pseudo dice 0.8129
[2026-08-02 11:05:09,769][Trainer][INFO] - Epoch time: 58.32 s
[2026-08-02 11:05:10,677][Trainer][INFO] - 
[2026-08-02 11:05:10,678][Trainer][INFO] - Epoch 138
[2026-08-02 11:05:10,678][Trainer][INFO] - Current learning rate: 0.00574
[2026-08-02 11:06:09,102][Trainer][INFO] - train_loss -0.6954
[2026-08-02 11:06:09,102][Trainer][INFO] - val_loss -0.7556
[2026-08-02 11:06:09,102][Trainer][INFO] - Pseudo dice 0.8016
[2026-08-02 11:06:09,102][Trainer][INFO] - Epoch time: 58.43 s
[2026-08-02 11:06:09,998][Trainer][INFO] - 
[2026-08-02 11:06:09,998][Trainer][INFO] - Epoch 139
[2026-08-02 11:06:09,998][Trainer][INFO] - Current learning rate: 0.00571
[2026-08-02 11:07:08,436][Trainer][INFO] - train_loss -0.6999
[2026-08-02 11:07:08,437][Trainer][INFO] - val_loss -0.6532
[2026-08-02 11:07:08,437][Trainer][INFO] - Pseudo dice 0.8009
[2026-08-02 11:07:08,437][Trainer][INFO] - Epoch time: 58.44 s
[2026-08-02 11:07:09,347][Trainer][INFO] - 
[2026-08-02 11:07:09,347][Trainer][INFO] - Epoch 140
[2026-08-02 11:07:09,347][Trainer][INFO] - Current learning rate: 0.00568
[2026-08-02 11:08:07,742][Trainer][INFO] - train_loss -0.6868
[2026-08-02 11:08:07,742][Trainer][INFO] - val_loss -0.691
[2026-08-02 11:08:07,743][Trainer][INFO] - Pseudo dice 0.8454
[2026-08-02 11:08:07,743][Trainer][INFO] - Epoch time: 58.4 s
[2026-08-02 11:08:07,743][Trainer][INFO] - Yayy! New best EMA pseudo Dice: 0.8042
[2026-08-02 11:08:09,100][Trainer][INFO] - 
[2026-08-02 11:08:09,100][Trainer][INFO] - Epoch 141
[2026-08-02 11:08:09,100][Trainer][INFO] - Current learning rate: 0.00565
[2026-08-02 11:09:07,417][Trainer][INFO] - train_loss -0.6951
[2026-08-02 11:09:07,418][Trainer][INFO] - val_loss -0.6774
[2026-08-02 11:09:07,418][Trainer][INFO] - Pseudo dice 0.7843
[2026-08-02 11:09:07,418][Trainer][INFO] - Epoch time: 58.32 s
[2026-08-02 11:09:08,326][Trainer][INFO] - 
[2026-08-02 11:09:08,326][Trainer][INFO] - Epoch 142
[2026-08-02 11:09:08,326][Trainer][INFO] - Current learning rate: 0.00562
[2026-08-02 11:10:06,528][Trainer][INFO] - train_loss -0.681
[2026-08-02 11:10:06,528][Trainer][INFO] - val_loss -0.6967
[2026-08-02 11:10:06,528][Trainer][INFO] - Pseudo dice 0.7882
[2026-08-02 11:10:06,528][Trainer][INFO] - Epoch time: 58.2 s
[2026-08-02 11:10:07,433][Trainer][INFO] - 
[2026-08-02 11:10:07,433][Trainer][INFO] - Epoch 143
[2026-08-02 11:10:07,433][Trainer][INFO] - Current learning rate: 0.00558
[2026-08-02 11:11:05,779][Trainer][INFO] - train_loss -0.691
[2026-08-02 11:11:05,779][Trainer][INFO] - val_loss -0.6803
[2026-08-02 11:11:05,779][Trainer][INFO] - Pseudo dice 0.7228
[2026-08-02 11:11:05,779][Trainer][INFO] - Epoch time: 58.35 s
[2026-08-02 11:11:07,593][Trainer][INFO] - 
[2026-08-02 11:11:07,594][Trainer][INFO] - Epoch 144
[2026-08-02 11:11:07,594][Trainer][INFO] - Current learning rate: 0.00555
[2026-08-02 11:12:06,132][Trainer][INFO] - train_loss -0.7062
[2026-08-02 11:12:06,132][Trainer][INFO] - val_loss -0.7252
[2026-08-02 11:12:06,132][Trainer][INFO] - Pseudo dice 0.8147
[2026-08-02 11:12:06,132][Trainer][INFO] - Epoch time: 58.54 s
[2026-08-02 11:12:07,051][Trainer][INFO] - 
[2026-08-02 11:12:07,051][Trainer][INFO] - Epoch 145
[2026-08-02 11:12:07,051][Trainer][INFO] - Current learning rate: 0.00552
[2026-08-02 11:13:05,484][Trainer][INFO] - train_loss -0.6575
[2026-08-02 11:13:05,485][Trainer][INFO] - val_loss -0.6231
[2026-08-02 11:13:05,485][Trainer][INFO] - Pseudo dice 0.7258
[2026-08-02 11:13:05,485][Trainer][INFO] - Epoch time: 58.43 s
[2026-08-02 11:13:06,386][Trainer][INFO] - 
[2026-08-02 11:13:06,386][Trainer][INFO] - Epoch 146
[2026-08-02 11:13:06,386][Trainer][INFO] - Current learning rate: 0.00549
[2026-08-02 11:14:04,751][Trainer][INFO] - train_loss -0.6871
[2026-08-02 11:14:04,751][Trainer][INFO] - val_loss -0.6694
[2026-08-02 11:14:04,751][Trainer][INFO] - Pseudo dice 0.7603
[2026-08-02 11:14:04,751][Trainer][INFO] - Epoch time: 58.37 s
[2026-08-02 11:14:05,660][Trainer][INFO] - 
[2026-08-02 11:14:05,660][Trainer][INFO] - Epoch 147
[2026-08-02 11:14:05,660][Trainer][INFO] - Current learning rate: 0.00546
[2026-08-02 11:15:04,089][Trainer][INFO] - train_loss -0.7004
[2026-08-02 11:15:04,090][Trainer][INFO] - val_loss -0.7399
[2026-08-02 11:15:04,090][Trainer][INFO] - Pseudo dice 0.8336
[2026-08-02 11:15:04,090][Trainer][INFO] - Epoch time: 58.43 s
[2026-08-02 11:15:04,995][Trainer][INFO] - 
[2026-08-02 11:15:04,995][Trainer][INFO] - Epoch 148
[2026-08-02 11:15:04,996][Trainer][INFO] - Current learning rate: 0.00542
[2026-08-02 11:16:03,298][Trainer][INFO] - train_loss -0.6894
[2026-08-02 11:16:03,298][Trainer][INFO] - val_loss -0.7293
[2026-08-02 11:16:03,298][Trainer][INFO] - Pseudo dice 0.8526
[2026-08-02 11:16:03,298][Trainer][INFO] - Epoch time: 58.3 s
[2026-08-02 11:16:04,243][Trainer][INFO] - 
[2026-08-02 11:16:04,243][Trainer][INFO] - Epoch 149
[2026-08-02 11:16:04,243][Trainer][INFO] - Current learning rate: 0.00539
[2026-08-02 11:17:02,688][Trainer][INFO] - train_loss -0.6996
[2026-08-02 11:17:02,688][Trainer][INFO] - val_loss -0.7281
[2026-08-02 11:17:02,688][Trainer][INFO] - Pseudo dice 0.7475
[2026-08-02 11:17:02,688][Trainer][INFO] - Epoch time: 58.45 s
[2026-08-02 11:17:04,050][Trainer][INFO] - 
[2026-08-02 11:17:04,050][Trainer][INFO] - Epoch 150
[2026-08-02 11:17:04,050][Trainer][INFO] - Current learning rate: 0.00536
[2026-08-02 11:18:02,382][Trainer][INFO] - train_loss -0.6762
[2026-08-02 11:18:02,382][Trainer][INFO] - val_loss -0.6955
[2026-08-02 11:18:02,382][Trainer][INFO] - Pseudo dice 0.7344
[2026-08-02 11:18:02,382][Trainer][INFO] - Epoch time: 58.33 s
[2026-08-02 11:18:03,291][Trainer][INFO] - 
[2026-08-02 11:18:03,291][Trainer][INFO] - Epoch 151
[2026-08-02 11:18:03,291][Trainer][INFO] - Current learning rate: 0.00533
[2026-08-02 11:19:01,611][Trainer][INFO] - train_loss -0.6696
[2026-08-02 11:19:01,612][Trainer][INFO] - val_loss -0.7284
[2026-08-02 11:19:01,612][Trainer][INFO] - Pseudo dice 0.8124
[2026-08-02 11:19:01,612][Trainer][INFO] - Epoch time: 58.32 s
[2026-08-02 11:19:02,536][Trainer][INFO] - 
[2026-08-02 11:19:02,536][Trainer][INFO] - Epoch 152
[2026-08-02 11:19:02,536][Trainer][INFO] - Current learning rate: 0.00529
[2026-08-02 11:20:01,002][Trainer][INFO] - train_loss -0.6723
[2026-08-02 11:20:01,002][Trainer][INFO] - val_loss -0.7075
[2026-08-02 11:20:01,003][Trainer][INFO] - Pseudo dice 0.7744
[2026-08-02 11:20:01,003][Trainer][INFO] - Epoch time: 58.47 s
[2026-08-02 11:20:01,939][Trainer][INFO] - 
[2026-08-02 11:20:01,939][Trainer][INFO] - Epoch 153
[2026-08-02 11:20:01,939][Trainer][INFO] - Current learning rate: 0.00526
[2026-08-02 11:21:00,419][Trainer][INFO] - train_loss -0.6637
[2026-08-02 11:21:00,419][Trainer][INFO] - val_loss -0.6874
[2026-08-02 11:21:00,419][Trainer][INFO] - Pseudo dice 0.7935
[2026-08-02 11:21:00,419][Trainer][INFO] - Epoch time: 58.48 s
[2026-08-02 11:21:01,334][Trainer][INFO] - 
[2026-08-02 11:21:01,334][Trainer][INFO] - Epoch 154
[2026-08-02 11:21:01,334][Trainer][INFO] - Current learning rate: 0.00523
[2026-08-02 11:21:59,776][Trainer][INFO] - train_loss -0.7016
[2026-08-02 11:21:59,777][Trainer][INFO] - val_loss -0.7191
[2026-08-02 11:21:59,777][Trainer][INFO] - Pseudo dice 0.8221
[2026-08-02 11:21:59,777][Trainer][INFO] - Epoch time: 58.44 s
[2026-08-02 11:22:00,694][Trainer][INFO] - 
[2026-08-02 11:22:00,694][Trainer][INFO] - Epoch 155
[2026-08-02 11:22:00,694][Trainer][INFO] - Current learning rate: 0.0052
[2026-08-02 11:22:59,170][Trainer][INFO] - train_loss -0.6841
[2026-08-02 11:22:59,171][Trainer][INFO] - val_loss -0.6797
[2026-08-02 11:22:59,171][Trainer][INFO] - Pseudo dice 0.7974
[2026-08-02 11:22:59,171][Trainer][INFO] - Epoch time: 58.48 s
[2026-08-02 11:23:00,090][Trainer][INFO] - 
[2026-08-02 11:23:00,090][Trainer][INFO] - Epoch 156
[2026-08-02 11:23:00,090][Trainer][INFO] - Current learning rate: 0.00517
[2026-08-02 11:23:58,726][Trainer][INFO] - train_loss -0.7124
[2026-08-02 11:23:58,726][Trainer][INFO] - val_loss -0.7821
[2026-08-02 11:23:58,726][Trainer][INFO] - Pseudo dice 0.8612
[2026-08-02 11:23:58,726][Trainer][INFO] - Epoch time: 58.64 s
[2026-08-02 11:23:59,727][Trainer][INFO] - 
[2026-08-02 11:23:59,727][Trainer][INFO] - Epoch 157
[2026-08-02 11:23:59,727][Trainer][INFO] - Current learning rate: 0.00513
[2026-08-02 11:24:58,208][Trainer][INFO] - train_loss -0.6855
[2026-08-02 11:24:58,208][Trainer][INFO] - val_loss -0.7014
[2026-08-02 11:24:58,208][Trainer][INFO] - Pseudo dice 0.8251
[2026-08-02 11:24:58,208][Trainer][INFO] - Epoch time: 58.48 s
[2026-08-02 11:24:59,137][Trainer][INFO] - 
[2026-08-02 11:24:59,137][Trainer][INFO] - Epoch 158
[2026-08-02 11:24:59,137][Trainer][INFO] - Current learning rate: 0.0051
[2026-08-02 11:25:57,612][Trainer][INFO] - train_loss -0.6563
[2026-08-02 11:25:57,612][Trainer][INFO] - val_loss -0.6619
[2026-08-02 11:25:57,613][Trainer][INFO] - Pseudo dice 0.7543
[2026-08-02 11:25:57,613][Trainer][INFO] - Epoch time: 58.48 s
[2026-08-02 11:25:58,534][Trainer][INFO] - 
[2026-08-02 11:25:58,535][Trainer][INFO] - Epoch 159
[2026-08-02 11:25:58,535][Trainer][INFO] - Current learning rate: 0.00507
[2026-08-02 11:26:56,979][Trainer][INFO] - train_loss -0.6789
[2026-08-02 11:26:56,980][Trainer][INFO] - val_loss -0.7284
[2026-08-02 11:26:56,980][Trainer][INFO] - Pseudo dice 0.8243
[2026-08-02 11:26:56,980][Trainer][INFO] - Epoch time: 58.45 s
[2026-08-02 11:26:57,905][Trainer][INFO] - 
[2026-08-02 11:26:57,905][Trainer][INFO] - Epoch 160
[2026-08-02 11:26:57,905][Trainer][INFO] - Current learning rate: 0.00504
[2026-08-02 11:27:56,354][Trainer][INFO] - train_loss -0.6744
[2026-08-02 11:27:56,354][Trainer][INFO] - val_loss -0.7414
[2026-08-02 11:27:56,354][Trainer][INFO] - Pseudo dice 0.8387
[2026-08-02 11:27:56,354][Trainer][INFO] - Epoch time: 58.45 s
[2026-08-02 11:27:57,279][Trainer][INFO] - 
[2026-08-02 11:27:57,279][Trainer][INFO] - Epoch 161
[2026-08-02 11:27:57,279][Trainer][INFO] - Current learning rate: 0.005
[2026-08-02 11:28:55,605][Trainer][INFO] - train_loss -0.7018
[2026-08-02 11:28:55,605][Trainer][INFO] - val_loss -0.6945
[2026-08-02 11:28:55,606][Trainer][INFO] - Pseudo dice 0.7873
[2026-08-02 11:28:55,606][Trainer][INFO] - Epoch time: 58.33 s
[2026-08-02 11:28:56,529][Trainer][INFO] - 
[2026-08-02 11:28:56,529][Trainer][INFO] - Epoch 162
[2026-08-02 11:28:56,529][Trainer][INFO] - Current learning rate: 0.00497
[2026-08-02 11:29:55,009][Trainer][INFO] - train_loss -0.6781
[2026-08-02 11:29:55,010][Trainer][INFO] - val_loss -0.6782
[2026-08-02 11:29:55,010][Trainer][INFO] - Pseudo dice 0.7844
[2026-08-02 11:29:55,010][Trainer][INFO] - Epoch time: 58.48 s
[2026-08-02 11:29:55,975][Trainer][INFO] - 
[2026-08-02 11:29:55,975][Trainer][INFO] - Epoch 163
[2026-08-02 11:29:55,975][Trainer][INFO] - Current learning rate: 0.00494
[2026-08-02 11:30:54,504][Trainer][INFO] - train_loss -0.6563
[2026-08-02 11:30:54,504][Trainer][INFO] - val_loss -0.7548
[2026-08-02 11:30:54,504][Trainer][INFO] - Pseudo dice 0.7765
[2026-08-02 11:30:54,504][Trainer][INFO] - Epoch time: 58.53 s
[2026-08-02 11:30:55,420][Trainer][INFO] - 
[2026-08-02 11:30:55,420][Trainer][INFO] - Epoch 164
[2026-08-02 11:30:55,420][Trainer][INFO] - Current learning rate: 0.00491
[2026-08-02 11:31:53,919][Trainer][INFO] - train_loss -0.6816
[2026-08-02 11:31:53,919][Trainer][INFO] - val_loss -0.6174
[2026-08-02 11:31:53,919][Trainer][INFO] - Pseudo dice 0.7298
[2026-08-02 11:31:53,919][Trainer][INFO] - Epoch time: 58.5 s
[2026-08-02 11:31:55,727][Trainer][INFO] - 
[2026-08-02 11:31:55,727][Trainer][INFO] - Epoch 165
[2026-08-02 11:31:55,727][Trainer][INFO] - Current learning rate: 0.00487
[2026-08-02 11:32:54,214][Trainer][INFO] - train_loss -0.717
[2026-08-02 11:32:54,214][Trainer][INFO] - val_loss -0.7215
[2026-08-02 11:32:54,214][Trainer][INFO] - Pseudo dice 0.8681
[2026-08-02 11:32:54,215][Trainer][INFO] - Epoch time: 58.49 s
[2026-08-02 11:32:55,120][Trainer][INFO] - 
[2026-08-02 11:32:55,120][Trainer][INFO] - Epoch 166
[2026-08-02 11:32:55,120][Trainer][INFO] - Current learning rate: 0.00484
[2026-08-02 11:33:53,710][Trainer][INFO] - train_loss -0.7052
[2026-08-02 11:33:53,711][Trainer][INFO] - val_loss -0.7023
[2026-08-02 11:33:53,711][Trainer][INFO] - Pseudo dice 0.8365
[2026-08-02 11:33:53,711][Trainer][INFO] - Epoch time: 58.59 s
[2026-08-02 11:33:54,633][Trainer][INFO] - 
[2026-08-02 11:33:54,633][Trainer][INFO] - Epoch 167
[2026-08-02 11:33:54,633][Trainer][INFO] - Current learning rate: 0.00481
[2026-08-02 11:34:53,131][Trainer][INFO] - train_loss -0.6972
[2026-08-02 11:34:53,131][Trainer][INFO] - val_loss -0.7468
[2026-08-02 11:34:53,132][Trainer][INFO] - Pseudo dice 0.8256
[2026-08-02 11:34:53,132][Trainer][INFO] - Epoch time: 58.5 s
[2026-08-02 11:34:53,132][Trainer][INFO] - Yayy! New best EMA pseudo Dice: 0.8047
[2026-08-02 11:34:54,537][Trainer][INFO] - 
[2026-08-02 11:34:54,537][Trainer][INFO] - Epoch 168
[2026-08-02 11:34:54,537][Trainer][INFO] - Current learning rate: 0.00478
[2026-08-02 11:35:53,106][Trainer][INFO] - train_loss -0.6979
[2026-08-02 11:35:53,106][Trainer][INFO] - val_loss -0.6798
[2026-08-02 11:35:53,107][Trainer][INFO] - Pseudo dice 0.7803
[2026-08-02 11:35:53,107][Trainer][INFO] - Epoch time: 58.57 s
[2026-08-02 11:35:54,039][Trainer][INFO] - 
[2026-08-02 11:35:54,039][Trainer][INFO] - Epoch 169
[2026-08-02 11:35:54,039][Trainer][INFO] - Current learning rate: 0.00474
[2026-08-02 11:36:52,493][Trainer][INFO] - train_loss -0.6834
[2026-08-02 11:36:52,494][Trainer][INFO] - val_loss -0.7152
[2026-08-02 11:36:52,494][Trainer][INFO] - Pseudo dice 0.8209
[2026-08-02 11:36:52,494][Trainer][INFO] - Epoch time: 58.46 s
[2026-08-02 11:36:53,414][Trainer][INFO] - 
[2026-08-02 11:36:53,414][Trainer][INFO] - Epoch 170
[2026-08-02 11:36:53,415][Trainer][INFO] - Current learning rate: 0.00471
[2026-08-02 11:37:51,957][Trainer][INFO] - train_loss -0.7094
[2026-08-02 11:37:51,957][Trainer][INFO] - val_loss -0.738
[2026-08-02 11:37:51,957][Trainer][INFO] - Pseudo dice 0.8482
[2026-08-02 11:37:51,957][Trainer][INFO] - Epoch time: 58.54 s
[2026-08-02 11:37:51,957][Trainer][INFO] - Yayy! New best EMA pseudo Dice: 0.8086
[2026-08-02 11:37:53,351][Trainer][INFO] - 
[2026-08-02 11:37:53,352][Trainer][INFO] - Epoch 171
[2026-08-02 11:37:53,352][Trainer][INFO] - Current learning rate: 0.00468
[2026-08-02 11:38:51,792][Trainer][INFO] - train_loss -0.7133
[2026-08-02 11:38:51,793][Trainer][INFO] - val_loss -0.7228
[2026-08-02 11:38:51,793][Trainer][INFO] - Pseudo dice 0.8085
[2026-08-02 11:38:51,793][Trainer][INFO] - Epoch time: 58.44 s
[2026-08-02 11:38:52,719][Trainer][INFO] - 
[2026-08-02 11:38:52,719][Trainer][INFO] - Epoch 172
[2026-08-02 11:38:52,719][Trainer][INFO] - Current learning rate: 0.00465
[2026-08-02 11:39:51,150][Trainer][INFO] - train_loss -0.6761
[2026-08-02 11:39:51,150][Trainer][INFO] - val_loss -0.6865
[2026-08-02 11:39:51,151][Trainer][INFO] - Pseudo dice 0.7897
[2026-08-02 11:39:51,151][Trainer][INFO] - Epoch time: 58.43 s
[2026-08-02 11:39:52,065][Trainer][INFO] - 
[2026-08-02 11:39:52,065][Trainer][INFO] - Epoch 173
[2026-08-02 11:39:52,065][Trainer][INFO] - Current learning rate: 0.00461
[2026-08-02 11:40:50,392][Trainer][INFO] - train_loss -0.6863
[2026-08-02 11:40:50,392][Trainer][INFO] - val_loss -0.7486
[2026-08-02 11:40:50,392][Trainer][INFO] - Pseudo dice 0.8405
[2026-08-02 11:40:50,393][Trainer][INFO] - Epoch time: 58.33 s
[2026-08-02 11:40:50,393][Trainer][INFO] - Yayy! New best EMA pseudo Dice: 0.81
[2026-08-02 11:40:51,738][Trainer][INFO] - 
[2026-08-02 11:40:51,738][Trainer][INFO] - Epoch 174
[2026-08-02 11:40:51,738][Trainer][INFO] - Current learning rate: 0.00458
[2026-08-02 11:41:50,040][Trainer][INFO] - train_loss -0.7084
[2026-08-02 11:41:50,040][Trainer][INFO] - val_loss -0.7008
[2026-08-02 11:41:50,040][Trainer][INFO] - Pseudo dice 0.8177
[2026-08-02 11:41:50,040][Trainer][INFO] - Epoch time: 58.3 s
[2026-08-02 11:41:50,040][Trainer][INFO] - Yayy! New best EMA pseudo Dice: 0.8108
[2026-08-02 11:41:51,504][Trainer][INFO] - 
[2026-08-02 11:41:51,504][Trainer][INFO] - Epoch 175
[2026-08-02 11:41:51,504][Trainer][INFO] - Current learning rate: 0.00455
[2026-08-02 11:42:49,813][Trainer][INFO] - train_loss -0.7064
[2026-08-02 11:42:49,814][Trainer][INFO] - val_loss -0.7326
[2026-08-02 11:42:49,814][Trainer][INFO] - Pseudo dice 0.8067
[2026-08-02 11:42:49,814][Trainer][INFO] - Epoch time: 58.31 s
[2026-08-02 11:42:50,732][Trainer][INFO] - 
[2026-08-02 11:42:50,732][Trainer][INFO] - Epoch 176
[2026-08-02 11:42:50,732][Trainer][INFO] - Current learning rate: 0.00452
[2026-08-02 11:43:49,175][Trainer][INFO] - train_loss -0.6745
[2026-08-02 11:43:49,175][Trainer][INFO] - val_loss -0.7014
[2026-08-02 11:43:49,176][Trainer][INFO] - Pseudo dice 0.8016
[2026-08-02 11:43:49,176][Trainer][INFO] - Epoch time: 58.44 s
[2026-08-02 11:43:50,085][Trainer][INFO] - 
[2026-08-02 11:43:50,085][Trainer][INFO] - Epoch 177
[2026-08-02 11:43:50,086][Trainer][INFO] - Current learning rate: 0.00448
[2026-08-02 11:44:48,538][Trainer][INFO] - train_loss -0.7124
[2026-08-02 11:44:48,538][Trainer][INFO] - val_loss -0.6869
[2026-08-02 11:44:48,538][Trainer][INFO] - Pseudo dice 0.8092
[2026-08-02 11:44:48,538][Trainer][INFO] - Epoch time: 58.45 s
[2026-08-02 11:44:49,459][Trainer][INFO] - 
[2026-08-02 11:44:49,459][Trainer][INFO] - Epoch 178
[2026-08-02 11:44:49,459][Trainer][INFO] - Current learning rate: 0.00445
[2026-08-02 11:45:47,730][Trainer][INFO] - train_loss -0.6994
[2026-08-02 11:45:47,730][Trainer][INFO] - val_loss -0.6972
[2026-08-02 11:45:47,731][Trainer][INFO] - Pseudo dice 0.7594
[2026-08-02 11:45:47,731][Trainer][INFO] - Epoch time: 58.27 s
[2026-08-02 11:45:48,653][Trainer][INFO] - 
[2026-08-02 11:45:48,653][Trainer][INFO] - Epoch 179
[2026-08-02 11:45:48,653][Trainer][INFO] - Current learning rate: 0.00442
[2026-08-02 11:46:47,130][Trainer][INFO] - train_loss -0.6977
[2026-08-02 11:46:47,131][Trainer][INFO] - val_loss -0.7035
[2026-08-02 11:46:47,131][Trainer][INFO] - Pseudo dice 0.8441
[2026-08-02 11:46:47,131][Trainer][INFO] - Epoch time: 58.48 s
[2026-08-02 11:46:48,054][Trainer][INFO] - 
[2026-08-02 11:46:48,054][Trainer][INFO] - Epoch 180
[2026-08-02 11:46:48,054][Trainer][INFO] - Current learning rate: 0.00438
[2026-08-02 11:47:46,493][Trainer][INFO] - train_loss -0.7229
[2026-08-02 11:47:46,493][Trainer][INFO] - val_loss -0.7302
[2026-08-02 11:47:46,493][Trainer][INFO] - Pseudo dice 0.8387
[2026-08-02 11:47:46,493][Trainer][INFO] - Epoch time: 58.44 s
[2026-08-02 11:47:46,493][Trainer][INFO] - Yayy! New best EMA pseudo Dice: 0.8115
[2026-08-02 11:47:47,857][Trainer][INFO] - 
[2026-08-02 11:47:47,857][Trainer][INFO] - Epoch 181
[2026-08-02 11:47:47,857][Trainer][INFO] - Current learning rate: 0.00435
[2026-08-02 11:48:46,440][Trainer][INFO] - train_loss -0.7027
[2026-08-02 11:48:46,441][Trainer][INFO] - val_loss -0.7119
[2026-08-02 11:48:46,441][Trainer][INFO] - Pseudo dice 0.8317
[2026-08-02 11:48:46,441][Trainer][INFO] - Epoch time: 58.58 s
[2026-08-02 11:48:46,441][Trainer][INFO] - Yayy! New best EMA pseudo Dice: 0.8135
[2026-08-02 11:48:47,892][Trainer][INFO] - 
[2026-08-02 11:48:47,893][Trainer][INFO] - Epoch 182
[2026-08-02 11:48:47,893][Trainer][INFO] - Current learning rate: 0.00432
[2026-08-02 11:49:46,374][Trainer][INFO] - train_loss -0.6989
[2026-08-02 11:49:46,375][Trainer][INFO] - val_loss -0.7204
[2026-08-02 11:49:46,375][Trainer][INFO] - Pseudo dice 0.8339
[2026-08-02 11:49:46,375][Trainer][INFO] - Epoch time: 58.48 s
[2026-08-02 11:49:46,375][Trainer][INFO] - Yayy! New best EMA pseudo Dice: 0.8155
[2026-08-02 11:49:47,778][Trainer][INFO] - 
[2026-08-02 11:49:47,779][Trainer][INFO] - Epoch 183
[2026-08-02 11:49:47,779][Trainer][INFO] - Current learning rate: 0.00429
[2026-08-02 11:50:46,340][Trainer][INFO] - train_loss -0.7174
[2026-08-02 11:50:46,341][Trainer][INFO] - val_loss -0.7939
[2026-08-02 11:50:46,341][Trainer][INFO] - Pseudo dice 0.8571
[2026-08-02 11:50:46,341][Trainer][INFO] - Epoch time: 58.56 s
[2026-08-02 11:50:46,341][Trainer][INFO] - Yayy! New best EMA pseudo Dice: 0.8197
[2026-08-02 11:50:47,722][Trainer][INFO] - 
[2026-08-02 11:50:47,722][Trainer][INFO] - Epoch 184
[2026-08-02 11:50:47,722][Trainer][INFO] - Current learning rate: 0.00425
[2026-08-02 11:51:46,190][Trainer][INFO] - train_loss -0.6926
[2026-08-02 11:51:46,190][Trainer][INFO] - val_loss -0.666
[2026-08-02 11:51:46,190][Trainer][INFO] - Pseudo dice 0.7525
[2026-08-02 11:51:46,190][Trainer][INFO] - Epoch time: 58.47 s
[2026-08-02 11:51:48,024][Trainer][INFO] - 
[2026-08-02 11:51:48,024][Trainer][INFO] - Epoch 185
[2026-08-02 11:51:48,024][Trainer][INFO] - Current learning rate: 0.00422
[2026-08-02 11:52:46,593][Trainer][INFO] - train_loss -0.716
[2026-08-02 11:52:46,593][Trainer][INFO] - val_loss -0.6992
[2026-08-02 11:52:46,593][Trainer][INFO] - Pseudo dice 0.8446
[2026-08-02 11:52:46,594][Trainer][INFO] - Epoch time: 58.57 s
[2026-08-02 11:52:47,528][Trainer][INFO] - 
[2026-08-02 11:52:47,529][Trainer][INFO] - Epoch 186
[2026-08-02 11:52:47,529][Trainer][INFO] - Current learning rate: 0.00419
[2026-08-02 11:53:45,965][Trainer][INFO] - train_loss -0.692
[2026-08-02 11:53:45,965][Trainer][INFO] - val_loss -0.682
[2026-08-02 11:53:45,965][Trainer][INFO] - Pseudo dice 0.7593
[2026-08-02 11:53:45,965][Trainer][INFO] - Epoch time: 58.44 s
[2026-08-02 11:53:46,911][Trainer][INFO] - 
[2026-08-02 11:53:46,911][Trainer][INFO] - Epoch 187
[2026-08-02 11:53:46,911][Trainer][INFO] - Current learning rate: 0.00415
[2026-08-02 11:54:45,427][Trainer][INFO] - train_loss -0.7092
[2026-08-02 11:54:45,428][Trainer][INFO] - val_loss -0.7162
[2026-08-02 11:54:45,428][Trainer][INFO] - Pseudo dice 0.8355
[2026-08-02 11:54:45,429][Trainer][INFO] - Epoch time: 58.52 s
[2026-08-02 11:54:46,383][Trainer][INFO] - 
[2026-08-02 11:54:46,384][Trainer][INFO] - Epoch 188
[2026-08-02 11:54:46,384][Trainer][INFO] - Current learning rate: 0.00412
[2026-08-02 11:55:44,753][Trainer][INFO] - train_loss -0.7119
[2026-08-02 11:55:44,754][Trainer][INFO] - val_loss -0.7167
[2026-08-02 11:55:44,754][Trainer][INFO] - Pseudo dice 0.8149
[2026-08-02 11:55:44,754][Trainer][INFO] - Epoch time: 58.37 s
[2026-08-02 11:55:45,685][Trainer][INFO] - 
[2026-08-02 11:55:45,685][Trainer][INFO] - Epoch 189
[2026-08-02 11:55:45,685][Trainer][INFO] - Current learning rate: 0.00409
[2026-08-02 11:56:44,048][Trainer][INFO] - train_loss -0.7254
[2026-08-02 11:56:44,048][Trainer][INFO] - val_loss -0.7008
[2026-08-02 11:56:44,048][Trainer][INFO] - Pseudo dice 0.7879
[2026-08-02 11:56:44,048][Trainer][INFO] - Epoch time: 58.36 s
[2026-08-02 11:56:44,975][Trainer][INFO] - 
[2026-08-02 11:56:44,975][Trainer][INFO] - Epoch 190
[2026-08-02 11:56:44,975][Trainer][INFO] - Current learning rate: 0.00405
[2026-08-02 11:57:43,511][Trainer][INFO] - train_loss -0.6946
[2026-08-02 11:57:43,511][Trainer][INFO] - val_loss -0.627
[2026-08-02 11:57:43,511][Trainer][INFO] - Pseudo dice 0.7422
[2026-08-02 11:57:43,511][Trainer][INFO] - Epoch time: 58.54 s
[2026-08-02 11:57:44,442][Trainer][INFO] - 
[2026-08-02 11:57:44,442][Trainer][INFO] - Epoch 191
[2026-08-02 11:57:44,442][Trainer][INFO] - Current learning rate: 0.00402
[2026-08-02 11:58:43,152][Trainer][INFO] - train_loss -0.7022
[2026-08-02 11:58:43,153][Trainer][INFO] - val_loss -0.7783
[2026-08-02 11:58:43,153][Trainer][INFO] - Pseudo dice 0.8182
[2026-08-02 11:58:43,153][Trainer][INFO] - Epoch time: 58.71 s
[2026-08-02 11:58:44,083][Trainer][INFO] - 
[2026-08-02 11:58:44,083][Trainer][INFO] - Epoch 192
[2026-08-02 11:58:44,083][Trainer][INFO] - Current learning rate: 0.00399
[2026-08-02 11:59:42,688][Trainer][INFO] - train_loss -0.6983
[2026-08-02 11:59:42,688][Trainer][INFO] - val_loss -0.7189
[2026-08-02 11:59:42,688][Trainer][INFO] - Pseudo dice 0.8721
[2026-08-02 11:59:42,688][Trainer][INFO] - Epoch time: 58.61 s
[2026-08-02 11:59:43,626][Trainer][INFO] - 
[2026-08-02 11:59:43,626][Trainer][INFO] - Epoch 193
[2026-08-02 11:59:43,627][Trainer][INFO] - Current learning rate: 0.00395
[2026-08-02 12:00:42,282][Trainer][INFO] - train_loss -0.7157
[2026-08-02 12:00:42,282][Trainer][INFO] - val_loss -0.6914
[2026-08-02 12:00:42,282][Trainer][INFO] - Pseudo dice 0.7998
[2026-08-02 12:00:42,282][Trainer][INFO] - Epoch time: 58.66 s
[2026-08-02 12:00:43,223][Trainer][INFO] - 
[2026-08-02 12:00:43,223][Trainer][INFO] - Epoch 194
[2026-08-02 12:00:43,223][Trainer][INFO] - Current learning rate: 0.00392
[2026-08-02 12:01:41,614][Trainer][INFO] - train_loss -0.6875
[2026-08-02 12:01:41,615][Trainer][INFO] - val_loss -0.6862
[2026-08-02 12:01:41,615][Trainer][INFO] - Pseudo dice 0.8009
[2026-08-02 12:01:41,615][Trainer][INFO] - Epoch time: 58.39 s
[2026-08-02 12:01:42,550][Trainer][INFO] - 
[2026-08-02 12:01:42,551][Trainer][INFO] - Epoch 195
[2026-08-02 12:01:42,551][Trainer][INFO] - Current learning rate: 0.00389
[2026-08-02 12:02:41,083][Trainer][INFO] - train_loss -0.6944
[2026-08-02 12:02:41,083][Trainer][INFO] - val_loss -0.7424
[2026-08-02 12:02:41,083][Trainer][INFO] - Pseudo dice 0.8128
[2026-08-02 12:02:41,083][Trainer][INFO] - Epoch time: 58.53 s
[2026-08-02 12:02:42,012][Trainer][INFO] - 
[2026-08-02 12:02:42,012][Trainer][INFO] - Epoch 196
[2026-08-02 12:02:42,012][Trainer][INFO] - Current learning rate: 0.00385
[2026-08-02 12:03:40,521][Trainer][INFO] - train_loss -0.7131
[2026-08-02 12:03:40,521][Trainer][INFO] - val_loss -0.6692
[2026-08-02 12:03:40,521][Trainer][INFO] - Pseudo dice 0.8031
[2026-08-02 12:03:40,521][Trainer][INFO] - Epoch time: 58.51 s
[2026-08-02 12:03:41,449][Trainer][INFO] - 
[2026-08-02 12:03:41,449][Trainer][INFO] - Epoch 197
[2026-08-02 12:03:41,449][Trainer][INFO] - Current learning rate: 0.00382
[2026-08-02 12:04:40,061][Trainer][INFO] - train_loss -0.6948
[2026-08-02 12:04:40,061][Trainer][INFO] - val_loss -0.663
[2026-08-02 12:04:40,061][Trainer][INFO] - Pseudo dice 0.7338
[2026-08-02 12:04:40,061][Trainer][INFO] - Epoch time: 58.61 s
[2026-08-02 12:04:41,000][Trainer][INFO] - 
[2026-08-02 12:04:41,000][Trainer][INFO] - Epoch 198
[2026-08-02 12:04:41,000][Trainer][INFO] - Current learning rate: 0.00379
[2026-08-02 12:05:39,449][Trainer][INFO] - train_loss -0.6939
[2026-08-02 12:05:39,449][Trainer][INFO] - val_loss -0.7199
[2026-08-02 12:05:39,449][Trainer][INFO] - Pseudo dice 0.8173
[2026-08-02 12:05:39,449][Trainer][INFO] - Epoch time: 58.45 s
[2026-08-02 12:05:40,382][Trainer][INFO] - 
[2026-08-02 12:05:40,382][Trainer][INFO] - Epoch 199
[2026-08-02 12:05:40,382][Trainer][INFO] - Current learning rate: 0.00375
[2026-08-02 12:06:38,793][Trainer][INFO] - train_loss -0.6858
[2026-08-02 12:06:38,793][Trainer][INFO] - val_loss -0.7506
[2026-08-02 12:06:38,793][Trainer][INFO] - Pseudo dice 0.8228
[2026-08-02 12:06:38,793][Trainer][INFO] - Epoch time: 58.41 s
[2026-08-02 12:06:40,180][Trainer][INFO] - 
[2026-08-02 12:06:40,181][Trainer][INFO] - Epoch 200
[2026-08-02 12:06:40,181][Trainer][INFO] - Current learning rate: 0.00372
[2026-08-02 12:07:38,651][Trainer][INFO] - train_loss -0.6947
[2026-08-02 12:07:38,652][Trainer][INFO] - val_loss -0.7105
[2026-08-02 12:07:38,652][Trainer][INFO] - Pseudo dice 0.7983
[2026-08-02 12:07:38,652][Trainer][INFO] - Epoch time: 58.47 s
[2026-08-02 12:07:39,580][Trainer][INFO] - 
[2026-08-02 12:07:39,581][Trainer][INFO] - Epoch 201
[2026-08-02 12:07:39,581][Trainer][INFO] - Current learning rate: 0.00369
[2026-08-02 12:08:37,987][Trainer][INFO] - train_loss -0.7106
[2026-08-02 12:08:37,987][Trainer][INFO] - val_loss -0.7487
[2026-08-02 12:08:37,987][Trainer][INFO] - Pseudo dice 0.8242
[2026-08-02 12:08:37,988][Trainer][INFO] - Epoch time: 58.41 s
[2026-08-02 12:08:38,933][Trainer][INFO] - 
[2026-08-02 12:08:38,933][Trainer][INFO] - Epoch 202
[2026-08-02 12:08:38,934][Trainer][INFO] - Current learning rate: 0.00365
[2026-08-02 12:09:37,362][Trainer][INFO] - train_loss -0.6881
[2026-08-02 12:09:37,362][Trainer][INFO] - val_loss -0.7563
[2026-08-02 12:09:37,362][Trainer][INFO] - Pseudo dice 0.8423
[2026-08-02 12:09:37,362][Trainer][INFO] - Epoch time: 58.43 s
[2026-08-02 12:09:38,305][Trainer][INFO] - 
[2026-08-02 12:09:38,306][Trainer][INFO] - Epoch 203
[2026-08-02 12:09:38,306][Trainer][INFO] - Current learning rate: 0.00362
[2026-08-02 12:10:36,828][Trainer][INFO] - train_loss -0.6901
[2026-08-02 12:10:36,828][Trainer][INFO] - val_loss -0.734
[2026-08-02 12:10:36,828][Trainer][INFO] - Pseudo dice 0.8773
[2026-08-02 12:10:36,828][Trainer][INFO] - Epoch time: 58.52 s
[2026-08-02 12:10:37,749][Trainer][INFO] - 
[2026-08-02 12:10:37,749][Trainer][INFO] - Epoch 204
[2026-08-02 12:10:37,749][Trainer][INFO] - Current learning rate: 0.00359
[2026-08-02 12:11:35,971][Trainer][INFO] - train_loss -0.6967
[2026-08-02 12:11:35,971][Trainer][INFO] - val_loss -0.7868
[2026-08-02 12:11:35,971][Trainer][INFO] - Pseudo dice 0.8423
[2026-08-02 12:11:35,971][Trainer][INFO] - Epoch time: 58.22 s
[2026-08-02 12:11:36,894][Trainer][INFO] - 
[2026-08-02 12:11:36,894][Trainer][INFO] - Epoch 205
[2026-08-02 12:11:36,894][Trainer][INFO] - Current learning rate: 0.00355
[2026-08-02 12:12:35,292][Trainer][INFO] - train_loss -0.6982
[2026-08-02 12:12:35,292][Trainer][INFO] - val_loss -0.7687
[2026-08-02 12:12:35,293][Trainer][INFO] - Pseudo dice 0.8471
[2026-08-02 12:12:35,293][Trainer][INFO] - Epoch time: 58.4 s
[2026-08-02 12:12:35,293][Trainer][INFO] - Yayy! New best EMA pseudo Dice: 0.8221
[2026-08-02 12:12:37,547][Trainer][INFO] - 
[2026-08-02 12:12:37,547][Trainer][INFO] - Epoch 206
[2026-08-02 12:12:37,547][Trainer][INFO] - Current learning rate: 0.00352
[2026-08-02 12:13:35,925][Trainer][INFO] - train_loss -0.712
[2026-08-02 12:13:35,925][Trainer][INFO] - val_loss -0.7263
[2026-08-02 12:13:35,925][Trainer][INFO] - Pseudo dice 0.8396
[2026-08-02 12:13:35,925][Trainer][INFO] - Epoch time: 58.38 s
[2026-08-02 12:13:35,925][Trainer][INFO] - Yayy! New best EMA pseudo Dice: 0.8239
[2026-08-02 12:13:37,272][Trainer][INFO] - 
[2026-08-02 12:13:37,272][Trainer][INFO] - Epoch 207
[2026-08-02 12:13:37,272][Trainer][INFO] - Current learning rate: 0.00349
[2026-08-02 12:14:35,775][Trainer][INFO] - train_loss -0.7244
[2026-08-02 12:14:35,775][Trainer][INFO] - val_loss -0.6942
[2026-08-02 12:14:35,775][Trainer][INFO] - Pseudo dice 0.8055
[2026-08-02 12:14:35,775][Trainer][INFO] - Epoch time: 58.5 s
[2026-08-02 12:14:36,661][Trainer][INFO] - 
[2026-08-02 12:14:36,661][Trainer][INFO] - Epoch 208
[2026-08-02 12:14:36,661][Trainer][INFO] - Current learning rate: 0.00345
[2026-08-02 12:15:35,015][Trainer][INFO] - train_loss -0.6954
[2026-08-02 12:15:35,015][Trainer][INFO] - val_loss -0.7484
[2026-08-02 12:15:35,015][Trainer][INFO] - Pseudo dice 0.7851
[2026-08-02 12:15:35,016][Trainer][INFO] - Epoch time: 58.36 s
[2026-08-02 12:15:35,907][Trainer][INFO] - 
[2026-08-02 12:15:35,907][Trainer][INFO] - Epoch 209
[2026-08-02 12:15:35,907][Trainer][INFO] - Current learning rate: 0.00342
[2026-08-02 12:16:34,249][Trainer][INFO] - train_loss -0.7295
[2026-08-02 12:16:34,249][Trainer][INFO] - val_loss -0.7161
[2026-08-02 12:16:34,249][Trainer][INFO] - Pseudo dice 0.8102
[2026-08-02 12:16:34,249][Trainer][INFO] - Epoch time: 58.34 s
[2026-08-02 12:16:35,146][Trainer][INFO] - 
[2026-08-02 12:16:35,146][Trainer][INFO] - Epoch 210
[2026-08-02 12:16:35,146][Trainer][INFO] - Current learning rate: 0.00338
[2026-08-02 12:17:33,599][Trainer][INFO] - train_loss -0.6951
[2026-08-02 12:17:33,600][Trainer][INFO] - val_loss -0.7021
[2026-08-02 12:17:33,600][Trainer][INFO] - Pseudo dice 0.8112
[2026-08-02 12:17:33,600][Trainer][INFO] - Epoch time: 58.45 s
[2026-08-02 12:17:34,488][Trainer][INFO] - 
[2026-08-02 12:17:34,488][Trainer][INFO] - Epoch 211
[2026-08-02 12:17:34,488][Trainer][INFO] - Current learning rate: 0.00335
[2026-08-02 12:18:32,960][Trainer][INFO] - train_loss -0.7224
[2026-08-02 12:18:32,960][Trainer][INFO] - val_loss -0.6919
[2026-08-02 12:18:32,961][Trainer][INFO] - Pseudo dice 0.8461
[2026-08-02 12:18:32,961][Trainer][INFO] - Epoch time: 58.47 s
[2026-08-02 12:18:33,873][Trainer][INFO] - 
[2026-08-02 12:18:33,874][Trainer][INFO] - Epoch 212
[2026-08-02 12:18:33,874][Trainer][INFO] - Current learning rate: 0.00332
[2026-08-02 12:19:32,408][Trainer][INFO] - train_loss -0.7178
[2026-08-02 12:19:32,409][Trainer][INFO] - val_loss -0.7124
[2026-08-02 12:19:32,409][Trainer][INFO] - Pseudo dice 0.8332
[2026-08-02 12:19:32,409][Trainer][INFO] - Epoch time: 58.54 s
[2026-08-02 12:19:33,308][Trainer][INFO] - 
[2026-08-02 12:19:33,308][Trainer][INFO] - Epoch 213
[2026-08-02 12:19:33,308][Trainer][INFO] - Current learning rate: 0.00328
[2026-08-02 12:20:31,883][Trainer][INFO] - train_loss -0.7083
[2026-08-02 12:20:31,883][Trainer][INFO] - val_loss -0.7911
[2026-08-02 12:20:31,883][Trainer][INFO] - Pseudo dice 0.8754
[2026-08-02 12:20:31,883][Trainer][INFO] - Epoch time: 58.58 s
[2026-08-02 12:20:31,883][Trainer][INFO] - Yayy! New best EMA pseudo Dice: 0.8266
[2026-08-02 12:20:33,218][Trainer][INFO] - 
[2026-08-02 12:20:33,218][Trainer][INFO] - Epoch 214
[2026-08-02 12:20:33,218][Trainer][INFO] - Current learning rate: 0.00325
[2026-08-02 12:21:31,633][Trainer][INFO] - train_loss -0.6985
[2026-08-02 12:21:31,633][Trainer][INFO] - val_loss -0.6902
[2026-08-02 12:21:31,633][Trainer][INFO] - Pseudo dice 0.8041
[2026-08-02 12:21:31,633][Trainer][INFO] - Epoch time: 58.42 s
[2026-08-02 12:21:32,562][Trainer][INFO] - 
[2026-08-02 12:21:32,562][Trainer][INFO] - Epoch 215
[2026-08-02 12:21:32,562][Trainer][INFO] - Current learning rate: 0.00321
[2026-08-02 12:22:30,966][Trainer][INFO] - train_loss -0.74
[2026-08-02 12:22:30,966][Trainer][INFO] - val_loss -0.6827
[2026-08-02 12:22:30,966][Trainer][INFO] - Pseudo dice 0.7781
[2026-08-02 12:22:30,967][Trainer][INFO] - Epoch time: 58.41 s
[2026-08-02 12:22:31,868][Trainer][INFO] - 
[2026-08-02 12:22:31,868][Trainer][INFO] - Epoch 216
[2026-08-02 12:22:31,869][Trainer][INFO] - Current learning rate: 0.00318
[2026-08-02 12:23:30,318][Trainer][INFO] - train_loss -0.7092
[2026-08-02 12:23:30,319][Trainer][INFO] - val_loss -0.7286
[2026-08-02 12:23:30,319][Trainer][INFO] - Pseudo dice 0.8708
[2026-08-02 12:23:30,319][Trainer][INFO] - Epoch time: 58.45 s
[2026-08-02 12:23:31,207][Trainer][INFO] - 
[2026-08-02 12:23:31,207][Trainer][INFO] - Epoch 217
[2026-08-02 12:23:31,207][Trainer][INFO] - Current learning rate: 0.00315
[2026-08-02 12:24:29,628][Trainer][INFO] - train_loss -0.7263
[2026-08-02 12:24:29,628][Trainer][INFO] - val_loss -0.7453
[2026-08-02 12:24:29,628][Trainer][INFO] - Pseudo dice 0.8741
[2026-08-02 12:24:29,629][Trainer][INFO] - Epoch time: 58.42 s
[2026-08-02 12:24:29,629][Trainer][INFO] - Yayy! New best EMA pseudo Dice: 0.8297
[2026-08-02 12:24:30,989][Trainer][INFO] - 
[2026-08-02 12:24:30,989][Trainer][INFO] - Epoch 218
[2026-08-02 12:24:30,989][Trainer][INFO] - Current learning rate: 0.00311
[2026-08-02 12:25:29,270][Trainer][INFO] - train_loss -0.7144
[2026-08-02 12:25:29,270][Trainer][INFO] - val_loss -0.6882
[2026-08-02 12:25:29,270][Trainer][INFO] - Pseudo dice 0.7875
[2026-08-02 12:25:29,270][Trainer][INFO] - Epoch time: 58.28 s
[2026-08-02 12:25:30,154][Trainer][INFO] - 
[2026-08-02 12:25:30,154][Trainer][INFO] - Epoch 219
[2026-08-02 12:25:30,154][Trainer][INFO] - Current learning rate: 0.00308
[2026-08-02 12:26:28,509][Trainer][INFO] - train_loss -0.6981
[2026-08-02 12:26:28,510][Trainer][INFO] - val_loss -0.7224
[2026-08-02 12:26:28,510][Trainer][INFO] - Pseudo dice 0.8117
[2026-08-02 12:26:28,510][Trainer][INFO] - Epoch time: 58.36 s
[2026-08-02 12:26:29,402][Trainer][INFO] - 
[2026-08-02 12:26:29,402][Trainer][INFO] - Epoch 220
[2026-08-02 12:26:29,402][Trainer][INFO] - Current learning rate: 0.00304
[2026-08-02 12:27:27,752][Trainer][INFO] - train_loss -0.703
[2026-08-02 12:27:27,752][Trainer][INFO] - val_loss -0.7238
[2026-08-02 12:27:27,752][Trainer][INFO] - Pseudo dice 0.8093
[2026-08-02 12:27:27,752][Trainer][INFO] - Epoch time: 58.35 s
[2026-08-02 12:27:28,653][Trainer][INFO] - 
[2026-08-02 12:27:28,653][Trainer][INFO] - Epoch 221
[2026-08-02 12:27:28,653][Trainer][INFO] - Current learning rate: 0.00301
[2026-08-02 12:28:27,149][Trainer][INFO] - train_loss -0.6835
[2026-08-02 12:28:27,150][Trainer][INFO] - val_loss -0.7236
[2026-08-02 12:28:27,150][Trainer][INFO] - Pseudo dice 0.8437
[2026-08-02 12:28:27,150][Trainer][INFO] - Epoch time: 58.5 s
[2026-08-02 12:28:28,061][Trainer][INFO] - 
[2026-08-02 12:28:28,061][Trainer][INFO] - Epoch 222
[2026-08-02 12:28:28,061][Trainer][INFO] - Current learning rate: 0.00297
[2026-08-02 12:29:26,389][Trainer][INFO] - train_loss -0.6885
[2026-08-02 12:29:26,389][Trainer][INFO] - val_loss -0.7358
[2026-08-02 12:29:26,389][Trainer][INFO] - Pseudo dice 0.8465
[2026-08-02 12:29:26,389][Trainer][INFO] - Epoch time: 58.33 s
[2026-08-02 12:29:27,278][Trainer][INFO] - 
[2026-08-02 12:29:27,279][Trainer][INFO] - Epoch 223
[2026-08-02 12:29:27,279][Trainer][INFO] - Current learning rate: 0.00294
[2026-08-02 12:30:25,540][Trainer][INFO] - train_loss -0.725
[2026-08-02 12:30:25,540][Trainer][INFO] - val_loss -0.7441
[2026-08-02 12:30:25,541][Trainer][INFO] - Pseudo dice 0.8313
[2026-08-02 12:30:25,541][Trainer][INFO] - Epoch time: 58.26 s
[2026-08-02 12:30:26,447][Trainer][INFO] - 
[2026-08-02 12:30:26,447][Trainer][INFO] - Epoch 224
[2026-08-02 12:30:26,447][Trainer][INFO] - Current learning rate: 0.00291
[2026-08-02 12:31:24,803][Trainer][INFO] - train_loss -0.7066
[2026-08-02 12:31:24,804][Trainer][INFO] - val_loss -0.7665
[2026-08-02 12:31:24,804][Trainer][INFO] - Pseudo dice 0.8665
[2026-08-02 12:31:24,804][Trainer][INFO] - Epoch time: 58.36 s
[2026-08-02 12:31:24,804][Trainer][INFO] - Yayy! New best EMA pseudo Dice: 0.8313
[2026-08-02 12:31:26,148][Trainer][INFO] - 
[2026-08-02 12:31:26,148][Trainer][INFO] - Epoch 225
[2026-08-02 12:31:26,148][Trainer][INFO] - Current learning rate: 0.00287
[2026-08-02 12:32:24,609][Trainer][INFO] - train_loss -0.7141
[2026-08-02 12:32:24,609][Trainer][INFO] - val_loss -0.7106
[2026-08-02 12:32:24,610][Trainer][INFO] - Pseudo dice 0.8544
[2026-08-02 12:32:24,610][Trainer][INFO] - Epoch time: 58.46 s
[2026-08-02 12:32:24,610][Trainer][INFO] - Yayy! New best EMA pseudo Dice: 0.8336
[2026-08-02 12:32:26,031][Trainer][INFO] - 
[2026-08-02 12:32:26,031][Trainer][INFO] - Epoch 226
[2026-08-02 12:32:26,031][Trainer][INFO] - Current learning rate: 0.00284
[2026-08-02 12:33:24,517][Trainer][INFO] - train_loss -0.7214
[2026-08-02 12:33:24,517][Trainer][INFO] - val_loss -0.7042
[2026-08-02 12:33:24,518][Trainer][INFO] - Pseudo dice 0.8133
[2026-08-02 12:33:24,518][Trainer][INFO] - Epoch time: 58.49 s
[2026-08-02 12:33:25,405][Trainer][INFO] - 
[2026-08-02 12:33:25,405][Trainer][INFO] - Epoch 227
[2026-08-02 12:33:25,405][Trainer][INFO] - Current learning rate: 0.0028
[2026-08-02 12:34:23,706][Trainer][INFO] - train_loss -0.7338
[2026-08-02 12:34:23,707][Trainer][INFO] - val_loss -0.7352
[2026-08-02 12:34:23,707][Trainer][INFO] - Pseudo dice 0.8071
[2026-08-02 12:34:23,707][Trainer][INFO] - Epoch time: 58.3 s
[2026-08-02 12:34:25,535][Trainer][INFO] - 
[2026-08-02 12:34:25,535][Trainer][INFO] - Epoch 228
[2026-08-02 12:34:25,535][Trainer][INFO] - Current learning rate: 0.00277
[2026-08-02 12:35:24,006][Trainer][INFO] - train_loss -0.7224
[2026-08-02 12:35:24,006][Trainer][INFO] - val_loss -0.7009
[2026-08-02 12:35:24,006][Trainer][INFO] - Pseudo dice 0.805
[2026-08-02 12:35:24,006][Trainer][INFO] - Epoch time: 58.47 s
[2026-08-02 12:35:24,902][Trainer][INFO] - 
[2026-08-02 12:35:24,902][Trainer][INFO] - Epoch 229
[2026-08-02 12:35:24,903][Trainer][INFO] - Current learning rate: 0.00273
[2026-08-02 12:36:23,332][Trainer][INFO] - train_loss -0.7173
[2026-08-02 12:36:23,332][Trainer][INFO] - val_loss -0.6962
[2026-08-02 12:36:23,332][Trainer][INFO] - Pseudo dice 0.8341
[2026-08-02 12:36:23,332][Trainer][INFO] - Epoch time: 58.43 s
[2026-08-02 12:36:24,229][Trainer][INFO] - 
[2026-08-02 12:36:24,229][Trainer][INFO] - Epoch 230
[2026-08-02 12:36:24,229][Trainer][INFO] - Current learning rate: 0.0027
[2026-08-02 12:37:22,702][Trainer][INFO] - train_loss -0.7167
[2026-08-02 12:37:22,703][Trainer][INFO] - val_loss -0.6881
[2026-08-02 12:37:22,703][Trainer][INFO] - Pseudo dice 0.8264
[2026-08-02 12:37:22,703][Trainer][INFO] - Epoch time: 58.47 s
[2026-08-02 12:37:23,596][Trainer][INFO] - 
[2026-08-02 12:37:23,596][Trainer][INFO] - Epoch 231
[2026-08-02 12:37:23,596][Trainer][INFO] - Current learning rate: 0.00266
[2026-08-02 12:38:22,124][Trainer][INFO] - train_loss -0.726
[2026-08-02 12:38:22,124][Trainer][INFO] - val_loss -0.6973
[2026-08-02 12:38:22,124][Trainer][INFO] - Pseudo dice 0.8133
[2026-08-02 12:38:22,124][Trainer][INFO] - Epoch time: 58.53 s
[2026-08-02 12:38:23,019][Trainer][INFO] - 
[2026-08-02 12:38:23,019][Trainer][INFO] - Epoch 232
[2026-08-02 12:38:23,020][Trainer][INFO] - Current learning rate: 0.00263
[2026-08-02 12:39:21,555][Trainer][INFO] - train_loss -0.7109
[2026-08-02 12:39:21,556][Trainer][INFO] - val_loss -0.6856
[2026-08-02 12:39:21,556][Trainer][INFO] - Pseudo dice 0.8056
[2026-08-02 12:39:21,556][Trainer][INFO] - Epoch time: 58.54 s
[2026-08-02 12:39:22,476][Trainer][INFO] - 
[2026-08-02 12:39:22,476][Trainer][INFO] - Epoch 233
[2026-08-02 12:39:22,477][Trainer][INFO] - Current learning rate: 0.00259
[2026-08-02 12:40:21,040][Trainer][INFO] - train_loss -0.7044
[2026-08-02 12:40:21,040][Trainer][INFO] - val_loss -0.7725
[2026-08-02 12:40:21,040][Trainer][INFO] - Pseudo dice 0.858
[2026-08-02 12:40:21,041][Trainer][INFO] - Epoch time: 58.56 s
[2026-08-02 12:40:21,937][Trainer][INFO] - 
[2026-08-02 12:40:21,938][Trainer][INFO] - Epoch 234
[2026-08-02 12:40:21,938][Trainer][INFO] - Current learning rate: 0.00256
[2026-08-02 12:41:20,473][Trainer][INFO] - train_loss -0.6935
[2026-08-02 12:41:20,473][Trainer][INFO] - val_loss -0.7419
[2026-08-02 12:41:20,473][Trainer][INFO] - Pseudo dice 0.8206
[2026-08-02 12:41:20,474][Trainer][INFO] - Epoch time: 58.54 s
[2026-08-02 12:41:21,367][Trainer][INFO] - 
[2026-08-02 12:41:21,367][Trainer][INFO] - Epoch 235
[2026-08-02 12:41:21,367][Trainer][INFO] - Current learning rate: 0.00252
[2026-08-02 12:42:19,870][Trainer][INFO] - train_loss -0.7238
[2026-08-02 12:42:19,870][Trainer][INFO] - val_loss -0.6903
[2026-08-02 12:42:19,870][Trainer][INFO] - Pseudo dice 0.8213
[2026-08-02 12:42:19,870][Trainer][INFO] - Epoch time: 58.5 s
[2026-08-02 12:42:20,761][Trainer][INFO] - 
[2026-08-02 12:42:20,761][Trainer][INFO] - Epoch 236
[2026-08-02 12:42:20,761][Trainer][INFO] - Current learning rate: 0.00249
[2026-08-02 12:43:19,126][Trainer][INFO] - train_loss -0.6936
[2026-08-02 12:43:19,126][Trainer][INFO] - val_loss -0.6779
[2026-08-02 12:43:19,126][Trainer][INFO] - Pseudo dice 0.7677
[2026-08-02 12:43:19,126][Trainer][INFO] - Epoch time: 58.37 s
[2026-08-02 12:43:20,026][Trainer][INFO] - 
[2026-08-02 12:43:20,026][Trainer][INFO] - Epoch 237
[2026-08-02 12:43:20,026][Trainer][INFO] - Current learning rate: 0.00245
[2026-08-02 12:44:18,602][Trainer][INFO] - train_loss -0.7068
[2026-08-02 12:44:18,602][Trainer][INFO] - val_loss -0.7239
[2026-08-02 12:44:18,602][Trainer][INFO] - Pseudo dice 0.8505
[2026-08-02 12:44:18,602][Trainer][INFO] - Epoch time: 58.58 s
[2026-08-02 12:44:19,495][Trainer][INFO] - 
[2026-08-02 12:44:19,496][Trainer][INFO] - Epoch 238
[2026-08-02 12:44:19,496][Trainer][INFO] - Current learning rate: 0.00242
[2026-08-02 12:45:17,960][Trainer][INFO] - train_loss -0.7217
[2026-08-02 12:45:17,960][Trainer][INFO] - val_loss -0.7397
[2026-08-02 12:45:17,960][Trainer][INFO] - Pseudo dice 0.8522
[2026-08-02 12:45:17,961][Trainer][INFO] - Epoch time: 58.47 s
[2026-08-02 12:45:18,866][Trainer][INFO] - 
[2026-08-02 12:45:18,867][Trainer][INFO] - Epoch 239
[2026-08-02 12:45:18,867][Trainer][INFO] - Current learning rate: 0.00238
[2026-08-02 12:46:17,352][Trainer][INFO] - train_loss -0.7204
[2026-08-02 12:46:17,352][Trainer][INFO] - val_loss -0.7694
[2026-08-02 12:46:17,352][Trainer][INFO] - Pseudo dice 0.8403
[2026-08-02 12:46:17,353][Trainer][INFO] - Epoch time: 58.49 s
[2026-08-02 12:46:18,259][Trainer][INFO] - 
[2026-08-02 12:46:18,259][Trainer][INFO] - Epoch 240
[2026-08-02 12:46:18,260][Trainer][INFO] - Current learning rate: 0.00235
[2026-08-02 12:47:16,563][Trainer][INFO] - train_loss -0.7181
[2026-08-02 12:47:16,563][Trainer][INFO] - val_loss -0.7102
[2026-08-02 12:47:16,563][Trainer][INFO] - Pseudo dice 0.8437
[2026-08-02 12:47:16,563][Trainer][INFO] - Epoch time: 58.3 s
[2026-08-02 12:47:17,468][Trainer][INFO] - 
[2026-08-02 12:47:17,468][Trainer][INFO] - Epoch 241
[2026-08-02 12:47:17,468][Trainer][INFO] - Current learning rate: 0.00231
[2026-08-02 12:48:15,955][Trainer][INFO] - train_loss -0.7177
[2026-08-02 12:48:15,956][Trainer][INFO] - val_loss -0.7671
[2026-08-02 12:48:15,956][Trainer][INFO] - Pseudo dice 0.8555
[2026-08-02 12:48:15,956][Trainer][INFO] - Epoch time: 58.49 s
[2026-08-02 12:48:16,862][Trainer][INFO] - 
[2026-08-02 12:48:16,862][Trainer][INFO] - Epoch 242
[2026-08-02 12:48:16,862][Trainer][INFO] - Current learning rate: 0.00228
[2026-08-02 12:49:15,363][Trainer][INFO] - train_loss -0.6931
[2026-08-02 12:49:15,363][Trainer][INFO] - val_loss -0.731
[2026-08-02 12:49:15,364][Trainer][INFO] - Pseudo dice 0.8511
[2026-08-02 12:49:15,364][Trainer][INFO] - Epoch time: 58.5 s
[2026-08-02 12:49:15,364][Trainer][INFO] - Yayy! New best EMA pseudo Dice: 0.8338
[2026-08-02 12:49:16,730][Trainer][INFO] - 
[2026-08-02 12:49:16,730][Trainer][INFO] - Epoch 243
[2026-08-02 12:49:16,730][Trainer][INFO] - Current learning rate: 0.00224
[2026-08-02 12:50:15,082][Trainer][INFO] - train_loss -0.7181
[2026-08-02 12:50:15,082][Trainer][INFO] - val_loss -0.7741
[2026-08-02 12:50:15,083][Trainer][INFO] - Pseudo dice 0.833
[2026-08-02 12:50:15,083][Trainer][INFO] - Epoch time: 58.35 s
[2026-08-02 12:50:16,039][Trainer][INFO] - 
[2026-08-02 12:50:16,039][Trainer][INFO] - Epoch 244
[2026-08-02 12:50:16,039][Trainer][INFO] - Current learning rate: 0.00221
[2026-08-02 12:51:14,421][Trainer][INFO] - train_loss -0.7003
[2026-08-02 12:51:14,421][Trainer][INFO] - val_loss -0.7367
[2026-08-02 12:51:14,421][Trainer][INFO] - Pseudo dice 0.8116
[2026-08-02 12:51:14,422][Trainer][INFO] - Epoch time: 58.38 s
[2026-08-02 12:51:15,323][Trainer][INFO] - 
[2026-08-02 12:51:15,323][Trainer][INFO] - Epoch 245
[2026-08-02 12:51:15,323][Trainer][INFO] - Current learning rate: 0.00217
[2026-08-02 12:52:13,431][Trainer][INFO] - train_loss -0.7042
[2026-08-02 12:52:13,431][Trainer][INFO] - val_loss -0.7386
[2026-08-02 12:52:13,431][Trainer][INFO] - Pseudo dice 0.8596
[2026-08-02 12:52:13,431][Trainer][INFO] - Epoch time: 58.11 s
[2026-08-02 12:52:13,431][Trainer][INFO] - Yayy! New best EMA pseudo Dice: 0.8343
[2026-08-02 12:52:14,862][Trainer][INFO] - 
[2026-08-02 12:52:14,862][Trainer][INFO] - Epoch 246
[2026-08-02 12:52:14,862][Trainer][INFO] - Current learning rate: 0.00214
[2026-08-02 12:53:13,047][Trainer][INFO] - train_loss -0.705
[2026-08-02 12:53:13,047][Trainer][INFO] - val_loss -0.7477
[2026-08-02 12:53:13,047][Trainer][INFO] - Pseudo dice 0.8798
[2026-08-02 12:53:13,047][Trainer][INFO] - Epoch time: 58.19 s
[2026-08-02 12:53:13,047][Trainer][INFO] - Yayy! New best EMA pseudo Dice: 0.8388
[2026-08-02 12:53:14,385][Trainer][INFO] - 
[2026-08-02 12:53:14,385][Trainer][INFO] - Epoch 247
[2026-08-02 12:53:14,385][Trainer][INFO] - Current learning rate: 0.0021
[2026-08-02 12:54:12,896][Trainer][INFO] - train_loss -0.7123
[2026-08-02 12:54:12,896][Trainer][INFO] - val_loss -0.7007
[2026-08-02 12:54:12,896][Trainer][INFO] - Pseudo dice 0.841
[2026-08-02 12:54:12,896][Trainer][INFO] - Epoch time: 58.51 s
[2026-08-02 12:54:12,896][Trainer][INFO] - Yayy! New best EMA pseudo Dice: 0.8391
[2026-08-02 12:54:14,277][Trainer][INFO] - 
[2026-08-02 12:54:14,277][Trainer][INFO] - Epoch 248
[2026-08-02 12:54:14,277][Trainer][INFO] - Current learning rate: 0.00207
[2026-08-02 12:55:12,543][Trainer][INFO] - train_loss -0.712
[2026-08-02 12:55:12,544][Trainer][INFO] - val_loss -0.6808
[2026-08-02 12:55:12,544][Trainer][INFO] - Pseudo dice 0.8277
[2026-08-02 12:55:12,544][Trainer][INFO] - Epoch time: 58.27 s
[2026-08-02 12:55:13,452][Trainer][INFO] - 
[2026-08-02 12:55:13,452][Trainer][INFO] - Epoch 249
[2026-08-02 12:55:13,452][Trainer][INFO] - Current learning rate: 0.00203
[2026-08-02 12:56:11,686][Trainer][INFO] - train_loss -0.7062
[2026-08-02 12:56:11,686][Trainer][INFO] - val_loss -0.705
[2026-08-02 12:56:11,686][Trainer][INFO] - Pseudo dice 0.8145
[2026-08-02 12:56:11,686][Trainer][INFO] - Epoch time: 58.23 s
[2026-08-02 12:56:13,039][Trainer][INFO] - 
[2026-08-02 12:56:13,039][Trainer][INFO] - Epoch 250
[2026-08-02 12:56:13,039][Trainer][INFO] - Current learning rate: 0.00199
[2026-08-02 12:57:12,411][Trainer][INFO] - train_loss -0.7164
[2026-08-02 12:57:12,411][Trainer][INFO] - val_loss -0.7217
[2026-08-02 12:57:12,412][Trainer][INFO] - Pseudo dice 0.8391
[2026-08-02 12:57:12,412][Trainer][INFO] - Epoch time: 59.37 s
[2026-08-02 12:57:13,366][Trainer][INFO] - 
[2026-08-02 12:57:13,366][Trainer][INFO] - Epoch 251
[2026-08-02 12:57:13,367][Trainer][INFO] - Current learning rate: 0.00196
[2026-08-02 12:58:11,906][Trainer][INFO] - train_loss -0.695
[2026-08-02 12:58:11,906][Trainer][INFO] - val_loss -0.7353
[2026-08-02 12:58:11,907][Trainer][INFO] - Pseudo dice 0.8313
[2026-08-02 12:58:11,907][Trainer][INFO] - Epoch time: 58.54 s
[2026-08-02 12:58:12,922][Trainer][INFO] - 
[2026-08-02 12:58:12,922][Trainer][INFO] - Epoch 252
[2026-08-02 12:58:12,922][Trainer][INFO] - Current learning rate: 0.00192
[2026-08-02 12:59:11,183][Trainer][INFO] - train_loss -0.7148
[2026-08-02 12:59:11,183][Trainer][INFO] - val_loss -0.722
[2026-08-02 12:59:11,183][Trainer][INFO] - Pseudo dice 0.8217
[2026-08-02 12:59:11,184][Trainer][INFO] - Epoch time: 58.26 s
[2026-08-02 12:59:12,119][Trainer][INFO] - 
[2026-08-02 12:59:12,119][Trainer][INFO] - Epoch 253
[2026-08-02 12:59:12,119][Trainer][INFO] - Current learning rate: 0.00189
[2026-08-02 13:00:10,463][Trainer][INFO] - train_loss -0.7064
[2026-08-02 13:00:10,464][Trainer][INFO] - val_loss -0.7991
[2026-08-02 13:00:10,464][Trainer][INFO] - Pseudo dice 0.8728
[2026-08-02 13:00:10,464][Trainer][INFO] - Epoch time: 58.34 s
[2026-08-02 13:00:11,394][Trainer][INFO] - 
[2026-08-02 13:00:11,394][Trainer][INFO] - Epoch 254
[2026-08-02 13:00:11,394][Trainer][INFO] - Current learning rate: 0.00185
[2026-08-02 13:01:09,517][Trainer][INFO] - train_loss -0.7307
[2026-08-02 13:01:09,518][Trainer][INFO] - val_loss -0.7599
[2026-08-02 13:01:09,518][Trainer][INFO] - Pseudo dice 0.8554
[2026-08-02 13:01:09,518][Trainer][INFO] - Epoch time: 58.12 s
[2026-08-02 13:01:09,518][Trainer][INFO] - Yayy! New best EMA pseudo Dice: 0.8397
[2026-08-02 13:01:10,891][Trainer][INFO] - 
[2026-08-02 13:01:10,891][Trainer][INFO] - Epoch 255
[2026-08-02 13:01:10,892][Trainer][INFO] - Current learning rate: 0.00181
[2026-08-02 13:02:09,047][Trainer][INFO] - train_loss -0.7036
[2026-08-02 13:02:09,047][Trainer][INFO] - val_loss -0.7553
[2026-08-02 13:02:09,047][Trainer][INFO] - Pseudo dice 0.862
[2026-08-02 13:02:09,047][Trainer][INFO] - Epoch time: 58.16 s
[2026-08-02 13:02:09,047][Trainer][INFO] - Yayy! New best EMA pseudo Dice: 0.8419
[2026-08-02 13:02:10,390][Trainer][INFO] - 
[2026-08-02 13:02:10,390][Trainer][INFO] - Epoch 256
[2026-08-02 13:02:10,390][Trainer][INFO] - Current learning rate: 0.00178
[2026-08-02 13:03:08,711][Trainer][INFO] - train_loss -0.7342
[2026-08-02 13:03:08,712][Trainer][INFO] - val_loss -0.6758
[2026-08-02 13:03:08,712][Trainer][INFO] - Pseudo dice 0.7863
[2026-08-02 13:03:08,712][Trainer][INFO] - Epoch time: 58.32 s
[2026-08-02 13:03:09,612][Trainer][INFO] - 
[2026-08-02 13:03:09,612][Trainer][INFO] - Epoch 257
[2026-08-02 13:03:09,612][Trainer][INFO] - Current learning rate: 0.00174
[2026-08-02 13:04:07,909][Trainer][INFO] - train_loss -0.694
[2026-08-02 13:04:07,910][Trainer][INFO] - val_loss -0.7121
[2026-08-02 13:04:07,910][Trainer][INFO] - Pseudo dice 0.7969
[2026-08-02 13:04:07,910][Trainer][INFO] - Epoch time: 58.3 s
[2026-08-02 13:04:08,823][Trainer][INFO] - 
[2026-08-02 13:04:08,823][Trainer][INFO] - Epoch 258
[2026-08-02 13:04:08,823][Trainer][INFO] - Current learning rate: 0.0017
[2026-08-02 13:05:07,073][Trainer][INFO] - train_loss -0.7167
[2026-08-02 13:05:07,073][Trainer][INFO] - val_loss -0.764
[2026-08-02 13:05:07,073][Trainer][INFO] - Pseudo dice 0.8371
[2026-08-02 13:05:07,073][Trainer][INFO] - Epoch time: 58.25 s
[2026-08-02 13:05:07,979][Trainer][INFO] - 
[2026-08-02 13:05:07,979][Trainer][INFO] - Epoch 259
[2026-08-02 13:05:07,979][Trainer][INFO] - Current learning rate: 0.00167
[2026-08-02 13:06:06,344][Trainer][INFO] - train_loss -0.7274
[2026-08-02 13:06:06,344][Trainer][INFO] - val_loss -0.6806
[2026-08-02 13:06:06,344][Trainer][INFO] - Pseudo dice 0.7662
[2026-08-02 13:06:06,344][Trainer][INFO] - Epoch time: 58.37 s
[2026-08-02 13:06:07,253][Trainer][INFO] - 
[2026-08-02 13:06:07,253][Trainer][INFO] - Epoch 260
[2026-08-02 13:06:07,253][Trainer][INFO] - Current learning rate: 0.00163
[2026-08-02 13:07:05,322][Trainer][INFO] - train_loss -0.7152
[2026-08-02 13:07:05,322][Trainer][INFO] - val_loss -0.7673
[2026-08-02 13:07:05,322][Trainer][INFO] - Pseudo dice 0.8822
[2026-08-02 13:07:05,323][Trainer][INFO] - Epoch time: 58.07 s
[2026-08-02 13:07:06,226][Trainer][INFO] - 
[2026-08-02 13:07:06,227][Trainer][INFO] - Epoch 261
[2026-08-02 13:07:06,227][Trainer][INFO] - Current learning rate: 0.00159
[2026-08-02 13:08:04,452][Trainer][INFO] - train_loss -0.7335
[2026-08-02 13:08:04,452][Trainer][INFO] - val_loss -0.7154
[2026-08-02 13:08:04,452][Trainer][INFO] - Pseudo dice 0.8457
[2026-08-02 13:08:04,453][Trainer][INFO] - Epoch time: 58.23 s
[2026-08-02 13:08:05,362][Trainer][INFO] - 
[2026-08-02 13:08:05,362][Trainer][INFO] - Epoch 262
[2026-08-02 13:08:05,363][Trainer][INFO] - Current learning rate: 0.00156
[2026-08-02 13:09:03,581][Trainer][INFO] - train_loss -0.7405
[2026-08-02 13:09:03,581][Trainer][INFO] - val_loss -0.7147
[2026-08-02 13:09:03,582][Trainer][INFO] - Pseudo dice 0.8232
[2026-08-02 13:09:03,582][Trainer][INFO] - Epoch time: 58.22 s
[2026-08-02 13:09:04,484][Trainer][INFO] - 
[2026-08-02 13:09:04,485][Trainer][INFO] - Epoch 263
[2026-08-02 13:09:04,485][Trainer][INFO] - Current learning rate: 0.00152
[2026-08-02 13:10:02,818][Trainer][INFO] - train_loss -0.7019
[2026-08-02 13:10:02,818][Trainer][INFO] - val_loss -0.7581
[2026-08-02 13:10:02,818][Trainer][INFO] - Pseudo dice 0.8742
[2026-08-02 13:10:02,818][Trainer][INFO] - Epoch time: 58.33 s
[2026-08-02 13:10:03,728][Trainer][INFO] - 
[2026-08-02 13:10:03,728][Trainer][INFO] - Epoch 264
[2026-08-02 13:10:03,728][Trainer][INFO] - Current learning rate: 0.00148
[2026-08-02 13:11:02,097][Trainer][INFO] - train_loss -0.7112
[2026-08-02 13:11:02,097][Trainer][INFO] - val_loss -0.7256
[2026-08-02 13:11:02,097][Trainer][INFO] - Pseudo dice 0.8512
[2026-08-02 13:11:02,097][Trainer][INFO] - Epoch time: 58.37 s
[2026-08-02 13:11:03,002][Trainer][INFO] - 
[2026-08-02 13:11:03,002][Trainer][INFO] - Epoch 265
[2026-08-02 13:11:03,002][Trainer][INFO] - Current learning rate: 0.00145
[2026-08-02 13:12:01,382][Trainer][INFO] - train_loss -0.7065
[2026-08-02 13:12:01,382][Trainer][INFO] - val_loss -0.7426
[2026-08-02 13:12:01,382][Trainer][INFO] - Pseudo dice 0.786
[2026-08-02 13:12:01,382][Trainer][INFO] - Epoch time: 58.38 s
[2026-08-02 13:12:02,287][Trainer][INFO] - 
[2026-08-02 13:12:02,288][Trainer][INFO] - Epoch 266
[2026-08-02 13:12:02,288][Trainer][INFO] - Current learning rate: 0.00141
[2026-08-02 13:13:00,651][Trainer][INFO] - train_loss -0.7019
[2026-08-02 13:13:00,651][Trainer][INFO] - val_loss -0.7026
[2026-08-02 13:13:00,652][Trainer][INFO] - Pseudo dice 0.8763
[2026-08-02 13:13:00,652][Trainer][INFO] - Epoch time: 58.36 s
[2026-08-02 13:13:01,569][Trainer][INFO] - 
[2026-08-02 13:13:01,570][Trainer][INFO] - Epoch 267
[2026-08-02 13:13:01,570][Trainer][INFO] - Current learning rate: 0.00137
[2026-08-02 13:13:59,887][Trainer][INFO] - train_loss -0.704
[2026-08-02 13:13:59,887][Trainer][INFO] - val_loss -0.7211
[2026-08-02 13:13:59,887][Trainer][INFO] - Pseudo dice 0.8516
[2026-08-02 13:13:59,887][Trainer][INFO] - Epoch time: 58.32 s
[2026-08-02 13:14:00,794][Trainer][INFO] - 
[2026-08-02 13:14:00,794][Trainer][INFO] - Epoch 268
[2026-08-02 13:14:00,795][Trainer][INFO] - Current learning rate: 0.00133
[2026-08-02 13:14:59,147][Trainer][INFO] - train_loss -0.7191
[2026-08-02 13:14:59,147][Trainer][INFO] - val_loss -0.7331
[2026-08-02 13:14:59,147][Trainer][INFO] - Pseudo dice 0.8656
[2026-08-02 13:14:59,148][Trainer][INFO] - Epoch time: 58.35 s
[2026-08-02 13:15:00,058][Trainer][INFO] - 
[2026-08-02 13:15:00,058][Trainer][INFO] - Epoch 269
[2026-08-02 13:15:00,059][Trainer][INFO] - Current learning rate: 0.0013
[2026-08-02 13:15:58,229][Trainer][INFO] - train_loss -0.7444
[2026-08-02 13:15:58,230][Trainer][INFO] - val_loss -0.7701
[2026-08-02 13:15:58,230][Trainer][INFO] - Pseudo dice 0.855
[2026-08-02 13:15:58,230][Trainer][INFO] - Epoch time: 58.17 s
[2026-08-02 13:15:58,230][Trainer][INFO] - Yayy! New best EMA pseudo Dice: 0.8426
[2026-08-02 13:15:59,605][Trainer][INFO] - 
[2026-08-02 13:15:59,605][Trainer][INFO] - Epoch 270
[2026-08-02 13:15:59,605][Trainer][INFO] - Current learning rate: 0.00126
[2026-08-02 13:16:57,842][Trainer][INFO] - train_loss -0.7308
[2026-08-02 13:16:57,843][Trainer][INFO] - val_loss -0.7498
[2026-08-02 13:16:57,843][Trainer][INFO] - Pseudo dice 0.834
[2026-08-02 13:16:57,843][Trainer][INFO] - Epoch time: 58.24 s
[2026-08-02 13:16:58,735][Trainer][INFO] - 
[2026-08-02 13:16:58,735][Trainer][INFO] - Epoch 271
[2026-08-02 13:16:58,735][Trainer][INFO] - Current learning rate: 0.00122
[2026-08-02 13:17:57,053][Trainer][INFO] - train_loss -0.7164
[2026-08-02 13:17:57,054][Trainer][INFO] - val_loss -0.7466
[2026-08-02 13:17:57,054][Trainer][INFO] - Pseudo dice 0.8569
[2026-08-02 13:17:57,054][Trainer][INFO] - Epoch time: 58.32 s
[2026-08-02 13:17:57,054][Trainer][INFO] - Yayy! New best EMA pseudo Dice: 0.8433
[2026-08-02 13:17:59,287][Trainer][INFO] - 
[2026-08-02 13:17:59,287][Trainer][INFO] - Epoch 272
[2026-08-02 13:17:59,287][Trainer][INFO] - Current learning rate: 0.00118
[2026-08-02 13:18:58,062][Trainer][INFO] - train_loss -0.688
[2026-08-02 13:18:58,063][Trainer][INFO] - val_loss -0.7436
[2026-08-02 13:18:58,063][Trainer][INFO] - Pseudo dice 0.8478
[2026-08-02 13:18:58,063][Trainer][INFO] - Epoch time: 58.78 s
[2026-08-02 13:18:58,063][Trainer][INFO] - Yayy! New best EMA pseudo Dice: 0.8437
[2026-08-02 13:18:59,436][Trainer][INFO] - 
[2026-08-02 13:18:59,436][Trainer][INFO] - Epoch 273
[2026-08-02 13:18:59,436][Trainer][INFO] - Current learning rate: 0.00115
[2026-08-02 13:19:57,529][Trainer][INFO] - train_loss -0.7079
[2026-08-02 13:19:57,530][Trainer][INFO] - val_loss -0.7581
[2026-08-02 13:19:57,530][Trainer][INFO] - Pseudo dice 0.857
[2026-08-02 13:19:57,530][Trainer][INFO] - Epoch time: 58.09 s
[2026-08-02 13:19:57,530][Trainer][INFO] - Yayy! New best EMA pseudo Dice: 0.845
[2026-08-02 13:19:58,855][Trainer][INFO] - 
[2026-08-02 13:19:58,855][Trainer][INFO] - Epoch 274
[2026-08-02 13:19:58,855][Trainer][INFO] - Current learning rate: 0.00111
[2026-08-02 13:20:57,148][Trainer][INFO] - train_loss -0.7323
[2026-08-02 13:20:57,148][Trainer][INFO] - val_loss -0.7466
[2026-08-02 13:20:57,148][Trainer][INFO] - Pseudo dice 0.8667
[2026-08-02 13:20:57,148][Trainer][INFO] - Epoch time: 58.29 s
[2026-08-02 13:20:57,148][Trainer][INFO] - Yayy! New best EMA pseudo Dice: 0.8472
[2026-08-02 13:20:58,495][Trainer][INFO] - 
[2026-08-02 13:20:58,495][Trainer][INFO] - Epoch 275
[2026-08-02 13:20:58,495][Trainer][INFO] - Current learning rate: 0.00107
[2026-08-02 13:21:56,972][Trainer][INFO] - train_loss -0.7159
[2026-08-02 13:21:56,972][Trainer][INFO] - val_loss -0.7534
[2026-08-02 13:21:56,972][Trainer][INFO] - Pseudo dice 0.7734
[2026-08-02 13:21:56,972][Trainer][INFO] - Epoch time: 58.48 s
[2026-08-02 13:21:57,880][Trainer][INFO] - 
[2026-08-02 13:21:57,880][Trainer][INFO] - Epoch 276
[2026-08-02 13:21:57,880][Trainer][INFO] - Current learning rate: 0.00103
[2026-08-02 13:22:56,290][Trainer][INFO] - train_loss -0.7325
[2026-08-02 13:22:56,290][Trainer][INFO] - val_loss -0.7224
[2026-08-02 13:22:56,290][Trainer][INFO] - Pseudo dice 0.812
[2026-08-02 13:22:56,291][Trainer][INFO] - Epoch time: 58.41 s
[2026-08-02 13:22:57,233][Trainer][INFO] - 
[2026-08-02 13:22:57,234][Trainer][INFO] - Epoch 277
[2026-08-02 13:22:57,234][Trainer][INFO] - Current learning rate: 0.00099
[2026-08-02 13:23:55,803][Trainer][INFO] - train_loss -0.7418
[2026-08-02 13:23:55,803][Trainer][INFO] - val_loss -0.7633
[2026-08-02 13:23:55,803][Trainer][INFO] - Pseudo dice 0.8206
[2026-08-02 13:23:55,803][Trainer][INFO] - Epoch time: 58.57 s
[2026-08-02 13:23:56,704][Trainer][INFO] - 
[2026-08-02 13:23:56,705][Trainer][INFO] - Epoch 278
[2026-08-02 13:23:56,705][Trainer][INFO] - Current learning rate: 0.00095
[2026-08-02 13:24:55,147][Trainer][INFO] - train_loss -0.713
[2026-08-02 13:24:55,147][Trainer][INFO] - val_loss -0.7574
[2026-08-02 13:24:55,147][Trainer][INFO] - Pseudo dice 0.8444
[2026-08-02 13:24:55,147][Trainer][INFO] - Epoch time: 58.44 s
[2026-08-02 13:24:56,066][Trainer][INFO] - 
[2026-08-02 13:24:56,066][Trainer][INFO] - Epoch 279
[2026-08-02 13:24:56,066][Trainer][INFO] - Current learning rate: 0.00091
[2026-08-02 13:25:54,519][Trainer][INFO] - train_loss -0.7036
[2026-08-02 13:25:54,519][Trainer][INFO] - val_loss -0.7421
[2026-08-02 13:25:54,519][Trainer][INFO] - Pseudo dice 0.8544
[2026-08-02 13:25:54,520][Trainer][INFO] - Epoch time: 58.45 s
[2026-08-02 13:25:55,419][Trainer][INFO] - 
[2026-08-02 13:25:55,419][Trainer][INFO] - Epoch 280
[2026-08-02 13:25:55,419][Trainer][INFO] - Current learning rate: 0.00087
[2026-08-02 13:26:53,799][Trainer][INFO] - train_loss -0.7227
[2026-08-02 13:26:53,799][Trainer][INFO] - val_loss -0.7331
[2026-08-02 13:26:53,799][Trainer][INFO] - Pseudo dice 0.8504
[2026-08-02 13:26:53,799][Trainer][INFO] - Epoch time: 58.38 s
[2026-08-02 13:26:54,697][Trainer][INFO] - 
[2026-08-02 13:26:54,698][Trainer][INFO] - Epoch 281
[2026-08-02 13:26:54,698][Trainer][INFO] - Current learning rate: 0.00083
[2026-08-02 13:27:53,007][Trainer][INFO] - train_loss -0.7319
[2026-08-02 13:27:53,007][Trainer][INFO] - val_loss -0.7805
[2026-08-02 13:27:53,008][Trainer][INFO] - Pseudo dice 0.8771
[2026-08-02 13:27:53,008][Trainer][INFO] - Epoch time: 58.31 s
[2026-08-02 13:27:53,921][Trainer][INFO] - 
[2026-08-02 13:27:53,921][Trainer][INFO] - Epoch 282
[2026-08-02 13:27:53,921][Trainer][INFO] - Current learning rate: 0.00079
[2026-08-02 13:28:52,189][Trainer][INFO] - train_loss -0.7078
[2026-08-02 13:28:52,190][Trainer][INFO] - val_loss -0.718
[2026-08-02 13:28:52,190][Trainer][INFO] - Pseudo dice 0.8295
[2026-08-02 13:28:52,190][Trainer][INFO] - Epoch time: 58.27 s
[2026-08-02 13:28:53,081][Trainer][INFO] - 
[2026-08-02 13:28:53,082][Trainer][INFO] - Epoch 283
[2026-08-02 13:28:53,082][Trainer][INFO] - Current learning rate: 0.00076
[2026-08-02 13:29:51,621][Trainer][INFO] - train_loss -0.7294
[2026-08-02 13:29:51,621][Trainer][INFO] - val_loss -0.7349
[2026-08-02 13:29:51,621][Trainer][INFO] - Pseudo dice 0.8138
[2026-08-02 13:29:51,621][Trainer][INFO] - Epoch time: 58.54 s
[2026-08-02 13:29:52,526][Trainer][INFO] - 
[2026-08-02 13:29:52,527][Trainer][INFO] - Epoch 284
[2026-08-02 13:29:52,527][Trainer][INFO] - Current learning rate: 0.00071
[2026-08-02 13:30:51,015][Trainer][INFO] - train_loss -0.7321
[2026-08-02 13:30:51,015][Trainer][INFO] - val_loss -0.7149
[2026-08-02 13:30:51,015][Trainer][INFO] - Pseudo dice 0.8029
[2026-08-02 13:30:51,015][Trainer][INFO] - Epoch time: 58.49 s
[2026-08-02 13:30:51,910][Trainer][INFO] - 
[2026-08-02 13:30:51,910][Trainer][INFO] - Epoch 285
[2026-08-02 13:30:51,910][Trainer][INFO] - Current learning rate: 0.00067
[2026-08-02 13:31:50,289][Trainer][INFO] - train_loss -0.7501
[2026-08-02 13:31:50,290][Trainer][INFO] - val_loss -0.7246
[2026-08-02 13:31:50,290][Trainer][INFO] - Pseudo dice 0.8764
[2026-08-02 13:31:50,290][Trainer][INFO] - Epoch time: 58.38 s
[2026-08-02 13:31:51,203][Trainer][INFO] - 
[2026-08-02 13:31:51,203][Trainer][INFO] - Epoch 286
[2026-08-02 13:31:51,203][Trainer][INFO] - Current learning rate: 0.00063
[2026-08-02 13:32:49,523][Trainer][INFO] - train_loss -0.7572
[2026-08-02 13:32:49,523][Trainer][INFO] - val_loss -0.7119
[2026-08-02 13:32:49,523][Trainer][INFO] - Pseudo dice 0.8287
[2026-08-02 13:32:49,524][Trainer][INFO] - Epoch time: 58.32 s
[2026-08-02 13:32:50,471][Trainer][INFO] - 
[2026-08-02 13:32:50,472][Trainer][INFO] - Epoch 287
[2026-08-02 13:32:50,472][Trainer][INFO] - Current learning rate: 0.00059
[2026-08-02 13:33:48,957][Trainer][INFO] - train_loss -0.7545
[2026-08-02 13:33:48,958][Trainer][INFO] - val_loss -0.7567
[2026-08-02 13:33:48,958][Trainer][INFO] - Pseudo dice 0.8847
[2026-08-02 13:33:48,958][Trainer][INFO] - Epoch time: 58.49 s
[2026-08-02 13:33:49,887][Trainer][INFO] - 
[2026-08-02 13:33:49,887][Trainer][INFO] - Epoch 288
[2026-08-02 13:33:49,887][Trainer][INFO] - Current learning rate: 0.00055
[2026-08-02 13:34:48,327][Trainer][INFO] - train_loss -0.7399
[2026-08-02 13:34:48,328][Trainer][INFO] - val_loss -0.7268
[2026-08-02 13:34:48,328][Trainer][INFO] - Pseudo dice 0.8596
[2026-08-02 13:34:48,328][Trainer][INFO] - Epoch time: 58.44 s
[2026-08-02 13:34:49,235][Trainer][INFO] - 
[2026-08-02 13:34:49,235][Trainer][INFO] - Epoch 289
[2026-08-02 13:34:49,235][Trainer][INFO] - Current learning rate: 0.00051
[2026-08-02 13:35:48,258][Trainer][INFO] - train_loss -0.72
[2026-08-02 13:35:48,259][Trainer][INFO] - val_loss -0.7933
[2026-08-02 13:35:48,259][Trainer][INFO] - Pseudo dice 0.8747
[2026-08-02 13:35:48,259][Trainer][INFO] - Epoch time: 59.02 s
[2026-08-02 13:35:48,259][Trainer][INFO] - Yayy! New best EMA pseudo Dice: 0.8477
[2026-08-02 13:35:49,633][Trainer][INFO] - 
[2026-08-02 13:35:49,633][Trainer][INFO] - Epoch 290
[2026-08-02 13:35:49,633][Trainer][INFO] - Current learning rate: 0.00047
[2026-08-02 13:36:48,033][Trainer][INFO] - train_loss -0.7224
[2026-08-02 13:36:48,033][Trainer][INFO] - val_loss -0.6745
[2026-08-02 13:36:48,033][Trainer][INFO] - Pseudo dice 0.801
[2026-08-02 13:36:48,033][Trainer][INFO] - Epoch time: 58.4 s
[2026-08-02 13:36:48,955][Trainer][INFO] - 
[2026-08-02 13:36:48,955][Trainer][INFO] - Epoch 291
[2026-08-02 13:36:48,955][Trainer][INFO] - Current learning rate: 0.00043
[2026-08-02 13:37:47,367][Trainer][INFO] - train_loss -0.7273
[2026-08-02 13:37:47,367][Trainer][INFO] - val_loss -0.7175
[2026-08-02 13:37:47,367][Trainer][INFO] - Pseudo dice 0.8584
[2026-08-02 13:37:47,367][Trainer][INFO] - Epoch time: 58.41 s
[2026-08-02 13:37:48,290][Trainer][INFO] - 
[2026-08-02 13:37:48,290][Trainer][INFO] - Epoch 292
[2026-08-02 13:37:48,290][Trainer][INFO] - Current learning rate: 0.00038
[2026-08-02 13:38:46,770][Trainer][INFO] - train_loss -0.7348
[2026-08-02 13:38:46,770][Trainer][INFO] - val_loss -0.7163
[2026-08-02 13:38:46,770][Trainer][INFO] - Pseudo dice 0.8207
[2026-08-02 13:38:46,770][Trainer][INFO] - Epoch time: 58.48 s
[2026-08-02 13:38:47,686][Trainer][INFO] - 
[2026-08-02 13:38:47,686][Trainer][INFO] - Epoch 293
[2026-08-02 13:38:47,686][Trainer][INFO] - Current learning rate: 0.00034
[2026-08-02 13:39:46,201][Trainer][INFO] - train_loss -0.7351
[2026-08-02 13:39:46,202][Trainer][INFO] - val_loss -0.7713
[2026-08-02 13:39:46,202][Trainer][INFO] - Pseudo dice 0.8683
[2026-08-02 13:39:46,202][Trainer][INFO] - Epoch time: 58.52 s
[2026-08-02 13:39:47,174][Trainer][INFO] - 
[2026-08-02 13:39:47,174][Trainer][INFO] - Epoch 294
[2026-08-02 13:39:47,174][Trainer][INFO] - Current learning rate: 0.0003
[2026-08-02 13:40:45,640][Trainer][INFO] - train_loss -0.7399
[2026-08-02 13:40:45,640][Trainer][INFO] - val_loss -0.7092
[2026-08-02 13:40:45,640][Trainer][INFO] - Pseudo dice 0.8416
[2026-08-02 13:40:45,641][Trainer][INFO] - Epoch time: 58.47 s
[2026-08-02 13:40:47,487][Trainer][INFO] - 
[2026-08-02 13:40:47,487][Trainer][INFO] - Epoch 295
[2026-08-02 13:40:47,487][Trainer][INFO] - Current learning rate: 0.00025
[2026-08-02 13:41:45,992][Trainer][INFO] - train_loss -0.741
[2026-08-02 13:41:45,992][Trainer][INFO] - val_loss -0.7059
[2026-08-02 13:41:45,993][Trainer][INFO] - Pseudo dice 0.8451
[2026-08-02 13:41:45,993][Trainer][INFO] - Epoch time: 58.51 s
[2026-08-02 13:41:46,909][Trainer][INFO] - 
[2026-08-02 13:41:46,909][Trainer][INFO] - Epoch 296
[2026-08-02 13:41:46,909][Trainer][INFO] - Current learning rate: 0.00021
[2026-08-02 13:42:45,443][Trainer][INFO] - train_loss -0.7248
[2026-08-02 13:42:45,444][Trainer][INFO] - val_loss -0.7314
[2026-08-02 13:42:45,444][Trainer][INFO] - Pseudo dice 0.8815
[2026-08-02 13:42:45,444][Trainer][INFO] - Epoch time: 58.54 s
[2026-08-02 13:42:45,444][Trainer][INFO] - Yayy! New best EMA pseudo Dice: 0.8482
[2026-08-02 13:42:46,819][Trainer][INFO] - 
[2026-08-02 13:42:46,819][Trainer][INFO] - Epoch 297
[2026-08-02 13:42:46,819][Trainer][INFO] - Current learning rate: 0.00016
[2026-08-02 13:43:45,190][Trainer][INFO] - train_loss -0.7132
[2026-08-02 13:43:45,190][Trainer][INFO] - val_loss -0.7443
[2026-08-02 13:43:45,191][Trainer][INFO] - Pseudo dice 0.8123
[2026-08-02 13:43:45,191][Trainer][INFO] - Epoch time: 58.37 s
[2026-08-02 13:43:46,109][Trainer][INFO] - 
[2026-08-02 13:43:46,109][Trainer][INFO] - Epoch 298
[2026-08-02 13:43:46,109][Trainer][INFO] - Current learning rate: 0.00011
[2026-08-02 13:44:44,596][Trainer][INFO] - train_loss -0.7449
[2026-08-02 13:44:44,596][Trainer][INFO] - val_loss -0.7268
[2026-08-02 13:44:44,596][Trainer][INFO] - Pseudo dice 0.8471
[2026-08-02 13:44:44,596][Trainer][INFO] - Epoch time: 58.49 s
[2026-08-02 13:44:45,522][Trainer][INFO] - 
[2026-08-02 13:44:45,522][Trainer][INFO] - Epoch 299
[2026-08-02 13:44:45,522][Trainer][INFO] - Current learning rate: 6e-05
[2026-08-02 13:45:44,073][Trainer][INFO] - train_loss -0.7306
[2026-08-02 13:45:44,073][Trainer][INFO] - val_loss -0.7714
[2026-08-02 13:45:44,073][Trainer][INFO] - Pseudo dice 0.8625
[2026-08-02 13:45:44,074][Trainer][INFO] - Epoch time: 58.55 s
[2026-08-02 13:45:45,476][Trainer][INFO] - Training done.
[2026-08-02 13:45:45,478][root][INFO] - Training finished
[2026-08-02 13:45:45,511][root][INFO] - Starting validation
[2026-08-02 13:45:45,899][Trainer][INFO] - Using splits from existing split file: /home/hailt/BC_MAMAMIA/AutoNNUnet/data/nnUNet_preprocessed/Dataset501_MAMAMIA/splits_final.json
[2026-08-02 13:45:45,902][Trainer][INFO] - The split file contains 5 splits.
[2026-08-02 13:45:45,902][Trainer][INFO] - Desired fold for training: 1
[2026-08-02 13:45:45,902][Trainer][INFO] - This split has 960 training and 240 validation cases.
[2026-08-02 13:45:45,907][Trainer][INFO] - predicting DUKE_009
[2026-08-02 13:45:46,976][Trainer][INFO] - DUKE_009, shape torch.Size([3, 86, 479, 479]), rank 0
[2026-08-02 13:46:13,751][Trainer][INFO] - predicting DUKE_010
[2026-08-02 13:46:14,687][Trainer][INFO] - DUKE_010, shape torch.Size([3, 73, 467, 477]), rank 0
[2026-08-02 13:46:22,341][Trainer][INFO] - predicting DUKE_034
[2026-08-02 13:46:23,432][Trainer][INFO] - DUKE_034, shape torch.Size([3, 89, 495, 505]), rank 0
[2026-08-02 13:46:41,256][Trainer][INFO] - predicting DUKE_059
[2026-08-02 13:46:42,438][Trainer][INFO] - DUKE_059, shape torch.Size([3, 91, 475, 481]), rank 0
[2026-08-02 13:46:56,775][Trainer][INFO] - predicting DUKE_137
[2026-08-02 13:46:57,915][Trainer][INFO] - DUKE_137, shape torch.Size([3, 83, 482, 482]), rank 0
[2026-08-02 13:47:09,847][Trainer][INFO] - predicting DUKE_211
[2026-08-02 13:47:10,942][Trainer][INFO] - DUKE_211, shape torch.Size([3, 88, 454, 454]), rank 0
[2026-08-02 13:47:22,421][Trainer][INFO] - predicting DUKE_217
[2026-08-02 13:47:22,944][Trainer][INFO] - DUKE_217, shape torch.Size([3, 71, 357, 396]), rank 0
[2026-08-02 13:47:28,660][Trainer][INFO] - predicting DUKE_228
[2026-08-02 13:47:29,805][Trainer][INFO] - DUKE_228, shape torch.Size([3, 103, 481, 508]), rank 0
[2026-08-02 13:47:47,643][Trainer][INFO] - predicting DUKE_239
[2026-08-02 13:47:48,605][Trainer][INFO] - DUKE_239, shape torch.Size([3, 74, 472, 476]), rank 0
[2026-08-02 13:47:56,290][Trainer][INFO] - predicting DUKE_240
[2026-08-02 13:47:57,426][Trainer][INFO] - DUKE_240, shape torch.Size([3, 97, 471, 482]), rank 0
[2026-08-02 13:48:11,707][Trainer][INFO] - predicting DUKE_255
[2026-08-02 13:48:12,504][Trainer][INFO] - DUKE_255, shape torch.Size([3, 71, 472, 476]), rank 0
[2026-08-02 13:48:20,135][Trainer][INFO] - predicting DUKE_265
[2026-08-02 13:48:21,617][Trainer][INFO] - DUKE_265, shape torch.Size([3, 88, 539, 539]), rank 0
[2026-08-02 13:48:39,497][Trainer][INFO] - predicting DUKE_360
[2026-08-02 13:48:40,846][Trainer][INFO] - DUKE_360, shape torch.Size([3, 102, 497, 533]), rank 0
[2026-08-02 13:48:58,774][Trainer][INFO] - predicting DUKE_400
[2026-08-02 13:48:59,741][Trainer][INFO] - DUKE_400, shape torch.Size([3, 79, 482, 490]), rank 0
[2026-08-02 13:49:11,688][Trainer][INFO] - predicting DUKE_465
[2026-08-02 13:49:13,055][Trainer][INFO] - DUKE_465, shape torch.Size([3, 99, 523, 535]), rank 0
[2026-08-02 13:49:30,912][Trainer][INFO] - predicting DUKE_486
[2026-08-02 13:49:31,937][Trainer][INFO] - DUKE_486, shape torch.Size([3, 85, 476, 477]), rank 0
[2026-08-02 13:49:43,417][Trainer][INFO] - predicting DUKE_491
[2026-08-02 13:49:44,608][Trainer][INFO] - DUKE_491, shape torch.Size([3, 89, 494, 506]), rank 0
[2026-08-02 13:50:02,478][Trainer][INFO] - predicting DUKE_521
[2026-08-02 13:50:03,487][Trainer][INFO] - DUKE_521, shape torch.Size([3, 87, 447, 454]), rank 0
[2026-08-02 13:50:14,936][Trainer][INFO] - predicting DUKE_530
[2026-08-02 13:50:16,012][Trainer][INFO] - DUKE_530, shape torch.Size([3, 87, 475, 480]), rank 0
[2026-08-02 13:50:27,444][Trainer][INFO] - predicting DUKE_546
[2026-08-02 13:50:28,723][Trainer][INFO] - DUKE_546, shape torch.Size([3, 88, 484, 497]), rank 0
[2026-08-02 13:50:46,573][Trainer][INFO] - predicting DUKE_577
[2026-08-02 13:50:47,719][Trainer][INFO] - DUKE_577, shape torch.Size([3, 80, 482, 482]), rank 0
[2026-08-02 13:50:59,690][Trainer][INFO] - predicting DUKE_590
[2026-08-02 13:51:00,471][Trainer][INFO] - DUKE_590, shape torch.Size([3, 71, 470, 475]), rank 0
[2026-08-02 13:51:08,121][Trainer][INFO] - predicting DUKE_597
[2026-08-02 13:51:09,197][Trainer][INFO] - DUKE_597, shape torch.Size([3, 95, 466, 481]), rank 0
[2026-08-02 13:51:23,514][Trainer][INFO] - predicting DUKE_612
[2026-08-02 13:51:25,839][Trainer][INFO] - DUKE_612, shape torch.Size([3, 135, 553, 553]), rank 0
[2026-08-02 13:51:49,722][Trainer][INFO] - predicting DUKE_616
[2026-08-02 13:51:50,727][Trainer][INFO] - DUKE_616, shape torch.Size([3, 88, 443, 480]), rank 0
[2026-08-02 13:52:02,161][Trainer][INFO] - predicting DUKE_618
[2026-08-02 13:52:03,256][Trainer][INFO] - DUKE_618, shape torch.Size([3, 88, 507, 530]), rank 0
[2026-08-02 13:52:21,104][Trainer][INFO] - predicting DUKE_660
[2026-08-02 13:52:22,610][Trainer][INFO] - DUKE_660, shape torch.Size([3, 108, 503, 509]), rank 0
[2026-08-02 13:52:40,547][Trainer][INFO] - predicting DUKE_666
[2026-08-02 13:52:42,299][Trainer][INFO] - DUKE_666, shape torch.Size([3, 110, 527, 535]), rank 0
[2026-08-02 13:53:00,280][Trainer][INFO] - predicting DUKE_694
[2026-08-02 13:53:01,639][Trainer][INFO] - DUKE_694, shape torch.Size([3, 87, 503, 506]), rank 0
[2026-08-02 13:53:19,499][Trainer][INFO] - predicting DUKE_710
[2026-08-02 13:53:20,687][Trainer][INFO] - DUKE_710, shape torch.Size([3, 88, 482, 482]), rank 0
[2026-08-02 13:53:38,587][Trainer][INFO] - predicting DUKE_735
[2026-08-02 13:53:39,373][Trainer][INFO] - DUKE_735, shape torch.Size([3, 74, 445, 451]), rank 0
[2026-08-02 13:53:47,035][Trainer][INFO] - predicting DUKE_746
[2026-08-02 13:53:48,033][Trainer][INFO] - DUKE_746, shape torch.Size([3, 88, 477, 491]), rank 0
[2026-08-02 13:54:02,360][Trainer][INFO] - predicting DUKE_762
[2026-08-02 13:54:03,312][Trainer][INFO] - DUKE_762, shape torch.Size([3, 92, 444, 455]), rank 0
[2026-08-02 13:54:14,730][Trainer][INFO] - predicting DUKE_765
[2026-08-02 13:54:15,791][Trainer][INFO] - DUKE_765, shape torch.Size([3, 87, 470, 480]), rank 0
[2026-08-02 13:54:27,253][Trainer][INFO] - predicting DUKE_804
[2026-08-02 13:54:28,200][Trainer][INFO] - DUKE_804, shape torch.Size([3, 84, 442, 491]), rank 0
[2026-08-02 13:54:37,737][Trainer][INFO] - predicting DUKE_830
[2026-08-02 13:54:38,912][Trainer][INFO] - DUKE_830, shape torch.Size([3, 88, 482, 482]), rank 0
[2026-08-02 13:54:56,781][Trainer][INFO] - predicting DUKE_833
[2026-08-02 13:54:57,812][Trainer][INFO] - DUKE_833, shape torch.Size([3, 85, 469, 478]), rank 0
[2026-08-02 13:55:09,330][Trainer][INFO] - predicting DUKE_860
[2026-08-02 13:55:10,256][Trainer][INFO] - DUKE_860, shape torch.Size([3, 82, 478, 491]), rank 0
[2026-08-02 13:55:19,813][Trainer][INFO] - predicting DUKE_885
[2026-08-02 13:55:20,734][Trainer][INFO] - DUKE_885, shape torch.Size([3, 78, 470, 477]), rank 0
[2026-08-02 13:55:28,417][Trainer][INFO] - predicting DUKE_899
[2026-08-02 13:55:29,059][Trainer][INFO] - DUKE_899, shape torch.Size([3, 72, 403, 410]), rank 0
[2026-08-02 13:55:36,692][Trainer][INFO] - predicting DUKE_907
[2026-08-02 13:55:37,917][Trainer][INFO] - DUKE_907, shape torch.Size([3, 88, 482, 482]), rank 0
[2026-08-02 13:55:55,771][Trainer][INFO] - predicting DUKE_914
[2026-08-02 13:55:56,646][Trainer][INFO] - DUKE_914, shape torch.Size([3, 77, 467, 477]), rank 0
[2026-08-02 13:56:04,342][Trainer][INFO] - predicting DUKE_917
[2026-08-02 13:56:05,592][Trainer][INFO] - DUKE_917, shape torch.Size([3, 97, 505, 509]), rank 0
[2026-08-02 13:56:23,464][Trainer][INFO] - predicting ISPY1_1004
[2026-08-02 13:56:23,677][Trainer][INFO] - ISPY1_1004, shape torch.Size([3, 45, 256, 256]), rank 0
[2026-08-02 13:56:24,669][Trainer][INFO] - predicting ISPY1_1008
[2026-08-02 13:56:24,923][Trainer][INFO] - ISPY1_1008, shape torch.Size([3, 56, 284, 284]), rank 0
[2026-08-02 13:56:25,888][Trainer][INFO] - predicting ISPY1_1011
[2026-08-02 13:56:26,198][Trainer][INFO] - ISPY1_1011, shape torch.Size([3, 60, 299, 299]), rank 0
[2026-08-02 13:56:30,467][Trainer][INFO] - predicting ISPY1_1030
[2026-08-02 13:56:30,749][Trainer][INFO] - ISPY1_1030, shape torch.Size([3, 60, 284, 284]), rank 0
[2026-08-02 13:56:32,663][Trainer][INFO] - predicting ISPY1_1037
[2026-08-02 13:56:33,065][Trainer][INFO] - ISPY1_1037, shape torch.Size([3, 70, 313, 313]), rank 0
[2026-08-02 13:56:37,375][Trainer][INFO] - predicting ISPY1_1041
[2026-08-02 13:56:37,702][Trainer][INFO] - ISPY1_1041, shape torch.Size([3, 69, 284, 284]), rank 0
[2026-08-02 13:56:39,626][Trainer][INFO] - predicting ISPY1_1088
[2026-08-02 13:56:39,891][Trainer][INFO] - ISPY1_1088, shape torch.Size([3, 60, 284, 284]), rank 0
[2026-08-02 13:56:41,810][Trainer][INFO] - predicting ISPY1_1099
[2026-08-02 13:56:42,083][Trainer][INFO] - ISPY1_1099, shape torch.Size([3, 60, 284, 284]), rank 0
[2026-08-02 13:56:43,993][Trainer][INFO] - predicting ISPY1_1100
[2026-08-02 13:56:44,262][Trainer][INFO] - ISPY1_1100, shape torch.Size([3, 60, 284, 284]), rank 0
[2026-08-02 13:56:46,173][Trainer][INFO] - predicting ISPY1_1127
[2026-08-02 13:56:46,440][Trainer][INFO] - ISPY1_1127, shape torch.Size([3, 60, 284, 284]), rank 0
[2026-08-02 13:56:48,351][Trainer][INFO] - predicting ISPY1_1129
[2026-08-02 13:56:48,646][Trainer][INFO] - ISPY1_1129, shape torch.Size([3, 66, 284, 284]), rank 0
[2026-08-02 13:56:50,557][Trainer][INFO] - predicting ISPY1_1135
[2026-08-02 13:56:50,826][Trainer][INFO] - ISPY1_1135, shape torch.Size([3, 60, 284, 284]), rank 0
[2026-08-02 13:56:52,734][Trainer][INFO] - predicting ISPY1_1144
[2026-08-02 13:56:53,106][Trainer][INFO] - ISPY1_1144, shape torch.Size([3, 83, 284, 284]), rank 0
[2026-08-02 13:56:55,058][Trainer][INFO] - predicting ISPY1_1192
[2026-08-02 13:56:55,220][Trainer][INFO] - ISPY1_1192, shape torch.Size([3, 70, 256, 256]), rank 0
[2026-08-02 13:56:57,137][Trainer][INFO] - predicting ISPY1_1196
[2026-08-02 13:56:57,458][Trainer][INFO] - ISPY1_1196, shape torch.Size([3, 70, 284, 284]), rank 0
[2026-08-02 13:56:59,373][Trainer][INFO] - predicting ISPY1_1220
[2026-08-02 13:57:00,074][Trainer][INFO] - ISPY1_1220, shape torch.Size([3, 84, 384, 384]), rank 0
[2026-08-02 13:57:04,422][Trainer][INFO] - predicting ISPY1_1226
[2026-08-02 13:57:04,925][Trainer][INFO] - ISPY1_1226, shape torch.Size([3, 60, 384, 384]), rank 0
[2026-08-02 13:57:09,234][Trainer][INFO] - predicting ISPY2_102011
[2026-08-02 13:57:09,417][Trainer][INFO] - ISPY2_102011, shape torch.Size([3, 79, 256, 256]), rank 0
[2026-08-02 13:57:11,334][Trainer][INFO] - predicting ISPY2_104268
[2026-08-02 13:57:11,523][Trainer][INFO] - ISPY2_104268, shape torch.Size([3, 80, 256, 256]), rank 0
[2026-08-02 13:57:13,438][Trainer][INFO] - predicting ISPY2_111038
[2026-08-02 13:57:13,831][Trainer][INFO] - ISPY2_111038, shape torch.Size([3, 80, 315, 320]), rank 0
[2026-08-02 13:57:18,132][Trainer][INFO] - predicting ISPY2_116165
[2026-08-02 13:57:18,349][Trainer][INFO] - ISPY2_116165, shape torch.Size([3, 79, 256, 253]), rank 0
[2026-08-02 13:57:20,263][Trainer][INFO] - predicting ISPY2_122579
[2026-08-02 13:57:20,545][Trainer][INFO] - ISPY2_122579, shape torch.Size([3, 80, 256, 256]), rank 0
[2026-08-02 13:57:22,459][Trainer][INFO] - predicting ISPY2_122795
[2026-08-02 13:57:22,653][Trainer][INFO] - ISPY2_122795, shape torch.Size([3, 80, 206, 206]), rank 0
[2026-08-02 13:57:24,553][Trainer][INFO] - predicting ISPY2_128051
[2026-08-02 13:57:24,800][Trainer][INFO] - ISPY2_128051, shape torch.Size([3, 80, 235, 235]), rank 0
[2026-08-02 13:57:26,709][Trainer][INFO] - predicting ISPY2_130580
[2026-08-02 13:57:26,963][Trainer][INFO] - ISPY2_130580, shape torch.Size([3, 80, 228, 227]), rank 0
[2026-08-02 13:57:28,861][Trainer][INFO] - predicting ISPY2_131961
[2026-08-02 13:57:29,288][Trainer][INFO] - ISPY2_131961, shape torch.Size([3, 80, 242, 242]), rank 0
[2026-08-02 13:57:31,188][Trainer][INFO] - predicting ISPY2_142688
[2026-08-02 13:57:31,624][Trainer][INFO] - ISPY2_142688, shape torch.Size([3, 79, 199, 199]), rank 0
[2026-08-02 13:57:33,524][Trainer][INFO] - predicting ISPY2_149654
[2026-08-02 13:57:33,975][Trainer][INFO] - ISPY2_149654, shape torch.Size([3, 80, 206, 206]), rank 0
[2026-08-02 13:57:35,893][Trainer][INFO] - predicting ISPY2_157463
[2026-08-02 13:57:36,278][Trainer][INFO] - ISPY2_157463, shape torch.Size([3, 80, 235, 235]), rank 0
[2026-08-02 13:57:38,208][Trainer][INFO] - predicting ISPY2_160120
[2026-08-02 13:57:38,543][Trainer][INFO] - ISPY2_160120, shape torch.Size([3, 80, 256, 255]), rank 0
[2026-08-02 13:57:40,481][Trainer][INFO] - predicting ISPY2_165925
[2026-08-02 13:57:40,999][Trainer][INFO] - ISPY2_165925, shape torch.Size([3, 79, 256, 256]), rank 0
[2026-08-02 13:57:42,937][Trainer][INFO] - predicting ISPY2_168044
[2026-08-02 13:57:43,438][Trainer][INFO] - ISPY2_168044, shape torch.Size([3, 80, 228, 228]), rank 0
[2026-08-02 13:57:45,367][Trainer][INFO] - predicting ISPY2_183831
[2026-08-02 13:57:45,896][Trainer][INFO] - ISPY2_183831, shape torch.Size([3, 79, 235, 235]), rank 0
[2026-08-02 13:57:47,824][Trainer][INFO] - predicting ISPY2_190224
[2026-08-02 13:57:48,237][Trainer][INFO] - ISPY2_190224, shape torch.Size([3, 80, 256, 256]), rank 0
[2026-08-02 13:57:50,160][Trainer][INFO] - predicting ISPY2_194024
[2026-08-02 13:57:50,601][Trainer][INFO] - ISPY2_194024, shape torch.Size([3, 80, 206, 206]), rank 0
[2026-08-02 13:57:52,497][Trainer][INFO] - predicting ISPY2_198891
[2026-08-02 13:57:52,963][Trainer][INFO] - ISPY2_198891, shape torch.Size([3, 79, 213, 213]), rank 0
[2026-08-02 13:57:54,859][Trainer][INFO] - predicting ISPY2_204939
[2026-08-02 13:57:55,509][Trainer][INFO] - ISPY2_204939, shape torch.Size([3, 80, 289, 288]), rank 0
[2026-08-02 13:57:58,395][Trainer][INFO] - predicting ISPY2_209967
[2026-08-02 13:57:58,903][Trainer][INFO] - ISPY2_209967, shape torch.Size([3, 80, 220, 220]), rank 0
[2026-08-02 13:58:00,811][Trainer][INFO] - predicting ISPY2_220925
[2026-08-02 13:58:01,250][Trainer][INFO] - ISPY2_220925, shape torch.Size([3, 80, 242, 242]), rank 0
[2026-08-02 13:58:03,179][Trainer][INFO] - predicting ISPY2_221686
[2026-08-02 13:58:03,688][Trainer][INFO] - ISPY2_221686, shape torch.Size([3, 80, 228, 228]), rank 0
[2026-08-02 13:58:05,588][Trainer][INFO] - predicting ISPY2_223030
[2026-08-02 13:58:06,365][Trainer][INFO] - ISPY2_223030, shape torch.Size([3, 80, 315, 314]), rank 0
[2026-08-02 13:58:10,672][Trainer][INFO] - predicting ISPY2_227832
[2026-08-02 13:58:11,149][Trainer][INFO] - ISPY2_227832, shape torch.Size([3, 80, 256, 253]), rank 0
[2026-08-02 13:58:13,098][Trainer][INFO] - predicting ISPY2_228192
[2026-08-02 13:58:13,521][Trainer][INFO] - ISPY2_228192, shape torch.Size([3, 80, 244, 256]), rank 0
[2026-08-02 13:58:15,449][Trainer][INFO] - predicting ISPY2_229144
[2026-08-02 13:58:16,282][Trainer][INFO] - ISPY2_229144, shape torch.Size([3, 80, 341, 341]), rank 0
[2026-08-02 13:58:20,602][Trainer][INFO] - predicting ISPY2_231633
[2026-08-02 13:58:21,142][Trainer][INFO] - ISPY2_231633, shape torch.Size([3, 80, 228, 235]), rank 0
[2026-08-02 13:58:23,079][Trainer][INFO] - predicting ISPY2_233832
[2026-08-02 13:58:23,456][Trainer][INFO] - ISPY2_233832, shape torch.Size([3, 80, 256, 256]), rank 0
[2026-08-02 13:58:25,393][Trainer][INFO] - predicting ISPY2_234272
[2026-08-02 13:58:25,822][Trainer][INFO] - ISPY2_234272, shape torch.Size([3, 80, 249, 247]), rank 0
[2026-08-02 13:58:27,755][Trainer][INFO] - predicting ISPY2_235995
[2026-08-02 13:58:28,152][Trainer][INFO] - ISPY2_235995, shape torch.Size([3, 80, 213, 213]), rank 0
[2026-08-02 13:58:30,069][Trainer][INFO] - predicting ISPY2_240432
[2026-08-02 13:58:30,368][Trainer][INFO] - ISPY2_240432, shape torch.Size([3, 79, 242, 256]), rank 0
[2026-08-02 13:58:32,304][Trainer][INFO] - predicting ISPY2_252748
[2026-08-02 13:58:33,502][Trainer][INFO] - ISPY2_252748, shape torch.Size([3, 80, 482, 482]), rank 0
[2026-08-02 13:58:45,400][Trainer][INFO] - predicting ISPY2_254060
[2026-08-02 13:58:45,796][Trainer][INFO] - ISPY2_254060, shape torch.Size([3, 80, 306, 328]), rank 0
[2026-08-02 13:58:50,112][Trainer][INFO] - predicting ISPY2_255577
[2026-08-02 13:58:50,312][Trainer][INFO] - ISPY2_255577, shape torch.Size([3, 80, 206, 206]), rank 0
[2026-08-02 13:58:52,234][Trainer][INFO] - predicting ISPY2_259206
[2026-08-02 13:58:52,391][Trainer][INFO] - ISPY2_259206, shape torch.Size([3, 67, 256, 250]), rank 0
[2026-08-02 13:58:54,326][Trainer][INFO] - predicting ISPY2_273691
[2026-08-02 13:58:54,591][Trainer][INFO] - ISPY2_273691, shape torch.Size([3, 80, 242, 242]), rank 0
[2026-08-02 13:58:56,524][Trainer][INFO] - predicting ISPY2_277848
[2026-08-02 13:58:56,726][Trainer][INFO] - ISPY2_277848, shape torch.Size([3, 80, 213, 213]), rank 0
[2026-08-02 13:58:58,640][Trainer][INFO] - predicting ISPY2_277888
[2026-08-02 13:58:58,948][Trainer][INFO] - ISPY2_277888, shape torch.Size([3, 80, 284, 280]), rank 0
[2026-08-02 13:59:00,897][Trainer][INFO] - predicting ISPY2_282082
[2026-08-02 13:59:01,938][Trainer][INFO] - ISPY2_282082, shape torch.Size([3, 88, 453, 453]), rank 0
[2026-08-02 13:59:13,378][Trainer][INFO] - predicting ISPY2_284593
[2026-08-02 13:59:13,601][Trainer][INFO] - ISPY2_284593, shape torch.Size([3, 80, 199, 199]), rank 0
[2026-08-02 13:59:15,512][Trainer][INFO] - predicting ISPY2_294265
[2026-08-02 13:59:15,840][Trainer][INFO] - ISPY2_294265, shape torch.Size([3, 90, 320, 315]), rank 0
[2026-08-02 13:59:22,271][Trainer][INFO] - predicting ISPY2_298101
[2026-08-02 13:59:22,493][Trainer][INFO] - ISPY2_298101, shape torch.Size([3, 80, 213, 213]), rank 0
[2026-08-02 13:59:24,399][Trainer][INFO] - predicting ISPY2_313243
[2026-08-02 13:59:24,800][Trainer][INFO] - ISPY2_313243, shape torch.Size([3, 80, 306, 328]), rank 0
[2026-08-02 13:59:29,100][Trainer][INFO] - predicting ISPY2_317131
[2026-08-02 13:59:29,302][Trainer][INFO] - ISPY2_317131, shape torch.Size([3, 79, 213, 213]), rank 0
[2026-08-02 13:59:31,218][Trainer][INFO] - predicting ISPY2_319324
[2026-08-02 13:59:31,415][Trainer][INFO] - ISPY2_319324, shape torch.Size([3, 79, 220, 220]), rank 0
[2026-08-02 13:59:33,321][Trainer][INFO] - predicting ISPY2_327917
[2026-08-02 13:59:33,742][Trainer][INFO] - ISPY2_327917, shape torch.Size([3, 80, 306, 306]), rank 0
[2026-08-02 13:59:38,045][Trainer][INFO] - predicting ISPY2_329076
[2026-08-02 13:59:38,292][Trainer][INFO] - ISPY2_329076, shape torch.Size([3, 80, 220, 220]), rank 0
[2026-08-02 13:59:40,215][Trainer][INFO] - predicting ISPY2_342996
[2026-08-02 13:59:40,411][Trainer][INFO] - ISPY2_342996, shape torch.Size([3, 80, 220, 220]), rank 0
[2026-08-02 13:59:42,313][Trainer][INFO] - predicting ISPY2_350331
[2026-08-02 13:59:43,640][Trainer][INFO] - ISPY2_350331, shape torch.Size([3, 86, 511, 511]), rank 0
[2026-08-02 14:00:01,475][Trainer][INFO] - predicting ISPY2_355942
[2026-08-02 14:00:01,780][Trainer][INFO] - ISPY2_355942, shape torch.Size([3, 80, 256, 253]), rank 0
[2026-08-02 14:00:03,724][Trainer][INFO] - predicting ISPY2_361701
[2026-08-02 14:00:03,917][Trainer][INFO] - ISPY2_361701, shape torch.Size([3, 79, 256, 256]), rank 0
[2026-08-02 14:00:05,854][Trainer][INFO] - predicting ISPY2_369040
[2026-08-02 14:00:06,149][Trainer][INFO] - ISPY2_369040, shape torch.Size([3, 80, 256, 256]), rank 0
[2026-08-02 14:00:08,093][Trainer][INFO] - predicting ISPY2_373346
[2026-08-02 14:00:08,283][Trainer][INFO] - ISPY2_373346, shape torch.Size([3, 79, 256, 254]), rank 0
[2026-08-02 14:00:10,214][Trainer][INFO] - predicting ISPY2_373672
[2026-08-02 14:00:10,498][Trainer][INFO] - ISPY2_373672, shape torch.Size([3, 80, 256, 256]), rank 0
[2026-08-02 14:00:12,443][Trainer][INFO] - predicting ISPY2_378885
[2026-08-02 14:00:13,312][Trainer][INFO] - ISPY2_378885, shape torch.Size([3, 80, 426, 426]), rank 0
[2026-08-02 14:00:20,970][Trainer][INFO] - predicting ISPY2_388581
[2026-08-02 14:00:21,204][Trainer][INFO] - ISPY2_388581, shape torch.Size([3, 70, 228, 228]), rank 0
[2026-08-02 14:00:23,112][Trainer][INFO] - predicting ISPY2_391942
[2026-08-02 14:00:23,395][Trainer][INFO] - ISPY2_391942, shape torch.Size([3, 80, 242, 242]), rank 0
[2026-08-02 14:00:25,324][Trainer][INFO] - predicting ISPY2_395076
[2026-08-02 14:00:25,525][Trainer][INFO] - ISPY2_395076, shape torch.Size([3, 80, 213, 213]), rank 0
[2026-08-02 14:00:27,425][Trainer][INFO] - predicting ISPY2_395379
[2026-08-02 14:00:27,655][Trainer][INFO] - ISPY2_395379, shape torch.Size([3, 80, 228, 228]), rank 0
[2026-08-02 14:00:29,564][Trainer][INFO] - predicting ISPY2_408692
[2026-08-02 14:00:29,812][Trainer][INFO] - ISPY2_408692, shape torch.Size([3, 80, 235, 235]), rank 0
[2026-08-02 14:00:31,742][Trainer][INFO] - predicting ISPY2_412772
[2026-08-02 14:00:31,935][Trainer][INFO] - ISPY2_412772, shape torch.Size([3, 80, 256, 255]), rank 0
[2026-08-02 14:00:33,878][Trainer][INFO] - predicting ISPY2_414256
[2026-08-02 14:00:34,064][Trainer][INFO] - ISPY2_414256, shape torch.Size([3, 80, 213, 213]), rank 0
[2026-08-02 14:00:35,969][Trainer][INFO] - predicting ISPY2_414286
[2026-08-02 14:00:37,032][Trainer][INFO] - ISPY2_414286, shape torch.Size([3, 104, 425, 425]), rank 0
[2026-08-02 14:00:48,486][Trainer][INFO] - predicting ISPY2_414844
[2026-08-02 14:00:48,733][Trainer][INFO] - ISPY2_414844, shape torch.Size([3, 81, 213, 213]), rank 0
[2026-08-02 14:00:50,645][Trainer][INFO] - predicting ISPY2_439489
[2026-08-02 14:00:50,821][Trainer][INFO] - ISPY2_439489, shape torch.Size([3, 79, 206, 206]), rank 0
[2026-08-02 14:00:52,719][Trainer][INFO] - predicting ISPY2_451816
[2026-08-02 14:00:52,914][Trainer][INFO] - ISPY2_451816, shape torch.Size([3, 80, 220, 220]), rank 0
[2026-08-02 14:00:54,822][Trainer][INFO] - predicting ISPY2_456432
[2026-08-02 14:00:55,021][Trainer][INFO] - ISPY2_456432, shape torch.Size([3, 80, 228, 228]), rank 0
[2026-08-02 14:00:56,930][Trainer][INFO] - predicting ISPY2_460776
[2026-08-02 14:00:57,173][Trainer][INFO] - ISPY2_460776, shape torch.Size([3, 80, 249, 249]), rank 0
[2026-08-02 14:00:59,102][Trainer][INFO] - predicting ISPY2_466267
[2026-08-02 14:00:59,838][Trainer][INFO] - ISPY2_466267, shape torch.Size([3, 80, 397, 397]), rank 0
[2026-08-02 14:01:07,478][Trainer][INFO] - predicting ISPY2_473505
[2026-08-02 14:01:08,408][Trainer][INFO] - ISPY2_473505, shape torch.Size([3, 102, 380, 455]), rank 0
[2026-08-02 14:01:17,023][Trainer][INFO] - predicting ISPY2_477994
[2026-08-02 14:01:17,257][Trainer][INFO] - ISPY2_477994, shape torch.Size([3, 80, 213, 213]), rank 0
[2026-08-02 14:01:19,162][Trainer][INFO] - predicting ISPY2_478484
[2026-08-02 14:01:19,357][Trainer][INFO] - ISPY2_478484, shape torch.Size([3, 80, 206, 206]), rank 0
[2026-08-02 14:01:21,257][Trainer][INFO] - predicting ISPY2_489973
[2026-08-02 14:01:21,760][Trainer][INFO] - ISPY2_489973, shape torch.Size([3, 80, 328, 328]), rank 0
[2026-08-02 14:01:26,072][Trainer][INFO] - predicting ISPY2_491526
[2026-08-02 14:01:26,339][Trainer][INFO] - ISPY2_491526, shape torch.Size([3, 80, 228, 228]), rank 0
[2026-08-02 14:01:28,257][Trainer][INFO] - predicting ISPY2_492612
[2026-08-02 14:01:28,459][Trainer][INFO] - ISPY2_492612, shape torch.Size([3, 80, 228, 228]), rank 0
[2026-08-02 14:01:30,368][Trainer][INFO] - predicting ISPY2_494296
[2026-08-02 14:01:30,553][Trainer][INFO] - ISPY2_494296, shape torch.Size([3, 80, 206, 206]), rank 0
[2026-08-02 14:01:32,453][Trainer][INFO] - predicting ISPY2_518000
[2026-08-02 14:01:32,660][Trainer][INFO] - ISPY2_518000, shape torch.Size([3, 68, 242, 237]), rank 0
[2026-08-02 14:01:34,570][Trainer][INFO] - predicting ISPY2_518576
[2026-08-02 14:01:34,773][Trainer][INFO] - ISPY2_518576, shape torch.Size([3, 80, 256, 254]), rank 0
[2026-08-02 14:01:36,715][Trainer][INFO] - predicting ISPY2_528833
[2026-08-02 14:01:36,832][Trainer][INFO] - ISPY2_528833, shape torch.Size([3, 79, 156, 156]), rank 0
[2026-08-02 14:01:42,911][Trainer][INFO] - predicting ISPY2_535569
[2026-08-02 14:01:43,153][Trainer][INFO] - ISPY2_535569, shape torch.Size([3, 79, 242, 240]), rank 0
[2026-08-02 14:01:45,075][Trainer][INFO] - predicting ISPY2_535779
[2026-08-02 14:01:45,322][Trainer][INFO] - ISPY2_535779, shape torch.Size([3, 79, 242, 242]), rank 0
[2026-08-02 14:01:47,246][Trainer][INFO] - predicting ISPY2_549172
[2026-08-02 14:01:48,715][Trainer][INFO] - ISPY2_549172, shape torch.Size([3, 100, 509, 511]), rank 0
[2026-08-02 14:02:06,544][Trainer][INFO] - predicting ISPY2_550157
[2026-08-02 14:02:06,812][Trainer][INFO] - ISPY2_550157, shape torch.Size([3, 79, 242, 239]), rank 0
[2026-08-02 14:02:08,748][Trainer][INFO] - predicting ISPY2_552549
[2026-08-02 14:02:08,933][Trainer][INFO] - ISPY2_552549, shape torch.Size([3, 79, 199, 199]), rank 0
[2026-08-02 14:02:10,842][Trainer][INFO] - predicting ISPY2_564234
[2026-08-02 14:02:11,066][Trainer][INFO] - ISPY2_564234, shape torch.Size([3, 80, 228, 228]), rank 0
[2026-08-02 14:02:12,967][Trainer][INFO] - predicting ISPY2_566011
[2026-08-02 14:02:13,216][Trainer][INFO] - ISPY2_566011, shape torch.Size([3, 80, 242, 240]), rank 0
[2026-08-02 14:02:15,134][Trainer][INFO] - predicting ISPY2_571276
[2026-08-02 14:02:15,349][Trainer][INFO] - ISPY2_571276, shape torch.Size([3, 79, 256, 256]), rank 0
[2026-08-02 14:02:17,301][Trainer][INFO] - predicting ISPY2_573605
[2026-08-02 14:02:17,542][Trainer][INFO] - ISPY2_573605, shape torch.Size([3, 80, 228, 228]), rank 0
[2026-08-02 14:02:19,450][Trainer][INFO] - predicting ISPY2_580541
[2026-08-02 14:02:19,646][Trainer][INFO] - ISPY2_580541, shape torch.Size([3, 79, 256, 256]), rank 0
[2026-08-02 14:02:21,592][Trainer][INFO] - predicting ISPY2_587691
[2026-08-02 14:02:21,830][Trainer][INFO] - ISPY2_587691, shape torch.Size([3, 80, 243, 243]), rank 0
[2026-08-02 14:02:23,764][Trainer][INFO] - predicting ISPY2_590220
[2026-08-02 14:02:25,228][Trainer][INFO] - ISPY2_590220, shape torch.Size([3, 96, 510, 510]), rank 0
[2026-08-02 14:02:43,098][Trainer][INFO] - predicting ISPY2_591180
[2026-08-02 14:02:43,601][Trainer][INFO] - ISPY2_591180, shape torch.Size([3, 80, 255, 256]), rank 0
[2026-08-02 14:02:45,545][Trainer][INFO] - predicting ISPY2_607843
[2026-08-02 14:02:45,979][Trainer][INFO] - ISPY2_607843, shape torch.Size([3, 79, 256, 256]), rank 0
[2026-08-02 14:02:47,919][Trainer][INFO] - predicting ISPY2_614044
[2026-08-02 14:02:48,272][Trainer][INFO] - ISPY2_614044, shape torch.Size([3, 80, 256, 256]), rank 0
[2026-08-02 14:02:50,212][Trainer][INFO] - predicting ISPY2_616994
[2026-08-02 14:02:50,545][Trainer][INFO] - ISPY2_616994, shape torch.Size([3, 79, 256, 256]), rank 0
[2026-08-02 14:02:52,487][Trainer][INFO] - predicting ISPY2_622315
[2026-08-02 14:02:52,919][Trainer][INFO] - ISPY2_622315, shape torch.Size([3, 79, 213, 213]), rank 0
[2026-08-02 14:02:54,828][Trainer][INFO] - predicting ISPY2_627981
[2026-08-02 14:02:56,705][Trainer][INFO] - ISPY2_627981, shape torch.Size([3, 110, 512, 512]), rank 0
[2026-08-02 14:03:14,560][Trainer][INFO] - predicting ISPY2_637752
[2026-08-02 14:03:15,677][Trainer][INFO] - ISPY2_637752, shape torch.Size([3, 80, 411, 411]), rank 0
[2026-08-02 14:03:23,335][Trainer][INFO] - predicting ISPY2_640927
[2026-08-02 14:03:23,736][Trainer][INFO] - ISPY2_640927, shape torch.Size([3, 80, 205, 205]), rank 0
[2026-08-02 14:03:25,643][Trainer][INFO] - predicting ISPY2_644609
[2026-08-02 14:03:26,145][Trainer][INFO] - ISPY2_644609, shape torch.Size([3, 79, 228, 228]), rank 0
[2026-08-02 14:03:28,043][Trainer][INFO] - predicting ISPY2_646233
[2026-08-02 14:03:28,547][Trainer][INFO] - ISPY2_646233, shape torch.Size([3, 80, 242, 242]), rank 0
[2026-08-02 14:03:30,484][Trainer][INFO] - predicting ISPY2_655128
[2026-08-02 14:03:30,989][Trainer][INFO] - ISPY2_655128, shape torch.Size([3, 80, 242, 242]), rank 0
[2026-08-02 14:03:32,922][Trainer][INFO] - predicting ISPY2_664658
[2026-08-02 14:03:33,405][Trainer][INFO] - ISPY2_664658, shape torch.Size([3, 80, 270, 270]), rank 0
[2026-08-02 14:03:35,354][Trainer][INFO] - predicting ISPY2_672734
[2026-08-02 14:03:35,757][Trainer][INFO] - ISPY2_672734, shape torch.Size([3, 80, 242, 242]), rank 0
[2026-08-02 14:03:37,686][Trainer][INFO] - predicting ISPY2_676048
[2026-08-02 14:03:38,037][Trainer][INFO] - ISPY2_676048, shape torch.Size([3, 80, 256, 256]), rank 0
[2026-08-02 14:03:39,979][Trainer][INFO] - predicting ISPY2_683374
[2026-08-02 14:03:40,394][Trainer][INFO] - ISPY2_683374, shape torch.Size([3, 80, 242, 241]), rank 0
[2026-08-02 14:03:42,329][Trainer][INFO] - predicting ISPY2_685182
[2026-08-02 14:03:42,874][Trainer][INFO] - ISPY2_685182, shape torch.Size([3, 80, 306, 306]), rank 0
[2026-08-02 14:03:47,173][Trainer][INFO] - predicting ISPY2_688955
[2026-08-02 14:03:47,384][Trainer][INFO] - ISPY2_688955, shape torch.Size([3, 79, 256, 256]), rank 0
[2026-08-02 14:03:49,330][Trainer][INFO] - predicting ISPY2_689076
[2026-08-02 14:03:49,782][Trainer][INFO] - ISPY2_689076, shape torch.Size([3, 80, 328, 328]), rank 0
[2026-08-02 14:03:54,098][Trainer][INFO] - predicting ISPY2_701790
[2026-08-02 14:03:54,415][Trainer][INFO] - ISPY2_701790, shape torch.Size([3, 80, 256, 256]), rank 0
[2026-08-02 14:03:56,365][Trainer][INFO] - predicting ISPY2_703455
[2026-08-02 14:03:56,588][Trainer][INFO] - ISPY2_703455, shape torch.Size([3, 80, 228, 228]), rank 0
[2026-08-02 14:03:58,491][Trainer][INFO] - predicting ISPY2_706639
[2026-08-02 14:03:58,800][Trainer][INFO] - ISPY2_706639, shape torch.Size([3, 80, 270, 270]), rank 0
[2026-08-02 14:04:00,735][Trainer][INFO] - predicting ISPY2_706943
[2026-08-02 14:04:01,360][Trainer][INFO] - ISPY2_706943, shape torch.Size([3, 100, 328, 328]), rank 0
[2026-08-02 14:04:07,788][Trainer][INFO] - predicting ISPY2_712785
[2026-08-02 14:04:07,982][Trainer][INFO] - ISPY2_712785, shape torch.Size([3, 80, 256, 256]), rank 0
[2026-08-02 14:04:09,940][Trainer][INFO] - predicting ISPY2_727804
[2026-08-02 14:04:10,395][Trainer][INFO] - ISPY2_727804, shape torch.Size([3, 90, 318, 320]), rank 0
[2026-08-02 14:04:16,830][Trainer][INFO] - predicting ISPY2_728149
[2026-08-02 14:04:17,113][Trainer][INFO] - ISPY2_728149, shape torch.Size([3, 80, 242, 242]), rank 0
[2026-08-02 14:04:19,066][Trainer][INFO] - predicting ISPY2_728182
[2026-08-02 14:04:19,377][Trainer][INFO] - ISPY2_728182, shape torch.Size([3, 90, 289, 289]), rank 0
[2026-08-02 14:04:25,800][Trainer][INFO] - predicting ISPY2_732137
[2026-08-02 14:04:26,203][Trainer][INFO] - ISPY2_732137, shape torch.Size([3, 90, 307, 320]), rank 0
[2026-08-02 14:04:32,628][Trainer][INFO] - predicting ISPY2_733276
[2026-08-02 14:04:32,988][Trainer][INFO] - ISPY2_733276, shape torch.Size([3, 79, 270, 270]), rank 0
[2026-08-02 14:04:34,930][Trainer][INFO] - predicting ISPY2_742477
[2026-08-02 14:04:35,177][Trainer][INFO] - ISPY2_742477, shape torch.Size([3, 80, 235, 235]), rank 0
[2026-08-02 14:04:37,111][Trainer][INFO] - predicting ISPY2_748611
[2026-08-02 14:04:37,285][Trainer][INFO] - ISPY2_748611, shape torch.Size([3, 80, 256, 256]), rank 0
[2026-08-02 14:04:39,227][Trainer][INFO] - predicting ISPY2_752372
[2026-08-02 14:04:40,146][Trainer][INFO] - ISPY2_752372, shape torch.Size([3, 86, 427, 425]), rank 0
[2026-08-02 14:04:51,588][Trainer][INFO] - predicting ISPY2_755914
[2026-08-02 14:04:51,843][Trainer][INFO] - ISPY2_755914, shape torch.Size([3, 80, 242, 242]), rank 0
[2026-08-02 14:04:53,784][Trainer][INFO] - predicting ISPY2_766301
[2026-08-02 14:04:53,986][Trainer][INFO] - ISPY2_766301, shape torch.Size([3, 80, 213, 213]), rank 0
[2026-08-02 14:04:55,889][Trainer][INFO] - predicting ISPY2_769972
[2026-08-02 14:04:56,184][Trainer][INFO] - ISPY2_769972, shape torch.Size([3, 91, 249, 249]), rank 0
[2026-08-02 14:04:59,064][Trainer][INFO] - predicting ISPY2_771151
[2026-08-02 14:04:59,261][Trainer][INFO] - ISPY2_771151, shape torch.Size([3, 80, 256, 256]), rank 0
[2026-08-02 14:05:01,199][Trainer][INFO] - predicting ISPY2_778020
[2026-08-02 14:05:01,394][Trainer][INFO] - ISPY2_778020, shape torch.Size([3, 80, 205, 205]), rank 0
[2026-08-02 14:05:03,305][Trainer][INFO] - predicting ISPY2_780272
[2026-08-02 14:05:03,649][Trainer][INFO] - ISPY2_780272, shape torch.Size([3, 90, 297, 320]), rank 0
[2026-08-02 14:05:10,061][Trainer][INFO] - predicting ISPY2_781335
[2026-08-02 14:05:10,610][Trainer][INFO] - ISPY2_781335, shape torch.Size([3, 90, 329, 329]), rank 0
[2026-08-02 14:05:17,040][Trainer][INFO] - predicting ISPY2_781642
[2026-08-02 14:05:17,339][Trainer][INFO] - ISPY2_781642, shape torch.Size([3, 79, 235, 235]), rank 0
[2026-08-02 14:05:19,256][Trainer][INFO] - predicting ISPY2_787415
[2026-08-02 14:05:20,014][Trainer][INFO] - ISPY2_787415, shape torch.Size([3, 80, 397, 397]), rank 0
[2026-08-02 14:05:27,617][Trainer][INFO] - predicting ISPY2_790397
[2026-08-02 14:05:27,813][Trainer][INFO] - ISPY2_790397, shape torch.Size([3, 80, 205, 221]), rank 0
[2026-08-02 14:05:29,718][Trainer][INFO] - predicting ISPY2_797639
[2026-08-02 14:05:30,038][Trainer][INFO] - ISPY2_797639, shape torch.Size([3, 90, 258, 258]), rank 0
[2026-08-02 14:05:32,919][Trainer][INFO] - predicting ISPY2_802308
[2026-08-02 14:05:33,120][Trainer][INFO] - ISPY2_802308, shape torch.Size([3, 79, 256, 256]), rank 0
[2026-08-02 14:05:35,047][Trainer][INFO] - predicting ISPY2_803514
[2026-08-02 14:05:35,399][Trainer][INFO] - ISPY2_803514, shape torch.Size([3, 80, 284, 278]), rank 0
[2026-08-02 14:05:37,349][Trainer][INFO] - predicting ISPY2_803677
[2026-08-02 14:05:37,740][Trainer][INFO] - ISPY2_803677, shape torch.Size([3, 91, 284, 283]), rank 0
[2026-08-02 14:05:40,639][Trainer][INFO] - predicting ISPY2_809649
[2026-08-02 14:05:40,816][Trainer][INFO] - ISPY2_809649, shape torch.Size([3, 79, 185, 185]), rank 0
[2026-08-02 14:05:41,347][Trainer][INFO] - predicting ISPY2_810965
[2026-08-02 14:05:41,567][Trainer][INFO] - ISPY2_810965, shape torch.Size([3, 80, 235, 235]), rank 0
[2026-08-02 14:05:43,473][Trainer][INFO] - predicting ISPY2_820348
[2026-08-02 14:05:44,332][Trainer][INFO] - ISPY2_820348, shape torch.Size([3, 80, 426, 426]), rank 0
[2026-08-02 14:05:51,993][Trainer][INFO] - predicting ISPY2_829491
[2026-08-02 14:05:53,308][Trainer][INFO] - ISPY2_829491, shape torch.Size([3, 97, 482, 482]), rank 0
[2026-08-02 14:06:11,175][Trainer][INFO] - predicting ISPY2_830958
[2026-08-02 14:06:11,397][Trainer][INFO] - ISPY2_830958, shape torch.Size([3, 79, 256, 256]), rank 0
[2026-08-02 14:06:13,313][Trainer][INFO] - predicting ISPY2_839274
[2026-08-02 14:06:13,558][Trainer][INFO] - ISPY2_839274, shape torch.Size([3, 80, 234, 234]), rank 0
[2026-08-02 14:06:15,465][Trainer][INFO] - predicting ISPY2_845147
[2026-08-02 14:06:15,763][Trainer][INFO] - ISPY2_845147, shape torch.Size([3, 80, 256, 256]), rank 0
[2026-08-02 14:06:17,669][Trainer][INFO] - predicting ISPY2_848003
[2026-08-02 14:06:17,835][Trainer][INFO] - ISPY2_848003, shape torch.Size([3, 80, 256, 255]), rank 0
[2026-08-02 14:06:19,742][Trainer][INFO] - predicting ISPY2_848371
[2026-08-02 14:06:19,924][Trainer][INFO] - ISPY2_848371, shape torch.Size([3, 80, 206, 206]), rank 0
[2026-08-02 14:06:21,836][Trainer][INFO] - predicting ISPY2_861745
[2026-08-02 14:06:22,235][Trainer][INFO] - ISPY2_861745, shape torch.Size([3, 80, 316, 328]), rank 0
[2026-08-02 14:06:26,550][Trainer][INFO] - predicting ISPY2_882538
[2026-08-02 14:06:27,806][Trainer][INFO] - ISPY2_882538, shape torch.Size([3, 80, 511, 511]), rank 0
[2026-08-02 14:06:39,759][Trainer][INFO] - predicting ISPY2_885871
[2026-08-02 14:06:39,975][Trainer][INFO] - ISPY2_885871, shape torch.Size([3, 80, 213, 213]), rank 0
[2026-08-02 14:06:41,883][Trainer][INFO] - predicting ISPY2_892390
[2026-08-02 14:06:42,870][Trainer][INFO] - ISPY2_892390, shape torch.Size([3, 101, 397, 484]), rank 0
[2026-08-02 14:06:57,174][Trainer][INFO] - predicting ISPY2_896852
[2026-08-02 14:06:57,610][Trainer][INFO] - ISPY2_896852, shape torch.Size([3, 90, 295, 295]), rank 0
[2026-08-02 14:07:04,072][Trainer][INFO] - predicting ISPY2_903880
[2026-08-02 14:07:04,261][Trainer][INFO] - ISPY2_903880, shape torch.Size([3, 80, 213, 213]), rank 0
[2026-08-02 14:07:06,175][Trainer][INFO] - predicting ISPY2_904269
[2026-08-02 14:07:06,393][Trainer][INFO] - ISPY2_904269, shape torch.Size([3, 80, 228, 228]), rank 0
[2026-08-02 14:07:08,300][Trainer][INFO] - predicting ISPY2_920479
[2026-08-02 14:07:08,573][Trainer][INFO] - ISPY2_920479, shape torch.Size([3, 80, 249, 249]), rank 0
[2026-08-02 14:07:10,513][Trainer][INFO] - predicting ISPY2_924812
[2026-08-02 14:07:10,758][Trainer][INFO] - ISPY2_924812, shape torch.Size([3, 80, 248, 256]), rank 0
[2026-08-02 14:07:12,699][Trainer][INFO] - predicting ISPY2_924868
[2026-08-02 14:07:12,888][Trainer][INFO] - ISPY2_924868, shape torch.Size([3, 80, 256, 256]), rank 0
[2026-08-02 14:07:14,811][Trainer][INFO] - predicting ISPY2_925691
[2026-08-02 14:07:15,073][Trainer][INFO] - ISPY2_925691, shape torch.Size([3, 79, 242, 240]), rank 0
[2026-08-02 14:07:17,010][Trainer][INFO] - predicting ISPY2_929980
[2026-08-02 14:07:17,240][Trainer][INFO] - ISPY2_929980, shape torch.Size([3, 79, 228, 228]), rank 0
[2026-08-02 14:07:19,174][Trainer][INFO] - predicting ISPY2_934906
[2026-08-02 14:07:19,394][Trainer][INFO] - ISPY2_934906, shape torch.Size([3, 80, 242, 239]), rank 0
[2026-08-02 14:07:21,315][Trainer][INFO] - predicting ISPY2_935460
[2026-08-02 14:07:21,613][Trainer][INFO] - ISPY2_935460, shape torch.Size([3, 80, 242, 239]), rank 0
[2026-08-02 14:07:23,552][Trainer][INFO] - predicting ISPY2_940186
[2026-08-02 14:07:23,772][Trainer][INFO] - ISPY2_940186, shape torch.Size([3, 80, 213, 213]), rank 0
[2026-08-02 14:07:25,697][Trainer][INFO] - predicting ISPY2_942017
[2026-08-02 14:07:25,887][Trainer][INFO] - ISPY2_942017, shape torch.Size([3, 80, 213, 213]), rank 0
[2026-08-02 14:07:27,795][Trainer][INFO] - predicting ISPY2_953885
[2026-08-02 14:07:28,057][Trainer][INFO] - ISPY2_953885, shape torch.Size([3, 80, 242, 242]), rank 0
[2026-08-02 14:07:29,993][Trainer][INFO] - predicting ISPY2_955953
[2026-08-02 14:07:31,847][Trainer][INFO] - ISPY2_955953, shape torch.Size([3, 86, 596, 596]), rank 0
[2026-08-02 14:07:57,582][Trainer][INFO] - predicting ISPY2_974181
[2026-08-02 14:07:58,974][Trainer][INFO] - ISPY2_974181, shape torch.Size([3, 97, 454, 454]), rank 0
[2026-08-02 14:08:10,480][Trainer][INFO] - predicting ISPY2_982505
[2026-08-02 14:08:11,696][Trainer][INFO] - ISPY2_982505, shape torch.Size([3, 86, 454, 454]), rank 0
[2026-08-02 14:08:23,204][Trainer][INFO] - predicting ISPY2_988443
[2026-08-02 14:08:23,682][Trainer][INFO] - ISPY2_988443, shape torch.Size([3, 90, 260, 260]), rank 0
[2026-08-02 14:08:26,572][Trainer][INFO] - predicting ISPY2_999264
[2026-08-02 14:08:27,036][Trainer][INFO] - ISPY2_999264, shape torch.Size([3, 79, 228, 228]), rank 0
[2026-08-02 14:08:28,953][Trainer][INFO] - predicting NACT_11
[2026-08-02 14:08:29,311][Trainer][INFO] - NACT_11, shape torch.Size([3, 60, 256, 256]), rank 0
[2026-08-02 14:08:31,231][Trainer][INFO] - predicting NACT_15
[2026-08-02 14:08:31,491][Trainer][INFO] - NACT_15, shape torch.Size([3, 46, 256, 256]), rank 0
[2026-08-02 14:08:32,488][Trainer][INFO] - predicting NACT_20
[2026-08-02 14:08:32,891][Trainer][INFO] - NACT_20, shape torch.Size([3, 60, 256, 256]), rank 0
[2026-08-02 14:08:34,801][Trainer][INFO] - predicting NACT_23
[2026-08-02 14:08:35,213][Trainer][INFO] - NACT_23, shape torch.Size([3, 64, 256, 256]), rank 0
[2026-08-02 14:08:37,148][Trainer][INFO] - predicting NACT_25
[2026-08-02 14:08:37,449][Trainer][INFO] - NACT_25, shape torch.Size([3, 60, 256, 256]), rank 0
[2026-08-02 14:08:39,354][Trainer][INFO] - predicting NACT_26
[2026-08-02 14:08:39,567][Trainer][INFO] - NACT_26, shape torch.Size([3, 60, 256, 256]), rank 0
[2026-08-02 14:08:41,481][Trainer][INFO] - predicting NACT_31
[2026-08-02 14:08:41,896][Trainer][INFO] - NACT_31, shape torch.Size([3, 60, 284, 284]), rank 0
[2026-08-02 14:08:43,831][Trainer][INFO] - predicting NACT_36
[2026-08-02 14:08:44,108][Trainer][INFO] - NACT_36, shape torch.Size([3, 60, 256, 256]), rank 0
[2026-08-02 14:08:46,022][Trainer][INFO] - predicting NACT_46
[2026-08-02 14:08:46,238][Trainer][INFO] - NACT_46, shape torch.Size([3, 60, 256, 256]), rank 0
[2026-08-02 14:08:48,196][Trainer][INFO] - predicting NACT_47
[2026-08-02 14:08:48,327][Trainer][INFO] - NACT_47, shape torch.Size([3, 60, 256, 256]), rank 0
[2026-08-02 14:08:50,232][Trainer][INFO] - predicting NACT_51
[2026-08-02 14:08:50,547][Trainer][INFO] - NACT_51, shape torch.Size([3, 69, 284, 284]), rank 0
[2026-08-02 14:08:52,492][Trainer][INFO] - predicting NACT_52
[2026-08-02 14:08:52,625][Trainer][INFO] - NACT_52, shape torch.Size([3, 60, 256, 256]), rank 0
[2026-08-02 14:09:08,789][Trainer][INFO] - Validation complete
[2026-08-02 14:09:08,789][Trainer][INFO] - Mean Validation Dice:  0.7782557313902337
[2026-08-02 14:09:08,803][root][INFO] - Validation finished
[2026-08-02 14:09:08,804][root][INFO] - Removing validation files
[2026-08-02 14:09:08,830][root][INFO] - Mean Validation Dice Score: 0.7782557313902337
[2026-08-02 14:09:08,830][root][INFO] - Runtime: 4.996269036663903
[2026-08-02 14:09:08,830][root][INFO] - Objectives: {'loss': 0.22174426860976626, 'runtime': 4.996269036663903}
