backbone,fold,epoch,train_loss,val_loss,pseudo_dice,pseudo_dice_ema
ConvolutionalEncoder,0,1,-0.27082,-0.39529,0.4747,0.4747
ConvolutionalEncoder,0,2,-0.38185,-0.47144,0.46269,0.47349
ConvolutionalEncoder,0,3,-0.503,-0.4727,0.52493,0.47864
ConvolutionalEncoder,0,4,-0.49917,-0.53659,0.49313,0.48009
ConvolutionalEncoder,0,5,-0.54863,-0.51047,0.53801,0.48588
ConvolutionalEncoder,0,6,-0.51356,-0.48295,0.46191,0.48348
ConvolutionalEncoder,0,7,-0.57304,-0.54035,0.67601,0.50274
ConvolutionalEncoder,0,8,-0.52744,-0.49003,0.56893,0.50936
ConvolutionalEncoder,0,9,-0.58123,-0.62532,0.63431,0.52185
ConvolutionalEncoder,0,10,-0.57373,-0.45292,0.48953,0.51862
ConvolutionalEncoder,0,11,-0.56858,-0.48184,0.44421,0.51118
ConvolutionalEncoder,0,12,-0.6003,-0.58743,0.65524,0.52558
ConvolutionalEncoder,0,13,-0.5593,-0.5806,0.58272,0.5313
ConvolutionalEncoder,0,14,-0.56593,-0.53478,0.59777,0.53794
ConvolutionalEncoder,0,15,-0.61763,-0.63012,0.65798,0.54995
ConvolutionalEncoder,0,16,-0.60317,-0.4816,0.49203,0.54416
ConvolutionalEncoder,0,17,-0.59962,-0.64823,0.69395,0.55913
ConvolutionalEncoder,0,18,-0.58808,-0.58204,0.60389,0.56361
ConvolutionalEncoder,0,19,-0.61608,-0.55074,0.57953,0.5652
ConvolutionalEncoder,0,20,-0.62397,-0.63069,0.74376,0.58306
ConvolutionalEncoder,0,21,-0.64204,-0.57076,0.57655,0.58241
ConvolutionalEncoder,0,22,-0.60056,-0.57273,0.61988,0.58615
ConvolutionalEncoder,0,23,-0.59973,-0.57468,0.62692,0.59023
ConvolutionalEncoder,0,24,-0.60844,-0.62735,0.67743,0.59895
ConvolutionalEncoder,0,25,-0.61096,-0.53517,0.52316,0.59137
ConvolutionalEncoder,0,26,-0.60128,-0.513,0.52135,0.58437
ConvolutionalEncoder,0,27,-0.63052,-0.54209,0.54295,0.58023
ConvolutionalEncoder,0,28,-0.61334,-0.54038,0.57906,0.58011
ConvolutionalEncoder,0,29,-0.64497,-0.59588,0.61853,0.58395
ConvolutionalEncoder,0,30,-0.60837,-0.56723,0.58116,0.58367
ConvolutionalEncoder,0,31,-0.60896,-0.58304,0.60797,0.5861
ConvolutionalEncoder,0,32,-0.62193,-0.53828,0.54762,0.58226
ConvolutionalEncoder,0,33,-0.65927,-0.56203,0.58406,0.58244
ConvolutionalEncoder,0,34,-0.63442,-0.58197,0.66976,0.59117
ConvolutionalEncoder,0,35,-0.65708,-0.56259,0.61103,0.59316
ConvolutionalEncoder,0,36,-0.64339,-0.59921,0.69196,0.60304
ConvolutionalEncoder,0,37,-0.62734,-0.61283,0.6011,0.60284
ConvolutionalEncoder,0,38,-0.65344,-0.67376,0.73768,0.61633
ConvolutionalEncoder,0,39,-0.62167,-0.57187,0.66162,0.62085
ConvolutionalEncoder,0,40,-0.64715,-0.59906,0.69675,0.62844
ConvolutionalEncoder,0,41,-0.6629,-0.57085,0.6461,0.63021
ConvolutionalEncoder,0,42,-0.64223,-0.61459,0.60209,0.6274
ConvolutionalEncoder,0,43,-0.65704,-0.59538,0.63232,0.62789
ConvolutionalEncoder,0,44,-0.67238,-0.6057,0.68821,0.63392
ConvolutionalEncoder,0,45,-0.66934,-0.60618,0.62021,0.63255
ConvolutionalEncoder,0,46,-0.67712,-0.68321,0.76823,0.64612
ConvolutionalEncoder,0,47,-0.68022,-0.63655,0.70106,0.65161
ConvolutionalEncoder,0,48,-0.66429,-0.56222,0.58404,0.64486
ConvolutionalEncoder,0,49,-0.64762,-0.60327,0.72715,0.65309
ConvolutionalEncoder,0,50,-0.68893,-0.58321,0.56012,0.64379
ConvolutionalEncoder,0,51,-0.65746,-0.628,0.69688,0.6491
ConvolutionalEncoder,0,52,-0.65484,-0.62929,0.63117,0.6473
ConvolutionalEncoder,0,53,-0.69474,-0.62139,0.64366,0.64694
ConvolutionalEncoder,0,54,-0.65082,-0.55132,0.53736,0.63598
ConvolutionalEncoder,0,55,-0.70575,-0.63956,0.71794,0.64418
ConvolutionalEncoder,0,56,-0.6743,-0.61342,0.68345,0.6481
ConvolutionalEncoder,0,57,-0.68208,-0.55745,0.67612,0.65091
ConvolutionalEncoder,0,58,-0.65716,-0.62019,0.7006,0.65587
ConvolutionalEncoder,0,59,-0.67008,-0.60224,0.59189,0.64948
ConvolutionalEncoder,0,60,-0.66191,-0.5734,0.61527,0.64605
ConvolutionalEncoder,0,61,-0.65951,-0.5577,0.60308,0.64176
ConvolutionalEncoder,0,62,-0.65755,-0.63871,0.69337,0.64692
ConvolutionalEncoder,0,63,-0.68679,-0.56462,0.58513,0.64074
ConvolutionalEncoder,0,64,-0.69908,-0.5622,0.60267,0.63693
ConvolutionalEncoder,0,65,-0.66661,-0.649,0.72631,0.64587
ConvolutionalEncoder,0,66,-0.67193,-0.63492,0.57756,0.63904
ConvolutionalEncoder,0,67,-0.68663,-0.66103,0.70458,0.64559
ConvolutionalEncoder,0,68,-0.66104,-0.58105,0.71223,0.65226
ConvolutionalEncoder,0,69,-0.67478,-0.58504,0.66161,0.65319
ConvolutionalEncoder,0,70,-0.67781,-0.59944,0.63352,0.65123
ConvolutionalEncoder,0,71,-0.64893,-0.66935,0.76454,0.66256
ConvolutionalEncoder,0,72,-0.68692,-0.60983,0.70371,0.66667
ConvolutionalEncoder,0,73,-0.67736,-0.65908,0.73158,0.67316
ConvolutionalEncoder,0,74,-0.66425,-0.67981,0.71699,0.67755
ConvolutionalEncoder,0,75,-0.6732,-0.62195,0.76904,0.68669
ConvolutionalEncoder,0,76,-0.68401,-0.6197,0.60054,0.67808
ConvolutionalEncoder,0,77,-0.65909,-0.63642,0.67503,0.67777
ConvolutionalEncoder,0,78,-0.71157,-0.68356,0.77231,0.68723
ConvolutionalEncoder,0,79,-0.68847,-0.62214,0.71627,0.69013
ConvolutionalEncoder,0,80,-0.69743,-0.61674,0.72516,0.69363
ConvolutionalEncoder,0,81,-0.69103,-0.62895,0.63436,0.68771
ConvolutionalEncoder,0,82,-0.66885,-0.64104,0.74154,0.69309
ConvolutionalEncoder,0,83,-0.67261,-0.62229,0.71063,0.69484
ConvolutionalEncoder,0,84,-0.65006,-0.64125,0.69265,0.69462
ConvolutionalEncoder,0,85,-0.65535,-0.65294,0.72658,0.69782
ConvolutionalEncoder,0,86,-0.66911,-0.59356,0.68761,0.6968
ConvolutionalEncoder,0,87,-0.67193,-0.55362,0.62379,0.6895
ConvolutionalEncoder,0,88,-0.67811,-0.62527,0.6799,0.68854
ConvolutionalEncoder,0,89,-0.66427,-0.635,0.65751,0.68544
ConvolutionalEncoder,0,90,-0.69472,-0.54834,0.61645,0.67854
ConvolutionalEncoder,0,91,-0.69309,-0.60952,0.65443,0.67613
ConvolutionalEncoder,0,92,-0.68576,-0.58323,0.68479,0.67699
ConvolutionalEncoder,0,93,-0.68556,-0.5992,0.70621,0.67991
ConvolutionalEncoder,0,94,-0.67283,-0.59147,0.65318,0.67724
ConvolutionalEncoder,0,95,-0.66277,-0.58911,0.58882,0.6684
ConvolutionalEncoder,0,96,-0.68272,-0.66228,0.72499,0.67406
ConvolutionalEncoder,0,97,-0.68914,-0.70518,0.7606,0.68271
ConvolutionalEncoder,0,98,-0.69269,-0.65879,0.73246,0.68769
ConvolutionalEncoder,0,99,-0.69798,-0.61247,0.72775,0.69169
ConvolutionalEncoder,0,100,-0.69362,-0.63443,0.65539,0.68806
ConvolutionalEncoder,0,101,-0.68516,-0.66064,0.65417,0.68467
ConvolutionalEncoder,0,102,-0.69563,-0.63677,0.74648,0.69085
ConvolutionalEncoder,0,103,-0.68983,-0.62456,0.66996,0.68876
ConvolutionalEncoder,0,104,-0.69258,-0.5805,0.61701,0.68159
ConvolutionalEncoder,0,105,-0.70772,-0.66622,0.8016,0.69359
ConvolutionalEncoder,0,106,-0.68769,-0.68794,0.78288,0.70252
ConvolutionalEncoder,0,107,-0.70586,-0.71085,0.76623,0.70889
ConvolutionalEncoder,0,108,-0.70158,-0.65138,0.7898,0.71698
ConvolutionalEncoder,0,109,-0.71357,-0.67471,0.79325,0.72461
ConvolutionalEncoder,0,110,-0.67303,-0.66866,0.65512,0.71766
ConvolutionalEncoder,0,111,-0.70096,-0.6752,0.75062,0.72095
ConvolutionalEncoder,0,112,-0.67714,-0.60804,0.65042,0.7139
ConvolutionalEncoder,0,113,-0.69326,-0.63459,0.69128,0.71164
ConvolutionalEncoder,0,114,-0.68254,-0.61781,0.68197,0.70867
ConvolutionalEncoder,0,115,-0.70256,-0.59888,0.63718,0.70152
ConvolutionalEncoder,0,116,-0.68717,-0.6388,0.64349,0.69572
ConvolutionalEncoder,0,117,-0.66015,-0.62563,0.62848,0.689
ConvolutionalEncoder,0,118,-0.69502,-0.66933,0.79443,0.69954
ConvolutionalEncoder,0,119,-0.70667,-0.65148,0.55605,0.68519
ConvolutionalEncoder,0,120,-0.66783,-0.65368,0.67234,0.6839
ConvolutionalEncoder,0,121,-0.68824,-0.66408,0.73313,0.68883
ConvolutionalEncoder,0,122,-0.67422,-0.67629,0.69671,0.68962
ConvolutionalEncoder,0,123,-0.70944,-0.63122,0.70456,0.69111
ConvolutionalEncoder,0,124,-0.68054,-0.68895,0.74352,0.69635
ConvolutionalEncoder,0,125,-0.70169,-0.64847,0.74022,0.70074
ConvolutionalEncoder,0,126,-0.70806,-0.68623,0.71528,0.70219
ConvolutionalEncoder,0,127,-0.69227,-0.60901,0.65687,0.69766
ConvolutionalEncoder,0,128,-0.68661,-0.71971,0.78134,0.70603
ConvolutionalEncoder,0,129,-0.71513,-0.64197,0.69344,0.70477
ConvolutionalEncoder,0,130,-0.69057,-0.64631,0.75579,0.70987
ConvolutionalEncoder,0,131,-0.7124,-0.64266,0.70094,0.70898
ConvolutionalEncoder,0,132,-0.70925,-0.63988,0.73106,0.71119
ConvolutionalEncoder,0,133,-0.71066,-0.6174,0.75954,0.71602
ConvolutionalEncoder,0,134,-0.702,-0.59679,0.65689,0.71011
ConvolutionalEncoder,0,135,-0.69745,-0.59995,0.63918,0.70302
ConvolutionalEncoder,0,136,-0.70648,-0.68442,0.67193,0.69991
ConvolutionalEncoder,0,137,-0.70778,-0.63348,0.68311,0.69823
ConvolutionalEncoder,0,138,-0.68697,-0.62476,0.74187,0.70259
ConvolutionalEncoder,0,139,-0.72156,-0.67889,0.73812,0.70614
ConvolutionalEncoder,0,140,-0.69774,-0.61734,0.64835,0.70036
ConvolutionalEncoder,0,141,-0.69694,-0.68099,0.72422,0.70275
ConvolutionalEncoder,0,142,-0.70253,-0.657,0.69779,0.70225
ConvolutionalEncoder,0,143,-0.70765,-0.69543,0.75222,0.70725
ConvolutionalEncoder,0,144,-0.70001,-0.67282,0.75511,0.71204
ConvolutionalEncoder,0,145,-0.69826,-0.59671,0.60781,0.70161
ConvolutionalEncoder,0,146,-0.69849,-0.68152,0.77727,0.70918
ConvolutionalEncoder,0,147,-0.71679,-0.61144,0.65795,0.70406
ConvolutionalEncoder,0,148,-0.69865,-0.70879,0.80238,0.71389
ConvolutionalEncoder,0,149,-0.70721,-0.62773,0.65005,0.7075
ConvolutionalEncoder,0,150,-0.70761,-0.66502,0.70126,0.70688
ConvolutionalEncoder,0,151,-0.70351,-0.67797,0.68016,0.70421
ConvolutionalEncoder,0,152,-0.70053,-0.6054,0.66746,0.70053
ConvolutionalEncoder,0,153,-0.68693,-0.66482,0.70162,0.70064
ConvolutionalEncoder,0,154,-0.67744,-0.63157,0.75386,0.70596
ConvolutionalEncoder,0,155,-0.69303,-0.65142,0.70902,0.70627
ConvolutionalEncoder,0,156,-0.69724,-0.6109,0.74694,0.71034
ConvolutionalEncoder,0,157,-0.70845,-0.63799,0.72378,0.71168
ConvolutionalEncoder,0,158,-0.69974,-0.64748,0.69076,0.70959
ConvolutionalEncoder,0,159,-0.71931,-0.61604,0.73761,0.71239
ConvolutionalEncoder,0,160,-0.72148,-0.69482,0.72119,0.71327
ConvolutionalEncoder,0,161,-0.70201,-0.61839,0.63108,0.70505
ConvolutionalEncoder,0,162,-0.72678,-0.64101,0.64571,0.69912
ConvolutionalEncoder,0,163,-0.70773,-0.62483,0.73302,0.70251
ConvolutionalEncoder,0,164,-0.72063,-0.65815,0.74369,0.70663
ConvolutionalEncoder,0,165,-0.72378,-0.66564,0.69147,0.70511
ConvolutionalEncoder,0,166,-0.71159,-0.65364,0.73104,0.7077
ConvolutionalEncoder,0,167,-0.71209,-0.65009,0.75111,0.71204
ConvolutionalEncoder,0,168,-0.72095,-0.67449,0.6841,0.70925
ConvolutionalEncoder,0,169,-0.71657,-0.61908,0.69137,0.70746
ConvolutionalEncoder,0,170,-0.72215,-0.65857,0.78064,0.71478
ConvolutionalEncoder,0,171,-0.72687,-0.67527,0.73744,0.71704
ConvolutionalEncoder,0,172,-0.70417,-0.67654,0.7372,0.71906
ConvolutionalEncoder,0,173,-0.70769,-0.64959,0.70267,0.71742
ConvolutionalEncoder,0,174,-0.72398,-0.62951,0.70698,0.71638
ConvolutionalEncoder,0,175,-0.71895,-0.6394,0.66774,0.71151
ConvolutionalEncoder,0,176,-0.6964,-0.67943,0.74824,0.71519
ConvolutionalEncoder,0,177,-0.70714,-0.6835,0.76794,0.72046
ConvolutionalEncoder,0,178,-0.72244,-0.66024,0.65812,0.71423
ConvolutionalEncoder,0,179,-0.71806,-0.66172,0.6747,0.71027
ConvolutionalEncoder,0,180,-0.71643,-0.65783,0.69327,0.70857
ConvolutionalEncoder,0,181,-0.72232,-0.6855,0.70562,0.70828
ConvolutionalEncoder,0,182,-0.70065,-0.66247,0.8056,0.71801
ConvolutionalEncoder,0,183,-0.70545,-0.62171,0.6965,0.71586
ConvolutionalEncoder,0,184,-0.72641,-0.63754,0.68357,0.71263
ConvolutionalEncoder,0,185,-0.72419,-0.65921,0.72069,0.71344
ConvolutionalEncoder,0,186,-0.71316,-0.66242,0.80566,0.72266
ConvolutionalEncoder,0,187,-0.73986,-0.64167,0.75335,0.72573
ConvolutionalEncoder,0,188,-0.71817,-0.67,0.76847,0.73
ConvolutionalEncoder,0,189,-0.70532,-0.69162,0.76236,0.73324
ConvolutionalEncoder,0,190,-0.72934,-0.66818,0.76051,0.73597
ConvolutionalEncoder,0,191,-0.73214,-0.57266,0.5891,0.72128
ConvolutionalEncoder,0,192,-0.7259,-0.63117,0.74611,0.72376
ConvolutionalEncoder,0,193,-0.70011,-0.61718,0.72052,0.72344
ConvolutionalEncoder,0,194,-0.70287,-0.66089,0.72963,0.72406
ConvolutionalEncoder,0,195,-0.70038,-0.68759,0.78593,0.73025
ConvolutionalEncoder,0,196,-0.69727,-0.67825,0.73861,0.73108
ConvolutionalEncoder,0,197,-0.68633,-0.64449,0.7707,0.73504
ConvolutionalEncoder,0,198,-0.7351,-0.65067,0.67225,0.72876
ConvolutionalEncoder,0,199,-0.71406,-0.64695,0.7935,0.73524
ConvolutionalEncoder,0,200,-0.71198,-0.65806,0.68321,0.73004
ConvolutionalEncoder,0,201,-0.72307,-0.70431,0.76719,0.73375
ConvolutionalEncoder,0,202,-0.71212,-0.66863,0.78163,0.73854
ConvolutionalEncoder,0,203,-0.73961,-0.64476,0.71892,0.73658
ConvolutionalEncoder,0,204,-0.72098,-0.60492,0.6528,0.7282
ConvolutionalEncoder,0,205,-0.70484,-0.66887,0.73332,0.72871
ConvolutionalEncoder,0,206,-0.70459,-0.66202,0.73474,0.72931
ConvolutionalEncoder,0,207,-0.73133,-0.5886,0.66602,0.72298
ConvolutionalEncoder,0,208,-0.72411,-0.66865,0.76389,0.72708
ConvolutionalEncoder,0,209,-0.68951,-0.70691,0.7948,0.73385
ConvolutionalEncoder,0,210,-0.71327,-0.61279,0.62688,0.72315
ConvolutionalEncoder,0,211,-0.73284,-0.68695,0.75138,0.72597
ConvolutionalEncoder,0,212,-0.70589,-0.68554,0.77154,0.73053
ConvolutionalEncoder,0,213,-0.719,-0.70347,0.78958,0.73644
ConvolutionalEncoder,0,214,-0.73306,-0.63916,0.74061,0.73685
ConvolutionalEncoder,0,215,-0.68238,-0.61702,0.75144,0.73831
ConvolutionalEncoder,0,216,-0.68756,-0.65633,0.69162,0.73364
ConvolutionalEncoder,0,217,-0.71959,-0.63303,0.62456,0.72273
ConvolutionalEncoder,0,218,-0.7341,-0.67604,0.72924,0.72338
ConvolutionalEncoder,0,219,-0.71325,-0.71124,0.78627,0.72967
ConvolutionalEncoder,0,220,-0.72417,-0.63318,0.71993,0.7287
ConvolutionalEncoder,0,221,-0.69962,-0.7061,0.7594,0.73177
ConvolutionalEncoder,0,222,-0.73828,-0.67053,0.78261,0.73685
ConvolutionalEncoder,0,223,-0.69845,-0.69229,0.81399,0.74457
ConvolutionalEncoder,0,224,-0.69599,-0.73466,0.82302,0.75241
ConvolutionalEncoder,0,225,-0.73552,-0.61234,0.71614,0.74879
ConvolutionalEncoder,0,226,-0.71469,-0.64289,0.68273,0.74218
ConvolutionalEncoder,0,227,-0.71586,-0.63014,0.7484,0.7428
ConvolutionalEncoder,0,228,-0.70358,-0.70912,0.79064,0.74759
ConvolutionalEncoder,0,229,-0.72373,-0.68143,0.78637,0.75146
ConvolutionalEncoder,0,230,-0.72407,-0.66037,0.78888,0.75521
ConvolutionalEncoder,0,231,-0.7188,-0.66862,0.70759,0.75044
ConvolutionalEncoder,0,232,-0.71974,-0.67564,0.81656,0.75706
ConvolutionalEncoder,0,233,-0.71881,-0.66925,0.68516,0.74987
ConvolutionalEncoder,0,234,-0.72359,-0.67697,0.81857,0.75674
ConvolutionalEncoder,0,235,-0.72361,-0.66433,0.75931,0.75699
ConvolutionalEncoder,0,236,-0.72617,-0.62326,0.60877,0.74217
ConvolutionalEncoder,0,237,-0.71028,-0.69123,0.72989,0.74094
ConvolutionalEncoder,0,238,-0.72849,-0.64416,0.79643,0.74649
ConvolutionalEncoder,0,239,-0.72036,-0.62467,0.59068,0.73091
ConvolutionalEncoder,0,240,-0.75781,-0.63471,0.69402,0.72722
ConvolutionalEncoder,0,241,-0.72605,-0.66477,0.74146,0.72864
ConvolutionalEncoder,0,242,-0.73562,-0.69268,0.78009,0.73379
ConvolutionalEncoder,0,243,-0.73966,-0.65773,0.69085,0.7295
ConvolutionalEncoder,0,244,-0.7205,-0.68225,0.68537,0.72508
ConvolutionalEncoder,0,245,-0.70753,-0.64889,0.64428,0.717
ConvolutionalEncoder,0,246,-0.73028,-0.76266,0.81386,0.72669
ConvolutionalEncoder,0,247,-0.71067,-0.68455,0.80048,0.73407
ConvolutionalEncoder,0,248,-0.72691,-0.63552,0.71333,0.73199
ConvolutionalEncoder,0,249,-0.73523,-0.70241,0.74706,0.7335
ConvolutionalEncoder,0,250,-0.71228,-0.65537,0.66162,0.72631
ConvolutionalEncoder,0,251,-0.731,-0.66035,0.71436,0.72512
ConvolutionalEncoder,0,252,-0.72518,-0.68666,0.81578,0.73418
ConvolutionalEncoder,0,253,-0.72861,-0.72337,0.74342,0.73511
ConvolutionalEncoder,0,254,-0.73536,-0.6532,0.75968,0.73756
ConvolutionalEncoder,0,255,-0.73259,-0.66883,0.76387,0.74019
ConvolutionalEncoder,0,256,-0.72909,-0.61813,0.75858,0.74203
ConvolutionalEncoder,0,257,-0.70853,-0.65356,0.69149,0.73698
ConvolutionalEncoder,0,258,-0.74209,-0.63368,0.77165,0.74045
ConvolutionalEncoder,0,259,-0.7165,-0.6735,0.77674,0.74408
ConvolutionalEncoder,0,260,-0.70227,-0.63748,0.70947,0.74062
ConvolutionalEncoder,0,261,-0.73861,-0.66188,0.65038,0.73159
ConvolutionalEncoder,0,262,-0.74489,-0.62234,0.64983,0.72342
ConvolutionalEncoder,0,263,-0.71471,-0.67504,0.79113,0.73019
ConvolutionalEncoder,0,264,-0.74291,-0.65592,0.73523,0.73069
ConvolutionalEncoder,0,265,-0.74712,-0.629,0.74096,0.73172
ConvolutionalEncoder,0,266,-0.72907,-0.66093,0.69353,0.7279
ConvolutionalEncoder,0,267,-0.75779,-0.69257,0.75118,0.73023
ConvolutionalEncoder,0,268,-0.74455,-0.68265,0.81837,0.73904
ConvolutionalEncoder,0,269,-0.74122,-0.68642,0.76937,0.74207
ConvolutionalEncoder,0,270,-0.74924,-0.66967,0.76698,0.74456
ConvolutionalEncoder,0,271,-0.72135,-0.65974,0.7541,0.74552
ConvolutionalEncoder,0,272,-0.76541,-0.70829,0.82137,0.7531
ConvolutionalEncoder,0,273,-0.76018,-0.70453,0.82353,0.76015
ConvolutionalEncoder,0,274,-0.74261,-0.68774,0.6867,0.7528
ConvolutionalEncoder,0,275,-0.74001,-0.67455,0.80065,0.75759
ConvolutionalEncoder,0,276,-0.71933,-0.65763,0.70049,0.75188
ConvolutionalEncoder,0,277,-0.73686,-0.72576,0.8015,0.75684
ConvolutionalEncoder,0,278,-0.7312,-0.69081,0.80348,0.7615
ConvolutionalEncoder,0,279,-0.75337,-0.72815,0.79351,0.7647
ConvolutionalEncoder,0,280,-0.75057,-0.6683,0.73175,0.76141
ConvolutionalEncoder,0,281,-0.70803,-0.71604,0.71121,0.75639
ConvolutionalEncoder,0,282,-0.72719,-0.71119,0.77099,0.75785
ConvolutionalEncoder,0,283,-0.74031,-0.63661,0.77107,0.75917
ConvolutionalEncoder,0,284,-0.75172,-0.65242,0.79558,0.76281
ConvolutionalEncoder,0,285,-0.76121,-0.68506,0.83944,0.77047
ConvolutionalEncoder,0,286,-0.73345,-0.62201,0.73748,0.76717
ConvolutionalEncoder,0,287,-0.75594,-0.64669,0.78802,0.76926
ConvolutionalEncoder,0,288,-0.75076,-0.66321,0.79516,0.77185
ConvolutionalEncoder,0,289,-0.7266,-0.73322,0.8197,0.77663
ConvolutionalEncoder,0,290,-0.72709,-0.67254,0.74319,0.77329
ConvolutionalEncoder,0,291,-0.75016,-0.67081,0.70767,0.76673
ConvolutionalEncoder,0,292,-0.73383,-0.6876,0.78895,0.76895
ConvolutionalEncoder,0,293,-0.73896,-0.7009,0.73246,0.7653
ConvolutionalEncoder,0,294,-0.73167,-0.69145,0.66617,0.75539
ConvolutionalEncoder,0,295,-0.739,-0.64417,0.72254,0.7521
ConvolutionalEncoder,0,296,-0.74417,-0.71978,0.73716,0.75061
ConvolutionalEncoder,0,297,-0.73445,-0.68382,0.73862,0.74941
ConvolutionalEncoder,0,298,-0.73912,-0.72857,0.8123,0.7557
ConvolutionalEncoder,0,299,-0.73631,-0.71197,0.79779,0.75991
ConvolutionalEncoder,0,300,-0.76569,-0.62958,0.71928,0.75585
ConvolutionalEncoder,1,1,-0.26765,-0.41861,0.46779,0.46779
ConvolutionalEncoder,1,2,-0.4486,-0.48208,0.53368,0.47438
ConvolutionalEncoder,1,3,-0.47177,-0.42949,0.51868,0.47881
ConvolutionalEncoder,1,4,-0.48442,-0.47743,0.54345,0.48527
ConvolutionalEncoder,1,5,-0.49091,-0.51728,0.56365,0.49311
ConvolutionalEncoder,1,6,-0.54581,-0.54712,0.58766,0.50257
ConvolutionalEncoder,1,7,-0.49681,-0.48628,0.58153,0.51046
ConvolutionalEncoder,1,8,-0.51068,-0.55961,0.61041,0.52046
ConvolutionalEncoder,1,9,-0.5429,-0.5276,0.55992,0.5244
ConvolutionalEncoder,1,10,-0.55621,-0.54113,0.59219,0.53118
ConvolutionalEncoder,1,11,-0.56964,-0.60195,0.69983,0.54805
ConvolutionalEncoder,1,12,-0.55301,-0.56196,0.65132,0.55837
ConvolutionalEncoder,1,13,-0.55125,-0.58452,0.68542,0.57108
ConvolutionalEncoder,1,14,-0.55934,-0.56364,0.62972,0.57694
ConvolutionalEncoder,1,15,-0.55204,-0.59334,0.6898,0.58823
ConvolutionalEncoder,1,16,-0.56922,-0.61025,0.67595,0.597
ConvolutionalEncoder,1,17,-0.58447,-0.62843,0.70499,0.6078
ConvolutionalEncoder,1,18,-0.57991,-0.60251,0.66257,0.61328
ConvolutionalEncoder,1,19,-0.58741,-0.61134,0.68871,0.62082
ConvolutionalEncoder,1,20,-0.60324,-0.65162,0.73016,0.63175
ConvolutionalEncoder,1,21,-0.59234,-0.58395,0.68936,0.63751
ConvolutionalEncoder,1,22,-0.63538,-0.6061,0.78292,0.65206
ConvolutionalEncoder,1,23,-0.58402,-0.67165,0.73929,0.66078
ConvolutionalEncoder,1,24,-0.6026,-0.60063,0.67924,0.66262
ConvolutionalEncoder,1,25,-0.61811,-0.67481,0.77014,0.67338
ConvolutionalEncoder,1,26,-0.61994,-0.5963,0.66349,0.67239
ConvolutionalEncoder,1,27,-0.60974,-0.6046,0.71834,0.67698
ConvolutionalEncoder,1,28,-0.62251,-0.67591,0.76002,0.68529
ConvolutionalEncoder,1,29,-0.61719,-0.62097,0.62604,0.67936
ConvolutionalEncoder,1,30,-0.58243,-0.59779,0.60675,0.6721
ConvolutionalEncoder,1,31,-0.60735,-0.63429,0.62264,0.66715
ConvolutionalEncoder,1,32,-0.63329,-0.67131,0.73103,0.67354
ConvolutionalEncoder,1,33,-0.63356,-0.68412,0.77572,0.68376
ConvolutionalEncoder,1,34,-0.62632,-0.70684,0.82583,0.69797
ConvolutionalEncoder,1,35,-0.61173,-0.68257,0.71541,0.69971
ConvolutionalEncoder,1,36,-0.57511,-0.61812,0.6892,0.69866
ConvolutionalEncoder,1,37,-0.57717,-0.65058,0.69273,0.69807
ConvolutionalEncoder,1,38,-0.62494,-0.63578,0.71321,0.69958
ConvolutionalEncoder,1,39,-0.62432,-0.63002,0.70167,0.69979
ConvolutionalEncoder,1,40,-0.60995,-0.6927,0.77366,0.70718
ConvolutionalEncoder,1,41,-0.64818,-0.67408,0.68372,0.70483
ConvolutionalEncoder,1,42,-0.63439,-0.69052,0.78445,0.71279
ConvolutionalEncoder,1,43,-0.62631,-0.62493,0.75754,0.71727
ConvolutionalEncoder,1,44,-0.62421,-0.66502,0.74386,0.71993
ConvolutionalEncoder,1,45,-0.61969,-0.65267,0.72812,0.72075
ConvolutionalEncoder,1,46,-0.64934,-0.69221,0.78594,0.72727
ConvolutionalEncoder,1,47,-0.63261,-0.67999,0.76934,0.73147
ConvolutionalEncoder,1,48,-0.65882,-0.70334,0.72706,0.73103
ConvolutionalEncoder,1,49,-0.65913,-0.68766,0.77264,0.73519
ConvolutionalEncoder,1,50,-0.64319,-0.62764,0.7473,0.7364
ConvolutionalEncoder,1,51,-0.64144,-0.69788,0.78104,0.74087
ConvolutionalEncoder,1,52,-0.63279,-0.69445,0.78709,0.74549
ConvolutionalEncoder,1,53,-0.65099,-0.61618,0.68564,0.7395
ConvolutionalEncoder,1,54,-0.65386,-0.76545,0.85427,0.75098
ConvolutionalEncoder,1,55,-0.64326,-0.7094,0.80985,0.75687
ConvolutionalEncoder,1,56,-0.67526,-0.71203,0.81574,0.76276
ConvolutionalEncoder,1,57,-0.66472,-0.68268,0.70213,0.75669
ConvolutionalEncoder,1,58,-0.65546,-0.67554,0.77739,0.75876
ConvolutionalEncoder,1,59,-0.66597,-0.68947,0.77348,0.76023
ConvolutionalEncoder,1,60,-0.64382,-0.69681,0.79679,0.76389
ConvolutionalEncoder,1,61,-0.64847,-0.67822,0.79346,0.76685
ConvolutionalEncoder,1,62,-0.65532,-0.67419,0.75522,0.76568
ConvolutionalEncoder,1,63,-0.65547,-0.6442,0.7235,0.76147
ConvolutionalEncoder,1,64,-0.67783,-0.66117,0.76519,0.76184
ConvolutionalEncoder,1,65,-0.65119,-0.64323,0.70017,0.75567
ConvolutionalEncoder,1,66,-0.64524,-0.67898,0.72924,0.75303
ConvolutionalEncoder,1,67,-0.66588,-0.75435,0.83293,0.76102
ConvolutionalEncoder,1,68,-0.64418,-0.66087,0.75893,0.76081
ConvolutionalEncoder,1,69,-0.62875,-0.68195,0.78044,0.76277
ConvolutionalEncoder,1,70,-0.65189,-0.67476,0.7204,0.75854
ConvolutionalEncoder,1,71,-0.66212,-0.627,0.77928,0.76061
ConvolutionalEncoder,1,72,-0.64364,-0.66466,0.74041,0.75859
ConvolutionalEncoder,1,73,-0.67419,-0.67427,0.78624,0.76136
ConvolutionalEncoder,1,74,-0.66332,-0.70395,0.77313,0.76253
ConvolutionalEncoder,1,75,-0.68787,-0.66883,0.77849,0.76413
ConvolutionalEncoder,1,76,-0.64492,-0.66324,0.71447,0.75916
ConvolutionalEncoder,1,77,-0.68281,-0.64077,0.67455,0.7507
ConvolutionalEncoder,1,78,-0.66843,-0.73543,0.82028,0.75766
ConvolutionalEncoder,1,79,-0.69025,-0.67145,0.79316,0.76121
ConvolutionalEncoder,1,80,-0.68719,-0.68923,0.77461,0.76255
ConvolutionalEncoder,1,81,-0.68702,-0.70221,0.77073,0.76337
ConvolutionalEncoder,1,82,-0.66216,-0.67041,0.80063,0.7671
ConvolutionalEncoder,1,83,-0.67015,-0.67376,0.78387,0.76877
ConvolutionalEncoder,1,84,-0.67229,-0.7094,0.81336,0.77323
ConvolutionalEncoder,1,85,-0.67858,-0.67493,0.77578,0.77349
ConvolutionalEncoder,1,86,-0.66123,-0.66874,0.72606,0.76874
ConvolutionalEncoder,1,87,-0.703,-0.69408,0.807,0.77257
ConvolutionalEncoder,1,88,-0.66196,-0.65722,0.77406,0.77272
ConvolutionalEncoder,1,89,-0.65784,-0.65686,0.71556,0.767
ConvolutionalEncoder,1,90,-0.66507,-0.75167,0.80089,0.77039
ConvolutionalEncoder,1,91,-0.66248,-0.70583,0.7682,0.77017
ConvolutionalEncoder,1,92,-0.67029,-0.65264,0.77797,0.77095
ConvolutionalEncoder,1,93,-0.65551,-0.6734,0.83523,0.77738
ConvolutionalEncoder,1,94,-0.67174,-0.66142,0.7823,0.77787
ConvolutionalEncoder,1,95,-0.6968,-0.71732,0.82535,0.78262
ConvolutionalEncoder,1,96,-0.67031,-0.70086,0.74129,0.77849
ConvolutionalEncoder,1,97,-0.67564,-0.71674,0.83959,0.7846
ConvolutionalEncoder,1,98,-0.68859,-0.7105,0.79255,0.78539
ConvolutionalEncoder,1,99,-0.70199,-0.72099,0.81987,0.78884
ConvolutionalEncoder,1,100,-0.67882,-0.65671,0.70576,0.78053
ConvolutionalEncoder,1,101,-0.66823,-0.71949,0.80788,0.78327
ConvolutionalEncoder,1,102,-0.64909,-0.70612,0.74546,0.77949
ConvolutionalEncoder,1,103,-0.6747,-0.70141,0.82122,0.78366
ConvolutionalEncoder,1,104,-0.68295,-0.70074,0.80984,0.78628
ConvolutionalEncoder,1,105,-0.68012,-0.67888,0.77858,0.78551
ConvolutionalEncoder,1,106,-0.6742,-0.62456,0.79018,0.78598
ConvolutionalEncoder,1,107,-0.67284,-0.67365,0.7816,0.78554
ConvolutionalEncoder,1,108,-0.68624,-0.71117,0.81387,0.78837
ConvolutionalEncoder,1,109,-0.67696,-0.67576,0.79819,0.78935
ConvolutionalEncoder,1,110,-0.67016,-0.7235,0.81372,0.79179
ConvolutionalEncoder,1,111,-0.66975,-0.68645,0.70491,0.7831
ConvolutionalEncoder,1,112,-0.64395,-0.74354,0.86132,0.79092
ConvolutionalEncoder,1,113,-0.66991,-0.74985,0.79792,0.79162
ConvolutionalEncoder,1,114,-0.65307,-0.68313,0.79244,0.7917
ConvolutionalEncoder,1,115,-0.67842,-0.73806,0.84341,0.79688
ConvolutionalEncoder,1,116,-0.67369,-0.69796,0.79374,0.79656
ConvolutionalEncoder,1,117,-0.65597,-0.61477,0.69647,0.78655
ConvolutionalEncoder,1,118,-0.68413,-0.67614,0.77055,0.78495
ConvolutionalEncoder,1,119,-0.68136,-0.69231,0.71559,0.77802
ConvolutionalEncoder,1,120,-0.68235,-0.70796,0.79201,0.77941
ConvolutionalEncoder,1,121,-0.6577,-0.68095,0.73654,0.77513
ConvolutionalEncoder,1,122,-0.67025,-0.71218,0.80038,0.77765
ConvolutionalEncoder,1,123,-0.69219,-0.74698,0.84876,0.78476
ConvolutionalEncoder,1,124,-0.6899,-0.76971,0.83555,0.78984
ConvolutionalEncoder,1,125,-0.69889,-0.70431,0.78414,0.78927
ConvolutionalEncoder,1,126,-0.66861,-0.70422,0.81374,0.79172
ConvolutionalEncoder,1,127,-0.67836,-0.70865,0.82682,0.79523
ConvolutionalEncoder,1,128,-0.68499,-0.69022,0.78764,0.79447
ConvolutionalEncoder,1,129,-0.68624,-0.71194,0.78256,0.79328
ConvolutionalEncoder,1,130,-0.7004,-0.66742,0.81091,0.79504
ConvolutionalEncoder,1,131,-0.67898,-0.68934,0.8009,0.79563
ConvolutionalEncoder,1,132,-0.6649,-0.72036,0.81931,0.798
ConvolutionalEncoder,1,133,-0.68336,-0.72334,0.81831,0.80003
ConvolutionalEncoder,1,134,-0.69413,-0.70738,0.82331,0.80236
ConvolutionalEncoder,1,135,-0.70107,-0.69089,0.78905,0.80102
ConvolutionalEncoder,1,136,-0.67216,-0.69295,0.78035,0.79896
ConvolutionalEncoder,1,137,-0.70351,-0.68501,0.78707,0.79777
ConvolutionalEncoder,1,138,-0.67031,-0.69267,0.8129,0.79928
ConvolutionalEncoder,1,139,-0.69538,-0.75556,0.8016,0.79951
ConvolutionalEncoder,1,140,-0.69988,-0.65319,0.80094,0.79966
ConvolutionalEncoder,1,141,-0.68675,-0.69097,0.84538,0.80423
ConvolutionalEncoder,1,142,-0.6951,-0.67744,0.78429,0.80224
ConvolutionalEncoder,1,143,-0.681,-0.6967,0.7882,0.80083
ConvolutionalEncoder,1,144,-0.69097,-0.68031,0.72279,0.79303
ConvolutionalEncoder,1,145,-0.70625,-0.72519,0.8147,0.7952
ConvolutionalEncoder,1,146,-0.65747,-0.62311,0.72583,0.78826
ConvolutionalEncoder,1,147,-0.68713,-0.66937,0.76033,0.78547
ConvolutionalEncoder,1,148,-0.70042,-0.73985,0.83362,0.79028
ConvolutionalEncoder,1,149,-0.68941,-0.72932,0.85262,0.79652
ConvolutionalEncoder,1,150,-0.69959,-0.72805,0.7475,0.79161
ConvolutionalEncoder,1,151,-0.67619,-0.69546,0.73443,0.7859
ConvolutionalEncoder,1,152,-0.66961,-0.72835,0.81235,0.78854
ConvolutionalEncoder,1,153,-0.67226,-0.70745,0.77439,0.78713
ConvolutionalEncoder,1,154,-0.6637,-0.68741,0.79347,0.78776
ConvolutionalEncoder,1,155,-0.70158,-0.71908,0.82206,0.79119
ConvolutionalEncoder,1,156,-0.68414,-0.6797,0.7974,0.79181
ConvolutionalEncoder,1,157,-0.71245,-0.78209,0.86117,0.79875
ConvolutionalEncoder,1,158,-0.68554,-0.70135,0.82512,0.80139
ConvolutionalEncoder,1,159,-0.65629,-0.6619,0.75426,0.79667
ConvolutionalEncoder,1,160,-0.67893,-0.72838,0.8243,0.79944
ConvolutionalEncoder,1,161,-0.67439,-0.74138,0.83873,0.80337
ConvolutionalEncoder,1,162,-0.70182,-0.69446,0.78726,0.80175
ConvolutionalEncoder,1,163,-0.6781,-0.67816,0.78445,0.80002
ConvolutionalEncoder,1,164,-0.65634,-0.75484,0.77652,0.79767
ConvolutionalEncoder,1,165,-0.68162,-0.61737,0.7298,0.79089
ConvolutionalEncoder,1,166,-0.71701,-0.72153,0.86808,0.79861
ConvolutionalEncoder,1,167,-0.70519,-0.7023,0.83654,0.8024
ConvolutionalEncoder,1,168,-0.69719,-0.74677,0.82561,0.80472
ConvolutionalEncoder,1,169,-0.69791,-0.67983,0.78027,0.80228
ConvolutionalEncoder,1,170,-0.68341,-0.71519,0.82094,0.80414
ConvolutionalEncoder,1,171,-0.70943,-0.73804,0.84823,0.80855
ConvolutionalEncoder,1,172,-0.71328,-0.72283,0.80846,0.80854
ConvolutionalEncoder,1,173,-0.67608,-0.68654,0.78968,0.80666
ConvolutionalEncoder,1,174,-0.68632,-0.74864,0.84052,0.81004
ConvolutionalEncoder,1,175,-0.70841,-0.70078,0.81772,0.81081
ConvolutionalEncoder,1,176,-0.70639,-0.73261,0.80668,0.8104
ConvolutionalEncoder,1,177,-0.67455,-0.7014,0.8016,0.80952
ConvolutionalEncoder,1,178,-0.71238,-0.68693,0.80921,0.80949
ConvolutionalEncoder,1,179,-0.69944,-0.69722,0.75942,0.80448
ConvolutionalEncoder,1,180,-0.69774,-0.70351,0.84405,0.80844
ConvolutionalEncoder,1,181,-0.72295,-0.73018,0.83872,0.81147
ConvolutionalEncoder,1,182,-0.70275,-0.7119,0.83166,0.81349
ConvolutionalEncoder,1,183,-0.69892,-0.72042,0.83393,0.81553
ConvolutionalEncoder,1,184,-0.71737,-0.79393,0.85709,0.81969
ConvolutionalEncoder,1,185,-0.69256,-0.66597,0.7525,0.81297
ConvolutionalEncoder,1,186,-0.71598,-0.69922,0.84463,0.81613
ConvolutionalEncoder,1,187,-0.692,-0.68201,0.75927,0.81045
ConvolutionalEncoder,1,188,-0.70923,-0.71615,0.83549,0.81295
ConvolutionalEncoder,1,189,-0.7119,-0.71667,0.81491,0.81315
ConvolutionalEncoder,1,190,-0.72535,-0.70079,0.7879,0.81062
ConvolutionalEncoder,1,191,-0.69464,-0.62702,0.7422,0.80378
ConvolutionalEncoder,1,192,-0.7022,-0.77834,0.81821,0.80522
ConvolutionalEncoder,1,193,-0.69833,-0.71893,0.87213,0.81191
ConvolutionalEncoder,1,194,-0.71566,-0.69144,0.79979,0.8107
ConvolutionalEncoder,1,195,-0.6875,-0.68625,0.8009,0.80972
ConvolutionalEncoder,1,196,-0.69441,-0.74243,0.81277,0.81003
ConvolutionalEncoder,1,197,-0.7131,-0.66925,0.8031,0.80933
ConvolutionalEncoder,1,198,-0.69478,-0.66304,0.73381,0.80178
ConvolutionalEncoder,1,199,-0.69394,-0.71985,0.81729,0.80333
ConvolutionalEncoder,1,200,-0.68582,-0.75064,0.8228,0.80528
ConvolutionalEncoder,1,201,-0.69467,-0.71045,0.79833,0.80458
ConvolutionalEncoder,1,202,-0.71057,-0.74866,0.82418,0.80654
ConvolutionalEncoder,1,203,-0.68814,-0.7563,0.84226,0.81012
ConvolutionalEncoder,1,204,-0.69005,-0.73397,0.87726,0.81683
ConvolutionalEncoder,1,205,-0.69666,-0.78681,0.84226,0.81937
ConvolutionalEncoder,1,206,-0.6982,-0.76871,0.8471,0.82215
ConvolutionalEncoder,1,207,-0.71204,-0.72634,0.83961,0.82389
ConvolutionalEncoder,1,208,-0.72436,-0.69423,0.80548,0.82205
ConvolutionalEncoder,1,209,-0.69537,-0.74838,0.7851,0.81836
ConvolutionalEncoder,1,210,-0.72948,-0.71612,0.81017,0.81754
ConvolutionalEncoder,1,211,-0.69508,-0.70205,0.81118,0.8169
ConvolutionalEncoder,1,212,-0.72238,-0.69193,0.84606,0.81982
ConvolutionalEncoder,1,213,-0.71778,-0.71236,0.83322,0.82116
ConvolutionalEncoder,1,214,-0.70832,-0.79113,0.87544,0.82659
ConvolutionalEncoder,1,215,-0.69855,-0.69022,0.80407,0.82433
ConvolutionalEncoder,1,216,-0.73999,-0.68275,0.77812,0.81971
ConvolutionalEncoder,1,217,-0.70916,-0.72856,0.87076,0.82482
ConvolutionalEncoder,1,218,-0.7263,-0.74526,0.87412,0.82975
ConvolutionalEncoder,1,219,-0.71438,-0.68816,0.78753,0.82553
ConvolutionalEncoder,1,220,-0.69809,-0.72239,0.81169,0.82414
ConvolutionalEncoder,1,221,-0.70295,-0.72384,0.80931,0.82266
ConvolutionalEncoder,1,222,-0.6835,-0.72355,0.84375,0.82477
ConvolutionalEncoder,1,223,-0.68851,-0.73584,0.84654,0.82694
ConvolutionalEncoder,1,224,-0.72496,-0.74414,0.83126,0.82738
ConvolutionalEncoder,1,225,-0.70657,-0.76653,0.8665,0.83129
ConvolutionalEncoder,1,226,-0.7141,-0.71057,0.85438,0.8336
ConvolutionalEncoder,1,227,-0.7214,-0.70424,0.81332,0.83157
ConvolutionalEncoder,1,228,-0.73383,-0.73519,0.80714,0.82913
ConvolutionalEncoder,1,229,-0.72244,-0.70086,0.80496,0.82671
ConvolutionalEncoder,1,230,-0.71733,-0.69618,0.8341,0.82745
ConvolutionalEncoder,1,231,-0.71669,-0.68813,0.82644,0.82735
ConvolutionalEncoder,1,232,-0.72603,-0.69727,0.8133,0.82594
ConvolutionalEncoder,1,233,-0.7109,-0.68562,0.80555,0.8239
ConvolutionalEncoder,1,234,-0.7044,-0.7725,0.85803,0.82732
ConvolutionalEncoder,1,235,-0.69353,-0.74194,0.82058,0.82664
ConvolutionalEncoder,1,236,-0.72376,-0.69032,0.82128,0.82611
ConvolutionalEncoder,1,237,-0.69364,-0.67787,0.76765,0.82026
ConvolutionalEncoder,1,238,-0.70678,-0.7239,0.85054,0.82329
ConvolutionalEncoder,1,239,-0.72172,-0.73968,0.85221,0.82618
ConvolutionalEncoder,1,240,-0.72045,-0.76944,0.84032,0.8276
ConvolutionalEncoder,1,241,-0.71813,-0.71016,0.84375,0.82921
ConvolutionalEncoder,1,242,-0.71768,-0.76715,0.85553,0.83184
ConvolutionalEncoder,1,243,-0.69311,-0.73105,0.85112,0.83377
ConvolutionalEncoder,1,244,-0.71808,-0.77408,0.83295,0.83369
ConvolutionalEncoder,1,245,-0.70034,-0.73673,0.81156,0.83148
ConvolutionalEncoder,1,246,-0.70422,-0.73859,0.85962,0.83429
ConvolutionalEncoder,1,247,-0.70496,-0.74766,0.87977,0.83884
ConvolutionalEncoder,1,248,-0.71233,-0.70072,0.84097,0.83905
ConvolutionalEncoder,1,249,-0.71198,-0.68083,0.82767,0.83791
ConvolutionalEncoder,1,250,-0.70616,-0.70501,0.81451,0.83557
ConvolutionalEncoder,1,251,-0.71642,-0.72166,0.83908,0.83592
ConvolutionalEncoder,1,252,-0.69504,-0.73533,0.83126,0.83546
ConvolutionalEncoder,1,253,-0.71478,-0.72203,0.8217,0.83408
ConvolutionalEncoder,1,254,-0.70639,-0.79915,0.87278,0.83795
ConvolutionalEncoder,1,255,-0.73067,-0.75986,0.85543,0.8397
ConvolutionalEncoder,1,256,-0.70359,-0.75525,0.86197,0.84193
ConvolutionalEncoder,1,257,-0.73422,-0.67584,0.78633,0.83637
ConvolutionalEncoder,1,258,-0.69402,-0.71212,0.79689,0.83242
ConvolutionalEncoder,1,259,-0.71668,-0.76397,0.83714,0.83289
ConvolutionalEncoder,1,260,-0.72743,-0.68062,0.76616,0.82622
ConvolutionalEncoder,1,261,-0.71516,-0.76729,0.88216,0.83181
ConvolutionalEncoder,1,262,-0.73355,-0.71541,0.84567,0.8332
ConvolutionalEncoder,1,263,-0.74054,-0.71472,0.82322,0.8322
ConvolutionalEncoder,1,264,-0.70186,-0.75812,0.87424,0.8364
ConvolutionalEncoder,1,265,-0.71124,-0.72559,0.85121,0.83788
ConvolutionalEncoder,1,266,-0.70651,-0.74259,0.78602,0.8327
ConvolutionalEncoder,1,267,-0.70194,-0.70255,0.87627,0.83706
ConvolutionalEncoder,1,268,-0.70398,-0.72114,0.8516,0.83851
ConvolutionalEncoder,1,269,-0.7191,-0.73314,0.86562,0.84122
ConvolutionalEncoder,1,270,-0.7444,-0.77013,0.85497,0.8426
ConvolutionalEncoder,1,271,-0.73075,-0.74979,0.83403,0.84174
ConvolutionalEncoder,1,272,-0.71637,-0.74658,0.85694,0.84326
ConvolutionalEncoder,1,273,-0.68804,-0.74356,0.84781,0.84371
ConvolutionalEncoder,1,274,-0.70794,-0.75809,0.85699,0.84504
ConvolutionalEncoder,1,275,-0.73227,-0.74659,0.8667,0.84721
ConvolutionalEncoder,1,276,-0.71592,-0.75337,0.77337,0.83982
ConvolutionalEncoder,1,277,-0.73251,-0.72242,0.81198,0.83704
ConvolutionalEncoder,1,278,-0.74177,-0.76332,0.82061,0.8354
ConvolutionalEncoder,1,279,-0.71299,-0.75741,0.84438,0.83629
ConvolutionalEncoder,1,280,-0.7036,-0.74207,0.85444,0.83811
ConvolutionalEncoder,1,281,-0.72274,-0.73306,0.85039,0.83934
ConvolutionalEncoder,1,282,-0.73193,-0.78048,0.87708,0.84311
ConvolutionalEncoder,1,283,-0.7078,-0.71804,0.8295,0.84175
ConvolutionalEncoder,1,284,-0.72942,-0.73489,0.81375,0.83895
ConvolutionalEncoder,1,285,-0.73205,-0.71493,0.80293,0.83535
ConvolutionalEncoder,1,286,-0.75005,-0.72463,0.87637,0.83945
ConvolutionalEncoder,1,287,-0.75719,-0.7119,0.82873,0.83838
ConvolutionalEncoder,1,288,-0.7545,-0.75665,0.88465,0.84301
ConvolutionalEncoder,1,289,-0.73993,-0.7268,0.85956,0.84466
ConvolutionalEncoder,1,290,-0.71996,-0.79332,0.87469,0.84766
ConvolutionalEncoder,1,291,-0.72238,-0.67447,0.80101,0.843
ConvolutionalEncoder,1,292,-0.72735,-0.71753,0.85837,0.84454
ConvolutionalEncoder,1,293,-0.73485,-0.71627,0.8207,0.84215
ConvolutionalEncoder,1,294,-0.7351,-0.77132,0.86831,0.84477
ConvolutionalEncoder,1,295,-0.73986,-0.70921,0.84164,0.84445
ConvolutionalEncoder,1,296,-0.74105,-0.70589,0.84511,0.84452
ConvolutionalEncoder,1,297,-0.72482,-0.73141,0.88152,0.84822
ConvolutionalEncoder,1,298,-0.71319,-0.74432,0.81227,0.84462
ConvolutionalEncoder,1,299,-0.74488,-0.72684,0.84713,0.84487
ConvolutionalEncoder,1,300,-0.73058,-0.77143,0.8625,0.84664
ConvolutionalEncoder,2,1,-0.23336,-0.35172,0.30165,0.30165
ConvolutionalEncoder,2,2,-0.42781,-0.46711,0.51011,0.32249
ConvolutionalEncoder,2,3,-0.45121,-0.54756,0.59497,0.34974
ConvolutionalEncoder,2,4,-0.50465,-0.56225,0.58997,0.37377
ConvolutionalEncoder,2,5,-0.52149,-0.51777,0.576,0.39399
ConvolutionalEncoder,2,6,-0.50495,-0.55496,0.58957,0.41355
ConvolutionalEncoder,2,7,-0.52953,-0.51415,0.59756,0.43195
ConvolutionalEncoder,2,8,-0.55501,-0.50332,0.55878,0.44463
ConvolutionalEncoder,2,9,-0.5287,-0.56865,0.63473,0.46364
ConvolutionalEncoder,2,10,-0.52814,-0.61116,0.65441,0.48272
ConvolutionalEncoder,2,11,-0.58047,-0.54848,0.6038,0.49483
ConvolutionalEncoder,2,12,-0.54556,-0.59954,0.64918,0.51026
ConvolutionalEncoder,2,13,-0.54965,-0.52963,0.58587,0.51782
ConvolutionalEncoder,2,14,-0.54725,-0.59846,0.64719,0.53076
ConvolutionalEncoder,2,15,-0.58743,-0.6595,0.73334,0.55102
ConvolutionalEncoder,2,16,-0.61171,-0.59309,0.63033,0.55895
ConvolutionalEncoder,2,17,-0.60063,-0.61582,0.69104,0.57216
ConvolutionalEncoder,2,18,-0.59594,-0.57574,0.68583,0.58353
ConvolutionalEncoder,2,19,-0.59029,-0.61821,0.73259,0.59843
ConvolutionalEncoder,2,20,-0.55666,-0.59546,0.6694,0.60553
ConvolutionalEncoder,2,21,-0.56899,-0.57833,0.67785,0.61276
ConvolutionalEncoder,2,22,-0.62042,-0.66421,0.72425,0.62391
ConvolutionalEncoder,2,23,-0.59628,-0.62511,0.70994,0.63251
ConvolutionalEncoder,2,24,-0.64227,-0.65316,0.73998,0.64326
ConvolutionalEncoder,2,25,-0.60645,-0.61759,0.69064,0.648
ConvolutionalEncoder,2,26,-0.59167,-0.51245,0.58831,0.64203
ConvolutionalEncoder,2,27,-0.57264,-0.59682,0.64022,0.64185
ConvolutionalEncoder,2,28,-0.62969,-0.63451,0.71391,0.64905
ConvolutionalEncoder,2,29,-0.60969,-0.62582,0.66941,0.65109
ConvolutionalEncoder,2,30,-0.63741,-0.64218,0.66133,0.65211
ConvolutionalEncoder,2,31,-0.60926,-0.59719,0.72671,0.65957
ConvolutionalEncoder,2,32,-0.61359,-0.67961,0.73944,0.66756
ConvolutionalEncoder,2,33,-0.64236,-0.69307,0.74818,0.67562
ConvolutionalEncoder,2,34,-0.63455,-0.6794,0.73633,0.68169
ConvolutionalEncoder,2,35,-0.62931,-0.62215,0.76602,0.69013
ConvolutionalEncoder,2,36,-0.66087,-0.68616,0.72591,0.6937
ConvolutionalEncoder,2,37,-0.65257,-0.64288,0.74628,0.69896
ConvolutionalEncoder,2,38,-0.62083,-0.65939,0.74653,0.70372
ConvolutionalEncoder,2,39,-0.60468,-0.63409,0.71219,0.70457
ConvolutionalEncoder,2,40,-0.60112,-0.63472,0.71228,0.70534
ConvolutionalEncoder,2,41,-0.62305,-0.64501,0.74451,0.70925
ConvolutionalEncoder,2,42,-0.6569,-0.67361,0.73012,0.71134
ConvolutionalEncoder,2,43,-0.64449,-0.66087,0.72134,0.71234
ConvolutionalEncoder,2,44,-0.5888,-0.64448,0.65431,0.70654
ConvolutionalEncoder,2,45,-0.63226,-0.60872,0.72018,0.7079
ConvolutionalEncoder,2,46,-0.60167,-0.6483,0.71668,0.70878
ConvolutionalEncoder,2,47,-0.63322,-0.63694,0.74488,0.71239
ConvolutionalEncoder,2,48,-0.62961,-0.6711,0.74646,0.7158
ConvolutionalEncoder,2,49,-0.67552,-0.64924,0.71045,0.71526
ConvolutionalEncoder,2,50,-0.60793,-0.61584,0.76813,0.72055
ConvolutionalEncoder,2,51,-0.61437,-0.6473,0.7353,0.72202
ConvolutionalEncoder,2,52,-0.64683,-0.68616,0.75081,0.7249
ConvolutionalEncoder,2,53,-0.60872,-0.60924,0.70607,0.72302
ConvolutionalEncoder,2,54,-0.6143,-0.65523,0.7794,0.72866
ConvolutionalEncoder,2,55,-0.63051,-0.65005,0.8092,0.73671
ConvolutionalEncoder,2,56,-0.63279,-0.62075,0.73906,0.73695
ConvolutionalEncoder,2,57,-0.64616,-0.70127,0.78109,0.74136
ConvolutionalEncoder,2,58,-0.65605,-0.63246,0.76331,0.74356
ConvolutionalEncoder,2,59,-0.68725,-0.74381,0.80034,0.74924
ConvolutionalEncoder,2,60,-0.64871,-0.63455,0.72329,0.74664
ConvolutionalEncoder,2,61,-0.67523,-0.64018,0.77064,0.74904
ConvolutionalEncoder,2,62,-0.67787,-0.58985,0.70656,0.74479
ConvolutionalEncoder,2,63,-0.65719,-0.69802,0.72575,0.74289
ConvolutionalEncoder,2,64,-0.64998,-0.64889,0.73086,0.74169
ConvolutionalEncoder,2,65,-0.65729,-0.62159,0.71738,0.73926
ConvolutionalEncoder,2,66,-0.63789,-0.59166,0.74601,0.73993
ConvolutionalEncoder,2,67,-0.64999,-0.70973,0.73533,0.73947
ConvolutionalEncoder,2,68,-0.62679,-0.66391,0.72248,0.73777
ConvolutionalEncoder,2,69,-0.62136,-0.64499,0.63926,0.72792
ConvolutionalEncoder,2,70,-0.64072,-0.67324,0.75706,0.73083
ConvolutionalEncoder,2,71,-0.67972,-0.693,0.78504,0.73625
ConvolutionalEncoder,2,72,-0.6886,-0.67762,0.72561,0.73519
ConvolutionalEncoder,2,73,-0.68044,-0.71105,0.77976,0.73965
ConvolutionalEncoder,2,74,-0.67502,-0.67478,0.72789,0.73847
ConvolutionalEncoder,2,75,-0.6653,-0.67842,0.75848,0.74047
ConvolutionalEncoder,2,76,-0.6741,-0.65891,0.74144,0.74057
ConvolutionalEncoder,2,77,-0.6994,-0.62637,0.75318,0.74183
ConvolutionalEncoder,2,78,-0.67818,-0.68116,0.80849,0.7485
ConvolutionalEncoder,2,79,-0.67654,-0.63437,0.73123,0.74677
ConvolutionalEncoder,2,80,-0.65648,-0.70137,0.79056,0.75115
ConvolutionalEncoder,2,81,-0.66286,-0.67448,0.75135,0.75117
ConvolutionalEncoder,2,82,-0.67911,-0.72833,0.7388,0.74993
ConvolutionalEncoder,2,83,-0.66108,-0.63715,0.77756,0.75269
ConvolutionalEncoder,2,84,-0.64347,-0.62393,0.62789,0.74021
ConvolutionalEncoder,2,85,-0.68212,-0.64975,0.71178,0.73737
ConvolutionalEncoder,2,86,-0.68736,-0.71676,0.76265,0.7399
ConvolutionalEncoder,2,87,-0.66507,-0.6795,0.77519,0.74343
ConvolutionalEncoder,2,88,-0.70181,-0.72852,0.79811,0.74889
ConvolutionalEncoder,2,89,-0.67867,-0.66431,0.68765,0.74277
ConvolutionalEncoder,2,90,-0.66677,-0.7232,0.80139,0.74863
ConvolutionalEncoder,2,91,-0.68443,-0.63066,0.61182,0.73495
ConvolutionalEncoder,2,92,-0.64428,-0.67673,0.73694,0.73515
ConvolutionalEncoder,2,93,-0.66597,-0.68094,0.80379,0.74201
ConvolutionalEncoder,2,94,-0.6858,-0.68008,0.70189,0.738
ConvolutionalEncoder,2,95,-0.64545,-0.66262,0.76739,0.74094
ConvolutionalEncoder,2,96,-0.66005,-0.64473,0.73374,0.74022
ConvolutionalEncoder,2,97,-0.66447,-0.63407,0.65633,0.73183
ConvolutionalEncoder,2,98,-0.68167,-0.65551,0.78627,0.73728
ConvolutionalEncoder,2,99,-0.66466,-0.62113,0.71544,0.73509
ConvolutionalEncoder,2,100,-0.65197,-0.62853,0.7481,0.73639
ConvolutionalEncoder,2,101,-0.65976,-0.67817,0.75154,0.73791
ConvolutionalEncoder,2,102,-0.66017,-0.62158,0.75348,0.73946
ConvolutionalEncoder,2,103,-0.66079,-0.66151,0.624,0.72792
ConvolutionalEncoder,2,104,-0.6945,-0.72628,0.82344,0.73747
ConvolutionalEncoder,2,105,-0.66896,-0.6321,0.71587,0.73531
ConvolutionalEncoder,2,106,-0.68838,-0.6444,0.72202,0.73398
ConvolutionalEncoder,2,107,-0.66501,-0.71922,0.80543,0.74113
ConvolutionalEncoder,2,108,-0.62864,-0.65997,0.68449,0.73546
ConvolutionalEncoder,2,109,-0.66589,-0.65184,0.73817,0.73573
ConvolutionalEncoder,2,110,-0.67023,-0.63284,0.72915,0.73507
ConvolutionalEncoder,2,111,-0.67377,-0.67676,0.74744,0.73631
ConvolutionalEncoder,2,112,-0.69737,-0.68316,0.76298,0.73898
ConvolutionalEncoder,2,113,-0.68095,-0.71775,0.8069,0.74577
ConvolutionalEncoder,2,114,-0.69931,-0.60356,0.56311,0.72751
ConvolutionalEncoder,2,115,-0.65578,-0.67879,0.71938,0.72669
ConvolutionalEncoder,2,116,-0.66184,-0.67842,0.72141,0.72616
ConvolutionalEncoder,2,117,-0.66143,-0.67354,0.7213,0.72568
ConvolutionalEncoder,2,118,-0.69216,-0.67641,0.82473,0.73558
ConvolutionalEncoder,2,119,-0.67362,-0.6561,0.81346,0.74337
ConvolutionalEncoder,2,120,-0.67135,-0.67363,0.77819,0.74685
ConvolutionalEncoder,2,121,-0.67859,-0.69739,0.77747,0.74991
ConvolutionalEncoder,2,122,-0.68203,-0.71437,0.71762,0.74668
ConvolutionalEncoder,2,123,-0.67227,-0.64937,0.75854,0.74787
ConvolutionalEncoder,2,124,-0.65331,-0.70564,0.75446,0.74853
ConvolutionalEncoder,2,125,-0.67954,-0.68746,0.70138,0.74381
ConvolutionalEncoder,2,126,-0.69025,-0.7112,0.73571,0.743
ConvolutionalEncoder,2,127,-0.66736,-0.68042,0.70504,0.73921
ConvolutionalEncoder,2,128,-0.70906,-0.70403,0.77754,0.74304
ConvolutionalEncoder,2,129,-0.68657,-0.59095,0.66605,0.73534
ConvolutionalEncoder,2,130,-0.69642,-0.67451,0.78389,0.7402
ConvolutionalEncoder,2,131,-0.70497,-0.71511,0.76769,0.74295
ConvolutionalEncoder,2,132,-0.66675,-0.68987,0.79863,0.74851
ConvolutionalEncoder,2,133,-0.6861,-0.68644,0.72567,0.74623
ConvolutionalEncoder,2,134,-0.7102,-0.68717,0.73441,0.74505
ConvolutionalEncoder,2,135,-0.69124,-0.69413,0.80533,0.75108
ConvolutionalEncoder,2,136,-0.69228,-0.66229,0.73287,0.74926
ConvolutionalEncoder,2,137,-0.70825,-0.74625,0.79234,0.75356
ConvolutionalEncoder,2,138,-0.69852,-0.65012,0.77351,0.75556
ConvolutionalEncoder,2,139,-0.68525,-0.66435,0.69969,0.74997
ConvolutionalEncoder,2,140,-0.69585,-0.69064,0.76135,0.75111
ConvolutionalEncoder,2,141,-0.67324,-0.75752,0.84491,0.76049
ConvolutionalEncoder,2,142,-0.70178,-0.68166,0.79891,0.76433
ConvolutionalEncoder,2,143,-0.70931,-0.64247,0.76828,0.76473
ConvolutionalEncoder,2,144,-0.71285,-0.71357,0.8376,0.77201
ConvolutionalEncoder,2,145,-0.69652,-0.64703,0.72115,0.76693
ConvolutionalEncoder,2,146,-0.68878,-0.68482,0.75877,0.76611
ConvolutionalEncoder,2,147,-0.65772,-0.69145,0.79552,0.76905
ConvolutionalEncoder,2,148,-0.6815,-0.7158,0.75958,0.76811
ConvolutionalEncoder,2,149,-0.68176,-0.72553,0.82419,0.77371
ConvolutionalEncoder,2,150,-0.69577,-0.70953,0.80973,0.77732
ConvolutionalEncoder,2,151,-0.66393,-0.65955,0.77004,0.77659
ConvolutionalEncoder,2,152,-0.69607,-0.69065,0.77443,0.77637
ConvolutionalEncoder,2,153,-0.68134,-0.67037,0.73939,0.77267
ConvolutionalEncoder,2,154,-0.69779,-0.70246,0.8272,0.77813
ConvolutionalEncoder,2,155,-0.70727,-0.69936,0.79112,0.77943
ConvolutionalEncoder,2,156,-0.70124,-0.70832,0.74283,0.77577
ConvolutionalEncoder,2,157,-0.688,-0.6719,0.71198,0.76939
ConvolutionalEncoder,2,158,-0.67455,-0.60597,0.67339,0.75979
ConvolutionalEncoder,2,159,-0.64441,-0.6813,0.6984,0.75365
ConvolutionalEncoder,2,160,-0.68506,-0.70083,0.80524,0.75881
ConvolutionalEncoder,2,161,-0.6847,-0.67366,0.75473,0.7584
ConvolutionalEncoder,2,162,-0.69531,-0.67998,0.7478,0.75734
ConvolutionalEncoder,2,163,-0.67351,-0.68366,0.65608,0.74721
ConvolutionalEncoder,2,164,-0.70307,-0.70571,0.73119,0.74561
ConvolutionalEncoder,2,165,-0.71538,-0.69436,0.71719,0.74277
ConvolutionalEncoder,2,166,-0.66954,-0.7639,0.81259,0.74975
ConvolutionalEncoder,2,167,-0.69057,-0.66067,0.71647,0.74642
ConvolutionalEncoder,2,168,-0.65272,-0.69756,0.80499,0.75228
ConvolutionalEncoder,2,169,-0.67489,-0.73569,0.81047,0.7581
ConvolutionalEncoder,2,170,-0.68376,-0.67498,0.71434,0.75372
ConvolutionalEncoder,2,171,-0.70656,-0.67828,0.78455,0.75681
ConvolutionalEncoder,2,172,-0.66454,-0.66546,0.78321,0.75945
ConvolutionalEncoder,2,173,-0.69017,-0.65526,0.73308,0.75681
ConvolutionalEncoder,2,174,-0.67216,-0.72694,0.79477,0.76061
ConvolutionalEncoder,2,175,-0.6897,-0.64971,0.72143,0.75669
ConvolutionalEncoder,2,176,-0.68921,-0.65231,0.71324,0.75234
ConvolutionalEncoder,2,177,-0.67946,-0.75722,0.83133,0.76024
ConvolutionalEncoder,2,178,-0.69209,-0.70911,0.79434,0.76365
ConvolutionalEncoder,2,179,-0.6791,-0.64952,0.80002,0.76729
ConvolutionalEncoder,2,180,-0.69152,-0.7075,0.80105,0.77066
ConvolutionalEncoder,2,181,-0.70712,-0.668,0.78328,0.77193
ConvolutionalEncoder,2,182,-0.70178,-0.7048,0.76869,0.7716
ConvolutionalEncoder,2,183,-0.71064,-0.72823,0.80897,0.77534
ConvolutionalEncoder,2,184,-0.70411,-0.69578,0.85205,0.78301
ConvolutionalEncoder,2,185,-0.70145,-0.67602,0.71446,0.77615
ConvolutionalEncoder,2,186,-0.71663,-0.72104,0.77646,0.77619
ConvolutionalEncoder,2,187,-0.73399,-0.70342,0.7287,0.77144
ConvolutionalEncoder,2,188,-0.69521,-0.71253,0.8249,0.77678
ConvolutionalEncoder,2,189,-0.69329,-0.66879,0.74991,0.7741
ConvolutionalEncoder,2,190,-0.71695,-0.71805,0.74442,0.77113
ConvolutionalEncoder,2,191,-0.6942,-0.71299,0.79657,0.77367
ConvolutionalEncoder,2,192,-0.71108,-0.66777,0.7426,0.77056
ConvolutionalEncoder,2,193,-0.69181,-0.65709,0.64884,0.75839
ConvolutionalEncoder,2,194,-0.69554,-0.66448,0.76114,0.75867
ConvolutionalEncoder,2,195,-0.71891,-0.71373,0.79987,0.76279
ConvolutionalEncoder,2,196,-0.67887,-0.70166,0.79214,0.76572
ConvolutionalEncoder,2,197,-0.70921,-0.69139,0.74433,0.76358
ConvolutionalEncoder,2,198,-0.69197,-0.67723,0.74023,0.76125
ConvolutionalEncoder,2,199,-0.71362,-0.69711,0.78742,0.76387
ConvolutionalEncoder,2,200,-0.69034,-0.69527,0.7968,0.76716
ConvolutionalEncoder,2,201,-0.68459,-0.65542,0.68104,0.75855
ConvolutionalEncoder,2,202,-0.71744,-0.72714,0.77646,0.76034
ConvolutionalEncoder,2,203,-0.70353,-0.74975,0.80289,0.76459
ConvolutionalEncoder,2,204,-0.73057,-0.69507,0.75344,0.76348
ConvolutionalEncoder,2,205,-0.72312,-0.68942,0.72963,0.76009
ConvolutionalEncoder,2,206,-0.69309,-0.72971,0.8056,0.76464
ConvolutionalEncoder,2,207,-0.68719,-0.67118,0.70534,0.75871
ConvolutionalEncoder,2,208,-0.72089,-0.71289,0.81214,0.76406
ConvolutionalEncoder,2,209,-0.72736,-0.68948,0.85153,0.7728
ConvolutionalEncoder,2,210,-0.68376,-0.67767,0.79651,0.77517
ConvolutionalEncoder,2,211,-0.71377,-0.66271,0.67559,0.76522
ConvolutionalEncoder,2,212,-0.71307,-0.73888,0.76403,0.7651
ConvolutionalEncoder,2,213,-0.72239,-0.65173,0.75693,0.76428
ConvolutionalEncoder,2,214,-0.71034,-0.62126,0.75017,0.76287
ConvolutionalEncoder,2,215,-0.71748,-0.67206,0.77424,0.76401
ConvolutionalEncoder,2,216,-0.71607,-0.66769,0.78832,0.76644
ConvolutionalEncoder,2,217,-0.71968,-0.74166,0.79074,0.76887
ConvolutionalEncoder,2,218,-0.71023,-0.66495,0.73367,0.76535
ConvolutionalEncoder,2,219,-0.71814,-0.69619,0.81786,0.7706
ConvolutionalEncoder,2,220,-0.70808,-0.67584,0.74307,0.76785
ConvolutionalEncoder,2,221,-0.6985,-0.74183,0.80147,0.77121
ConvolutionalEncoder,2,222,-0.70334,-0.68832,0.79529,0.77362
ConvolutionalEncoder,2,223,-0.70265,-0.71514,0.79343,0.7756
ConvolutionalEncoder,2,224,-0.68665,-0.70583,0.7521,0.77325
ConvolutionalEncoder,2,225,-0.73243,-0.67767,0.69171,0.76509
ConvolutionalEncoder,2,226,-0.70178,-0.71358,0.78329,0.76691
ConvolutionalEncoder,2,227,-0.69854,-0.69595,0.77084,0.76731
ConvolutionalEncoder,2,228,-0.71938,-0.74035,0.75349,0.76592
ConvolutionalEncoder,2,229,-0.71355,-0.63121,0.74105,0.76344
ConvolutionalEncoder,2,230,-0.71985,-0.7015,0.80571,0.76766
ConvolutionalEncoder,2,231,-0.74814,-0.72657,0.80389,0.77129
ConvolutionalEncoder,2,232,-0.73483,-0.65395,0.73473,0.76763
ConvolutionalEncoder,2,233,-0.7074,-0.66815,0.76148,0.76702
ConvolutionalEncoder,2,234,-0.70357,-0.63972,0.71642,0.76196
ConvolutionalEncoder,2,235,-0.71441,-0.65951,0.7825,0.76401
ConvolutionalEncoder,2,236,-0.70725,-0.68495,0.76114,0.76372
ConvolutionalEncoder,2,237,-0.68788,-0.73148,0.83566,0.77092
ConvolutionalEncoder,2,238,-0.72777,-0.70824,0.8191,0.77574
ConvolutionalEncoder,2,239,-0.71464,-0.70589,0.8194,0.7801
ConvolutionalEncoder,2,240,-0.7185,-0.68094,0.74936,0.77703
ConvolutionalEncoder,2,241,-0.70224,-0.72429,0.79795,0.77912
ConvolutionalEncoder,2,242,-0.69815,-0.67816,0.76624,0.77783
ConvolutionalEncoder,2,243,-0.71962,-0.69541,0.79178,0.77923
ConvolutionalEncoder,2,244,-0.72925,-0.67313,0.77481,0.77879
ConvolutionalEncoder,2,245,-0.7155,-0.68394,0.8425,0.78516
ConvolutionalEncoder,2,246,-0.72814,-0.74325,0.8493,0.79157
ConvolutionalEncoder,2,247,-0.74834,-0.68319,0.82608,0.79502
ConvolutionalEncoder,2,248,-0.70849,-0.74133,0.788,0.79432
ConvolutionalEncoder,2,249,-0.73728,-0.71828,0.8352,0.79841
ConvolutionalEncoder,2,250,-0.73689,-0.70919,0.78706,0.79727
ConvolutionalEncoder,2,251,-0.73111,-0.69938,0.7964,0.79719
ConvolutionalEncoder,2,252,-0.72934,-0.67588,0.76088,0.79355
ConvolutionalEncoder,2,253,-0.71209,-0.67037,0.80063,0.79426
ConvolutionalEncoder,2,254,-0.73245,-0.69745,0.75931,0.79077
ConvolutionalEncoder,2,255,-0.71169,-0.72488,0.80901,0.79259
ConvolutionalEncoder,2,256,-0.71174,-0.66467,0.80612,0.79394
ConvolutionalEncoder,2,257,-0.70995,-0.68963,0.8053,0.79508
ConvolutionalEncoder,2,258,-0.71495,-0.66433,0.71546,0.78712
ConvolutionalEncoder,2,259,-0.71254,-0.71938,0.78619,0.78702
ConvolutionalEncoder,2,260,-0.74412,-0.70482,0.78235,0.78656
ConvolutionalEncoder,2,261,-0.71261,-0.68351,0.82748,0.79065
ConvolutionalEncoder,2,262,-0.75799,-0.75956,0.83309,0.79489
ConvolutionalEncoder,2,263,-0.73213,-0.67254,0.77721,0.79313
ConvolutionalEncoder,2,264,-0.73345,-0.72988,0.81925,0.79574
ConvolutionalEncoder,2,265,-0.73559,-0.7135,0.85975,0.80214
ConvolutionalEncoder,2,266,-0.72133,-0.72957,0.84572,0.8065
ConvolutionalEncoder,2,267,-0.73869,-0.70893,0.82959,0.80881
ConvolutionalEncoder,2,268,-0.71633,-0.7346,0.80128,0.80805
ConvolutionalEncoder,2,269,-0.7336,-0.74707,0.8412,0.81137
ConvolutionalEncoder,2,270,-0.73179,-0.75219,0.83962,0.81419
ConvolutionalEncoder,2,271,-0.70611,-0.69119,0.72706,0.80548
ConvolutionalEncoder,2,272,-0.73164,-0.66979,0.7962,0.80455
ConvolutionalEncoder,2,273,-0.73129,-0.74598,0.81017,0.80511
ConvolutionalEncoder,2,274,-0.7191,-0.69958,0.82478,0.80708
ConvolutionalEncoder,2,275,-0.72696,-0.69695,0.78187,0.80456
ConvolutionalEncoder,2,276,-0.7155,-0.67968,0.75803,0.79991
ConvolutionalEncoder,2,277,-0.73349,-0.68927,0.79432,0.79935
ConvolutionalEncoder,2,278,-0.71439,-0.7143,0.81584,0.801
ConvolutionalEncoder,2,279,-0.73923,-0.71296,0.81267,0.80216
ConvolutionalEncoder,2,280,-0.75053,-0.7281,0.74043,0.79599
ConvolutionalEncoder,2,281,-0.71655,-0.75111,0.78866,0.79526
ConvolutionalEncoder,2,282,-0.73594,-0.69474,0.73411,0.78914
ConvolutionalEncoder,2,283,-0.75084,-0.6708,0.73841,0.78407
ConvolutionalEncoder,2,284,-0.71636,-0.71927,0.73223,0.77889
ConvolutionalEncoder,2,285,-0.72305,-0.73283,0.80548,0.78155
ConvolutionalEncoder,2,286,-0.73941,-0.69909,0.78471,0.78186
ConvolutionalEncoder,2,287,-0.74709,-0.72241,0.80679,0.78435
ConvolutionalEncoder,2,288,-0.74168,-0.73471,0.82092,0.78801
ConvolutionalEncoder,2,289,-0.74176,-0.75783,0.81533,0.79074
ConvolutionalEncoder,2,290,-0.71902,-0.65635,0.69674,0.78134
ConvolutionalEncoder,2,291,-0.73489,-0.75011,0.84449,0.78766
ConvolutionalEncoder,2,292,-0.71541,-0.72781,0.7834,0.78723
ConvolutionalEncoder,2,293,-0.74663,-0.70789,0.82572,0.79108
ConvolutionalEncoder,2,294,-0.76025,-0.70789,0.75874,0.78785
ConvolutionalEncoder,2,295,-0.73722,-0.62977,0.80349,0.78941
ConvolutionalEncoder,2,296,-0.75585,-0.71783,0.86065,0.79653
ConvolutionalEncoder,2,297,-0.73228,-0.75627,0.83546,0.80043
ConvolutionalEncoder,2,298,-0.72186,-0.72534,0.79681,0.80007
ConvolutionalEncoder,2,299,-0.75406,-0.71519,0.80484,0.80054
ConvolutionalEncoder,2,300,-0.74108,-0.78586,0.82568,0.80306
ConvolutionalEncoder,3,1,-0.24626,-0.37567,0.44543,0.44543
ConvolutionalEncoder,3,2,-0.37855,-0.48274,0.55064,0.45595
ConvolutionalEncoder,3,3,-0.43376,-0.39884,0.35077,0.44544
ConvolutionalEncoder,3,4,-0.48378,-0.60503,0.68764,0.46966
ConvolutionalEncoder,3,5,-0.48604,-0.54165,0.63288,0.48598
ConvolutionalEncoder,3,6,-0.5222,-0.51127,0.5125,0.48863
ConvolutionalEncoder,3,7,-0.52831,-0.55143,0.60759,0.50053
ConvolutionalEncoder,3,8,-0.51701,-0.58182,0.64746,0.51522
ConvolutionalEncoder,3,9,-0.5206,-0.51829,0.57063,0.52076
ConvolutionalEncoder,3,10,-0.51501,-0.61508,0.59728,0.52841
ConvolutionalEncoder,3,11,-0.52487,-0.5397,0.58036,0.53361
ConvolutionalEncoder,3,12,-0.52394,-0.56284,0.50517,0.53077
ConvolutionalEncoder,3,13,-0.53817,-0.57769,0.69327,0.54702
ConvolutionalEncoder,3,14,-0.57622,-0.60896,0.63719,0.55603
ConvolutionalEncoder,3,15,-0.55952,-0.56628,0.61553,0.56198
ConvolutionalEncoder,3,16,-0.55364,-0.62004,0.63882,0.56967
ConvolutionalEncoder,3,17,-0.60424,-0.50917,0.52428,0.56513
ConvolutionalEncoder,3,18,-0.58085,-0.6279,0.68194,0.57681
ConvolutionalEncoder,3,19,-0.56302,-0.56717,0.58838,0.57797
ConvolutionalEncoder,3,20,-0.54865,-0.63921,0.72253,0.59242
ConvolutionalEncoder,3,21,-0.59082,-0.61539,0.643,0.59748
ConvolutionalEncoder,3,22,-0.5716,-0.54635,0.59067,0.5968
ConvolutionalEncoder,3,23,-0.59699,-0.67362,0.76265,0.61338
ConvolutionalEncoder,3,24,-0.60572,-0.63067,0.72775,0.62482
ConvolutionalEncoder,3,25,-0.61347,-0.62559,0.67926,0.63026
ConvolutionalEncoder,3,26,-0.59029,-0.6087,0.67442,0.63468
ConvolutionalEncoder,3,27,-0.58992,-0.67819,0.7478,0.64599
ConvolutionalEncoder,3,28,-0.56832,-0.56082,0.69525,0.65092
ConvolutionalEncoder,3,29,-0.55702,-0.6261,0.60445,0.64627
ConvolutionalEncoder,3,30,-0.5816,-0.59371,0.63051,0.6447
ConvolutionalEncoder,3,31,-0.57591,-0.64505,0.64775,0.645
ConvolutionalEncoder,3,32,-0.60279,-0.66211,0.74429,0.65493
ConvolutionalEncoder,3,33,-0.65061,-0.62427,0.658,0.65524
ConvolutionalEncoder,3,34,-0.63714,-0.68083,0.8032,0.67003
ConvolutionalEncoder,3,35,-0.63981,-0.60609,0.63628,0.66666
ConvolutionalEncoder,3,36,-0.63924,-0.66289,0.63445,0.66344
ConvolutionalEncoder,3,37,-0.65043,-0.6638,0.73896,0.67099
ConvolutionalEncoder,3,38,-0.62885,-0.64992,0.73626,0.67751
ConvolutionalEncoder,3,39,-0.637,-0.66414,0.78085,0.68785
ConvolutionalEncoder,3,40,-0.62675,-0.68318,0.80397,0.69946
ConvolutionalEncoder,3,41,-0.6341,-0.64006,0.64985,0.6945
ConvolutionalEncoder,3,42,-0.62706,-0.67906,0.76833,0.70188
ConvolutionalEncoder,3,43,-0.62451,-0.67361,0.76561,0.70826
ConvolutionalEncoder,3,44,-0.67167,-0.58982,0.56006,0.69344
ConvolutionalEncoder,3,45,-0.6411,-0.62661,0.65181,0.68927
ConvolutionalEncoder,3,46,-0.6439,-0.61548,0.61541,0.68189
ConvolutionalEncoder,3,47,-0.63879,-0.613,0.67343,0.68104
ConvolutionalEncoder,3,48,-0.60658,-0.64858,0.63984,0.67692
ConvolutionalEncoder,3,49,-0.61473,-0.63199,0.67765,0.67699
ConvolutionalEncoder,3,50,-0.66117,-0.58237,0.61062,0.67036
ConvolutionalEncoder,3,51,-0.63272,-0.67859,0.70109,0.67343
ConvolutionalEncoder,3,52,-0.60679,-0.72835,0.79827,0.68591
ConvolutionalEncoder,3,53,-0.61692,-0.62321,0.67697,0.68502
ConvolutionalEncoder,3,54,-0.65166,-0.70325,0.76507,0.69302
ConvolutionalEncoder,3,55,-0.64921,-0.72069,0.73012,0.69673
ConvolutionalEncoder,3,56,-0.6409,-0.717,0.81746,0.70881
ConvolutionalEncoder,3,57,-0.64734,-0.64885,0.73548,0.71147
ConvolutionalEncoder,3,58,-0.63227,-0.62925,0.68784,0.70911
ConvolutionalEncoder,3,59,-0.65258,-0.68201,0.68853,0.70705
ConvolutionalEncoder,3,60,-0.6395,-0.64716,0.64115,0.70046
ConvolutionalEncoder,3,61,-0.65388,-0.6518,0.68356,0.69877
ConvolutionalEncoder,3,62,-0.63679,-0.63682,0.68072,0.69697
ConvolutionalEncoder,3,63,-0.65452,-0.70757,0.66577,0.69385
ConvolutionalEncoder,3,64,-0.67302,-0.69048,0.74393,0.69886
ConvolutionalEncoder,3,65,-0.67021,-0.65916,0.74357,0.70333
ConvolutionalEncoder,3,66,-0.66407,-0.69169,0.73715,0.70671
ConvolutionalEncoder,3,67,-0.69057,-0.67836,0.70638,0.70668
ConvolutionalEncoder,3,68,-0.6425,-0.71454,0.80013,0.71602
ConvolutionalEncoder,3,69,-0.67114,-0.66922,0.78122,0.72254
ConvolutionalEncoder,3,70,-0.67901,-0.6476,0.76162,0.72645
ConvolutionalEncoder,3,71,-0.66693,-0.65253,0.71945,0.72575
ConvolutionalEncoder,3,72,-0.63706,-0.69343,0.77579,0.73075
ConvolutionalEncoder,3,73,-0.67479,-0.71667,0.78066,0.73574
ConvolutionalEncoder,3,74,-0.66596,-0.6735,0.78769,0.74094
ConvolutionalEncoder,3,75,-0.65955,-0.68196,0.77518,0.74436
ConvolutionalEncoder,3,76,-0.65227,-0.69432,0.75209,0.74514
ConvolutionalEncoder,3,77,-0.66218,-0.61099,0.55031,0.72565
ConvolutionalEncoder,3,78,-0.66444,-0.62483,0.693,0.72239
ConvolutionalEncoder,3,79,-0.67589,-0.68616,0.80766,0.73092
ConvolutionalEncoder,3,80,-0.673,-0.65124,0.75073,0.7329
ConvolutionalEncoder,3,81,-0.65688,-0.6696,0.71594,0.7312
ConvolutionalEncoder,3,82,-0.67027,-0.7069,0.72527,0.73061
ConvolutionalEncoder,3,83,-0.65207,-0.72814,0.81724,0.73927
ConvolutionalEncoder,3,84,-0.64653,-0.67672,0.64999,0.73034
ConvolutionalEncoder,3,85,-0.65945,-0.69482,0.79189,0.7365
ConvolutionalEncoder,3,86,-0.64696,-0.69392,0.69278,0.73213
ConvolutionalEncoder,3,87,-0.67262,-0.67497,0.78798,0.73771
ConvolutionalEncoder,3,88,-0.65885,-0.68844,0.73367,0.73731
ConvolutionalEncoder,3,89,-0.68222,-0.71386,0.79382,0.74296
ConvolutionalEncoder,3,90,-0.68752,-0.7067,0.72663,0.74132
ConvolutionalEncoder,3,91,-0.68983,-0.73801,0.77599,0.74479
ConvolutionalEncoder,3,92,-0.66606,-0.60931,0.6438,0.73469
ConvolutionalEncoder,3,93,-0.64593,-0.67844,0.68517,0.72974
ConvolutionalEncoder,3,94,-0.66728,-0.65221,0.7382,0.73059
ConvolutionalEncoder,3,95,-0.64466,-0.70828,0.75581,0.73311
ConvolutionalEncoder,3,96,-0.64835,-0.72639,0.78737,0.73853
ConvolutionalEncoder,3,97,-0.68033,-0.69336,0.78063,0.74274
ConvolutionalEncoder,3,98,-0.65963,-0.6269,0.69645,0.73811
ConvolutionalEncoder,3,99,-0.68513,-0.65966,0.71095,0.7354
ConvolutionalEncoder,3,100,-0.67916,-0.69101,0.71031,0.73289
ConvolutionalEncoder,3,101,-0.68423,-0.69438,0.74053,0.73365
ConvolutionalEncoder,3,102,-0.66597,-0.66946,0.67541,0.72783
ConvolutionalEncoder,3,103,-0.65952,-0.70005,0.72555,0.7276
ConvolutionalEncoder,3,104,-0.68183,-0.69772,0.76084,0.73092
ConvolutionalEncoder,3,105,-0.67368,-0.68852,0.80389,0.73822
ConvolutionalEncoder,3,106,-0.70151,-0.68003,0.69856,0.73426
ConvolutionalEncoder,3,107,-0.67947,-0.70037,0.76217,0.73705
ConvolutionalEncoder,3,108,-0.67009,-0.74807,0.75898,0.73924
ConvolutionalEncoder,3,109,-0.69435,-0.74934,0.76542,0.74186
ConvolutionalEncoder,3,110,-0.65722,-0.69755,0.75502,0.74317
ConvolutionalEncoder,3,111,-0.63266,-0.67275,0.74068,0.74293
ConvolutionalEncoder,3,112,-0.64585,-0.66294,0.68392,0.73702
ConvolutionalEncoder,3,113,-0.66229,-0.68545,0.73669,0.73699
ConvolutionalEncoder,3,114,-0.68709,-0.73263,0.82571,0.74586
ConvolutionalEncoder,3,115,-0.65894,-0.67443,0.79396,0.75067
ConvolutionalEncoder,3,116,-0.66263,-0.71662,0.76006,0.75161
ConvolutionalEncoder,3,117,-0.64935,-0.66038,0.63211,0.73966
ConvolutionalEncoder,3,118,-0.68326,-0.71104,0.7597,0.74167
ConvolutionalEncoder,3,119,-0.69734,-0.70519,0.75537,0.74304
ConvolutionalEncoder,3,120,-0.71308,-0.68455,0.68864,0.7376
ConvolutionalEncoder,3,121,-0.67714,-0.69168,0.72031,0.73587
ConvolutionalEncoder,3,122,-0.65437,-0.76433,0.85242,0.74752
ConvolutionalEncoder,3,123,-0.64217,-0.70552,0.80757,0.75353
ConvolutionalEncoder,3,124,-0.67984,-0.73542,0.82787,0.76096
ConvolutionalEncoder,3,125,-0.66853,-0.69088,0.83395,0.76826
ConvolutionalEncoder,3,126,-0.69919,-0.6967,0.77081,0.76852
ConvolutionalEncoder,3,127,-0.68559,-0.68734,0.76956,0.76862
ConvolutionalEncoder,3,128,-0.69316,-0.75364,0.7986,0.77162
ConvolutionalEncoder,3,129,-0.68604,-0.68351,0.7306,0.76752
ConvolutionalEncoder,3,130,-0.67604,-0.70039,0.80121,0.77089
ConvolutionalEncoder,3,131,-0.69511,-0.71488,0.82149,0.77595
ConvolutionalEncoder,3,132,-0.6553,-0.67871,0.75817,0.77417
ConvolutionalEncoder,3,133,-0.69057,-0.69542,0.7908,0.77583
ConvolutionalEncoder,3,134,-0.68215,-0.73003,0.80394,0.77864
ConvolutionalEncoder,3,135,-0.6672,-0.67223,0.74629,0.77541
ConvolutionalEncoder,3,136,-0.70473,-0.6769,0.69294,0.76716
ConvolutionalEncoder,3,137,-0.70235,-0.71767,0.78096,0.76854
ConvolutionalEncoder,3,138,-0.66762,-0.70224,0.80485,0.77217
ConvolutionalEncoder,3,139,-0.66723,-0.73064,0.74358,0.76931
ConvolutionalEncoder,3,140,-0.66355,-0.68781,0.78488,0.77087
ConvolutionalEncoder,3,141,-0.69695,-0.70149,0.83143,0.77692
ConvolutionalEncoder,3,142,-0.66142,-0.75637,0.78421,0.77765
ConvolutionalEncoder,3,143,-0.67266,-0.73912,0.82204,0.78209
ConvolutionalEncoder,3,144,-0.69666,-0.66925,0.68302,0.77218
ConvolutionalEncoder,3,145,-0.70806,-0.69762,0.73035,0.768
ConvolutionalEncoder,3,146,-0.69237,-0.73026,0.77679,0.76888
ConvolutionalEncoder,3,147,-0.66321,-0.70913,0.80331,0.77232
ConvolutionalEncoder,3,148,-0.66523,-0.69865,0.78377,0.77347
ConvolutionalEncoder,3,149,-0.68182,-0.69783,0.74348,0.77047
ConvolutionalEncoder,3,150,-0.70681,-0.72289,0.75587,0.76901
ConvolutionalEncoder,3,151,-0.68945,-0.73035,0.82091,0.7742
ConvolutionalEncoder,3,152,-0.67265,-0.61917,0.62774,0.75955
ConvolutionalEncoder,3,153,-0.68727,-0.76315,0.81723,0.76532
ConvolutionalEncoder,3,154,-0.69546,-0.64736,0.74739,0.76353
ConvolutionalEncoder,3,155,-0.68179,-0.67485,0.74452,0.76163
ConvolutionalEncoder,3,156,-0.65403,-0.65144,0.75104,0.76057
ConvolutionalEncoder,3,157,-0.64736,-0.66143,0.7061,0.75512
ConvolutionalEncoder,3,158,-0.65451,-0.69178,0.77295,0.7569
ConvolutionalEncoder,3,159,-0.69909,-0.75287,0.82611,0.76382
ConvolutionalEncoder,3,160,-0.69732,-0.66515,0.72633,0.76008
ConvolutionalEncoder,3,161,-0.68705,-0.66389,0.71816,0.75588
ConvolutionalEncoder,3,162,-0.69067,-0.65836,0.75966,0.75626
ConvolutionalEncoder,3,163,-0.66983,-0.69746,0.77807,0.75844
ConvolutionalEncoder,3,164,-0.68096,-0.72893,0.81065,0.76366
ConvolutionalEncoder,3,165,-0.70361,-0.71498,0.77433,0.76473
ConvolutionalEncoder,3,166,-0.71148,-0.6389,0.77088,0.76534
ConvolutionalEncoder,3,167,-0.70218,-0.68752,0.79366,0.76818
ConvolutionalEncoder,3,168,-0.68886,-0.71474,0.8303,0.77439
ConvolutionalEncoder,3,169,-0.69773,-0.71395,0.76266,0.77322
ConvolutionalEncoder,3,170,-0.67765,-0.73763,0.78077,0.77397
ConvolutionalEncoder,3,171,-0.66764,-0.71711,0.81431,0.778
ConvolutionalEncoder,3,172,-0.71424,-0.72506,0.80693,0.7809
ConvolutionalEncoder,3,173,-0.70499,-0.71568,0.76252,0.77906
ConvolutionalEncoder,3,174,-0.69464,-0.63674,0.73676,0.77483
ConvolutionalEncoder,3,175,-0.70857,-0.73348,0.8256,0.77991
ConvolutionalEncoder,3,176,-0.69732,-0.7291,0.7422,0.77614
ConvolutionalEncoder,3,177,-0.69532,-0.75967,0.79008,0.77753
ConvolutionalEncoder,3,178,-0.69834,-0.72687,0.82862,0.78264
ConvolutionalEncoder,3,179,-0.69474,-0.72693,0.79454,0.78383
ConvolutionalEncoder,3,180,-0.70083,-0.70453,0.74691,0.78014
ConvolutionalEncoder,3,181,-0.69791,-0.73968,0.7326,0.77538
ConvolutionalEncoder,3,182,-0.68237,-0.73205,0.83786,0.78163
ConvolutionalEncoder,3,183,-0.68419,-0.74356,0.77411,0.78088
ConvolutionalEncoder,3,184,-0.66242,-0.73966,0.75149,0.77794
ConvolutionalEncoder,3,185,-0.72793,-0.69819,0.78881,0.77903
ConvolutionalEncoder,3,186,-0.69369,-0.74325,0.84833,0.78596
ConvolutionalEncoder,3,187,-0.71297,-0.76024,0.82268,0.78963
ConvolutionalEncoder,3,188,-0.68619,-0.70707,0.74755,0.78542
ConvolutionalEncoder,3,189,-0.71378,-0.70625,0.77863,0.78474
ConvolutionalEncoder,3,190,-0.71767,-0.6729,0.76734,0.783
ConvolutionalEncoder,3,191,-0.69409,-0.72539,0.81557,0.78626
ConvolutionalEncoder,3,192,-0.69243,-0.73584,0.83987,0.79162
ConvolutionalEncoder,3,193,-0.66793,-0.72779,0.81267,0.79372
ConvolutionalEncoder,3,194,-0.70191,-0.72177,0.83092,0.79744
ConvolutionalEncoder,3,195,-0.69572,-0.65898,0.79825,0.79752
ConvolutionalEncoder,3,196,-0.6994,-0.75067,0.84645,0.80242
ConvolutionalEncoder,3,197,-0.67448,-0.6663,0.7866,0.80084
ConvolutionalEncoder,3,198,-0.7117,-0.70254,0.80787,0.80154
ConvolutionalEncoder,3,199,-0.6971,-0.69917,0.79365,0.80075
ConvolutionalEncoder,3,200,-0.67923,-0.72792,0.78956,0.79963
ConvolutionalEncoder,3,201,-0.69538,-0.75171,0.80125,0.79979
ConvolutionalEncoder,3,202,-0.70263,-0.68254,0.67672,0.78749
ConvolutionalEncoder,3,203,-0.69543,-0.69475,0.82497,0.79123
ConvolutionalEncoder,3,204,-0.70402,-0.65404,0.7932,0.79143
ConvolutionalEncoder,3,205,-0.71268,-0.72264,0.80246,0.79253
ConvolutionalEncoder,3,206,-0.72098,-0.71562,0.76826,0.79011
ConvolutionalEncoder,3,207,-0.70279,-0.75098,0.85105,0.7962
ConvolutionalEncoder,3,208,-0.70331,-0.69635,0.75614,0.7922
ConvolutionalEncoder,3,209,-0.71874,-0.72858,0.81499,0.79447
ConvolutionalEncoder,3,210,-0.69085,-0.69269,0.79988,0.79501
ConvolutionalEncoder,3,211,-0.72051,-0.73913,0.82288,0.7978
ConvolutionalEncoder,3,212,-0.72622,-0.7108,0.81015,0.79904
ConvolutionalEncoder,3,213,-0.71701,-0.71017,0.75215,0.79435
ConvolutionalEncoder,3,214,-0.70645,-0.71845,0.79884,0.7948
ConvolutionalEncoder,3,215,-0.69336,-0.69845,0.78063,0.79338
ConvolutionalEncoder,3,216,-0.68617,-0.69064,0.79179,0.79322
ConvolutionalEncoder,3,217,-0.68739,-0.72628,0.78166,0.79207
ConvolutionalEncoder,3,218,-0.7106,-0.75654,0.82091,0.79495
ConvolutionalEncoder,3,219,-0.70569,-0.70142,0.76232,0.79169
ConvolutionalEncoder,3,220,-0.67081,-0.70218,0.75806,0.78833
ConvolutionalEncoder,3,221,-0.71647,-0.689,0.78858,0.78835
ConvolutionalEncoder,3,222,-0.71941,-0.68156,0.82764,0.79228
ConvolutionalEncoder,3,223,-0.69487,-0.7545,0.82929,0.79598
ConvolutionalEncoder,3,224,-0.69485,-0.73917,0.81607,0.79799
ConvolutionalEncoder,3,225,-0.70146,-0.71312,0.83279,0.80147
ConvolutionalEncoder,3,226,-0.71277,-0.72332,0.83303,0.80463
ConvolutionalEncoder,3,227,-0.72218,-0.71073,0.79823,0.80399
ConvolutionalEncoder,3,228,-0.69789,-0.71434,0.8358,0.80717
ConvolutionalEncoder,3,229,-0.72198,-0.73592,0.84406,0.81086
ConvolutionalEncoder,3,230,-0.72707,-0.73071,0.74114,0.80388
ConvolutionalEncoder,3,231,-0.70005,-0.73282,0.77106,0.8006
ConvolutionalEncoder,3,232,-0.69708,-0.74274,0.82326,0.80287
ConvolutionalEncoder,3,233,-0.71558,-0.72536,0.82299,0.80488
ConvolutionalEncoder,3,234,-0.69053,-0.75197,0.82653,0.80705
ConvolutionalEncoder,3,235,-0.70207,-0.78697,0.84589,0.81093
ConvolutionalEncoder,3,236,-0.72529,-0.75506,0.82976,0.81281
ConvolutionalEncoder,3,237,-0.7146,-0.76597,0.839,0.81543
ConvolutionalEncoder,3,238,-0.69766,-0.7079,0.81033,0.81492
ConvolutionalEncoder,3,239,-0.71695,-0.69878,0.77633,0.81106
ConvolutionalEncoder,3,240,-0.71601,-0.76273,0.8222,0.81218
ConvolutionalEncoder,3,241,-0.72493,-0.72096,0.79507,0.81047
ConvolutionalEncoder,3,242,-0.7311,-0.7501,0.8416,0.81358
ConvolutionalEncoder,3,243,-0.71621,-0.69728,0.79743,0.81196
ConvolutionalEncoder,3,244,-0.71086,-0.68729,0.72093,0.80286
ConvolutionalEncoder,3,245,-0.73915,-0.7211,0.82777,0.80535
ConvolutionalEncoder,3,246,-0.7262,-0.73729,0.84935,0.80975
ConvolutionalEncoder,3,247,-0.71901,-0.73072,0.81674,0.81045
ConvolutionalEncoder,3,248,-0.7149,-0.68551,0.77466,0.80687
ConvolutionalEncoder,3,249,-0.72298,-0.70978,0.78871,0.80506
ConvolutionalEncoder,3,250,-0.71235,-0.75572,0.80642,0.80519
ConvolutionalEncoder,3,251,-0.71931,-0.69419,0.8317,0.80784
ConvolutionalEncoder,3,252,-0.70367,-0.76233,0.82567,0.80963
ConvolutionalEncoder,3,253,-0.71345,-0.73041,0.78916,0.80758
ConvolutionalEncoder,3,254,-0.71424,-0.75189,0.79085,0.80591
ConvolutionalEncoder,3,255,-0.71554,-0.72148,0.81941,0.80726
ConvolutionalEncoder,3,256,-0.71668,-0.72805,0.81387,0.80792
ConvolutionalEncoder,3,257,-0.71835,-0.71276,0.83518,0.81064
ConvolutionalEncoder,3,258,-0.70797,-0.72883,0.77096,0.80668
ConvolutionalEncoder,3,259,-0.71292,-0.7178,0.78381,0.80439
ConvolutionalEncoder,3,260,-0.72907,-0.78028,0.84714,0.80866
ConvolutionalEncoder,3,261,-0.72226,-0.7457,0.78843,0.80664
ConvolutionalEncoder,3,262,-0.72408,-0.70246,0.78382,0.80436
ConvolutionalEncoder,3,263,-0.69767,-0.73155,0.82919,0.80684
ConvolutionalEncoder,3,264,-0.71809,-0.73698,0.78664,0.80482
ConvolutionalEncoder,3,265,-0.71359,-0.73055,0.8441,0.80875
ConvolutionalEncoder,3,266,-0.72713,-0.72287,0.77565,0.80544
ConvolutionalEncoder,3,267,-0.74123,-0.76403,0.79967,0.80486
ConvolutionalEncoder,3,268,-0.73136,-0.72594,0.86064,0.81044
ConvolutionalEncoder,3,269,-0.70241,-0.68368,0.8325,0.81265
ConvolutionalEncoder,3,270,-0.71789,-0.70609,0.78748,0.81013
ConvolutionalEncoder,3,271,-0.71066,-0.6577,0.80682,0.8098
ConvolutionalEncoder,3,272,-0.72745,-0.7781,0.87196,0.81601
ConvolutionalEncoder,3,273,-0.71943,-0.74037,0.82908,0.81732
ConvolutionalEncoder,3,274,-0.69991,-0.73808,0.85765,0.82135
ConvolutionalEncoder,3,275,-0.73168,-0.7501,0.79922,0.81914
ConvolutionalEncoder,3,276,-0.72632,-0.72191,0.83371,0.8206
ConvolutionalEncoder,3,277,-0.71046,-0.76431,0.85355,0.82389
ConvolutionalEncoder,3,278,-0.74354,-0.71915,0.81616,0.82312
ConvolutionalEncoder,3,279,-0.72672,-0.77472,0.86655,0.82746
ConvolutionalEncoder,3,280,-0.7281,-0.73469,0.82968,0.82768
ConvolutionalEncoder,3,281,-0.73508,-0.72855,0.84252,0.82917
ConvolutionalEncoder,3,282,-0.72918,-0.71397,0.86063,0.83231
ConvolutionalEncoder,3,283,-0.71336,-0.75274,0.84728,0.83381
ConvolutionalEncoder,3,284,-0.73708,-0.76256,0.87997,0.83843
ConvolutionalEncoder,3,285,-0.73201,-0.74156,0.82555,0.83714
ConvolutionalEncoder,3,286,-0.70955,-0.71024,0.85975,0.8394
ConvolutionalEncoder,3,287,-0.753,-0.70868,0.82177,0.83764
ConvolutionalEncoder,3,288,-0.70365,-0.74409,0.83283,0.83716
ConvolutionalEncoder,3,289,-0.73858,-0.7384,0.85048,0.83849
ConvolutionalEncoder,3,290,-0.72025,-0.73753,0.83073,0.83771
ConvolutionalEncoder,3,291,-0.72326,-0.70578,0.84726,0.83867
ConvolutionalEncoder,3,292,-0.72511,-0.76864,0.82875,0.83768
ConvolutionalEncoder,3,293,-0.73072,-0.76261,0.85595,0.8395
ConvolutionalEncoder,3,294,-0.72318,-0.77291,0.8479,0.84034
ConvolutionalEncoder,3,295,-0.74604,-0.79467,0.89724,0.84603
ConvolutionalEncoder,3,296,-0.73709,-0.70047,0.7789,0.83932
ConvolutionalEncoder,3,297,-0.73684,-0.76397,0.84932,0.84032
ConvolutionalEncoder,3,298,-0.72744,-0.73781,0.8139,0.83768
ConvolutionalEncoder,3,299,-0.70806,-0.75204,0.82022,0.83593
ConvolutionalEncoder,3,300,-0.71146,-0.74355,0.82557,0.8349
ConvolutionalEncoder,4,1,-0.28894,-0.3645,0.39029,0.39029
ConvolutionalEncoder,4,2,-0.41086,-0.34783,0.30422,0.38168
ConvolutionalEncoder,4,3,-0.48198,-0.43414,0.46068,0.38958
ConvolutionalEncoder,4,4,-0.49512,-0.45884,0.51905,0.40253
ConvolutionalEncoder,4,5,-0.53195,-0.54273,0.64735,0.42701
ConvolutionalEncoder,4,6,-0.5201,-0.50988,0.51426,0.43574
ConvolutionalEncoder,4,7,-0.54975,-0.54798,0.56503,0.44866
ConvolutionalEncoder,4,8,-0.5486,-0.59453,0.64642,0.46844
ConvolutionalEncoder,4,9,-0.55694,-0.54551,0.62709,0.4843
ConvolutionalEncoder,4,10,-0.57772,-0.46569,0.55366,0.49124
ConvolutionalEncoder,4,11,-0.53258,-0.50652,0.56594,0.49871
ConvolutionalEncoder,4,12,-0.56973,-0.59305,0.69542,0.51838
ConvolutionalEncoder,4,13,-0.58232,-0.57469,0.66061,0.5326
ConvolutionalEncoder,4,14,-0.58591,-0.56057,0.62546,0.54189
ConvolutionalEncoder,4,15,-0.57967,-0.52288,0.64183,0.55188
ConvolutionalEncoder,4,16,-0.59147,-0.61546,0.727,0.56939
ConvolutionalEncoder,4,17,-0.59443,-0.61413,0.67878,0.58033
ConvolutionalEncoder,4,18,-0.58808,-0.52653,0.52722,0.57502
ConvolutionalEncoder,4,19,-0.57841,-0.63103,0.67416,0.58494
ConvolutionalEncoder,4,20,-0.60143,-0.55741,0.59855,0.5863
ConvolutionalEncoder,4,21,-0.58471,-0.62961,0.71072,0.59874
ConvolutionalEncoder,4,22,-0.60333,-0.60747,0.73856,0.61272
ConvolutionalEncoder,4,23,-0.59476,-0.62116,0.74099,0.62555
ConvolutionalEncoder,4,24,-0.60093,-0.66523,0.72292,0.63529
ConvolutionalEncoder,4,25,-0.58911,-0.51907,0.57843,0.6296
ConvolutionalEncoder,4,26,-0.59302,-0.56835,0.58197,0.62484
ConvolutionalEncoder,4,27,-0.61333,-0.6023,0.72773,0.63513
ConvolutionalEncoder,4,28,-0.60476,-0.67271,0.7718,0.64879
ConvolutionalEncoder,4,29,-0.66917,-0.56816,0.64456,0.64837
ConvolutionalEncoder,4,30,-0.61504,-0.70103,0.78886,0.66242
ConvolutionalEncoder,4,31,-0.63282,-0.57564,0.60266,0.65644
ConvolutionalEncoder,4,32,-0.6092,-0.60228,0.63281,0.65408
ConvolutionalEncoder,4,33,-0.65129,-0.63735,0.75782,0.66445
ConvolutionalEncoder,4,34,-0.63701,-0.63237,0.7461,0.67262
ConvolutionalEncoder,4,35,-0.64864,-0.65815,0.74779,0.68014
ConvolutionalEncoder,4,36,-0.62696,-0.63576,0.73007,0.68513
ConvolutionalEncoder,4,37,-0.62254,-0.58337,0.5947,0.67609
ConvolutionalEncoder,4,38,-0.66598,-0.63756,0.72657,0.68113
ConvolutionalEncoder,4,39,-0.64155,-0.60923,0.73265,0.68629
ConvolutionalEncoder,4,40,-0.63363,-0.62395,0.71781,0.68944
ConvolutionalEncoder,4,41,-0.6375,-0.61701,0.6848,0.68897
ConvolutionalEncoder,4,42,-0.65155,-0.62286,0.81299,0.70138
ConvolutionalEncoder,4,43,-0.63737,-0.61292,0.79687,0.71093
ConvolutionalEncoder,4,44,-0.63504,-0.68385,0.79532,0.71936
ConvolutionalEncoder,4,45,-0.66281,-0.6774,0.72085,0.71951
ConvolutionalEncoder,4,46,-0.65217,-0.6463,0.71447,0.71901
ConvolutionalEncoder,4,47,-0.68155,-0.66389,0.80181,0.72729
ConvolutionalEncoder,4,48,-0.6297,-0.72846,0.8361,0.73817
ConvolutionalEncoder,4,49,-0.68265,-0.64723,0.76324,0.74068
ConvolutionalEncoder,4,50,-0.66064,-0.65893,0.65878,0.73249
ConvolutionalEncoder,4,51,-0.67299,-0.67542,0.79713,0.73895
ConvolutionalEncoder,4,52,-0.66414,-0.58104,0.7043,0.73549
ConvolutionalEncoder,4,53,-0.69807,-0.60574,0.70345,0.73228
ConvolutionalEncoder,4,54,-0.6597,-0.6418,0.74731,0.73379
ConvolutionalEncoder,4,55,-0.6353,-0.65183,0.69485,0.72989
ConvolutionalEncoder,4,56,-0.62616,-0.65299,0.74816,0.73172
ConvolutionalEncoder,4,57,-0.64385,-0.68616,0.74485,0.73303
ConvolutionalEncoder,4,58,-0.63183,-0.6324,0.69038,0.72877
ConvolutionalEncoder,4,59,-0.67821,-0.63958,0.70501,0.72639
ConvolutionalEncoder,4,60,-0.67384,-0.6218,0.70109,0.72386
ConvolutionalEncoder,4,61,-0.67899,-0.62798,0.74011,0.72549
ConvolutionalEncoder,4,62,-0.65149,-0.66159,0.73703,0.72664
ConvolutionalEncoder,4,63,-0.68264,-0.62666,0.76551,0.73053
ConvolutionalEncoder,4,64,-0.67871,-0.6847,0.77105,0.73458
ConvolutionalEncoder,4,65,-0.66925,-0.69147,0.75247,0.73637
ConvolutionalEncoder,4,66,-0.67835,-0.70189,0.79144,0.74188
ConvolutionalEncoder,4,67,-0.65371,-0.58342,0.66817,0.73451
ConvolutionalEncoder,4,68,-0.67501,-0.57967,0.68513,0.72957
ConvolutionalEncoder,4,69,-0.66345,-0.6645,0.71862,0.72847
ConvolutionalEncoder,4,70,-0.69256,-0.7236,0.80671,0.7363
ConvolutionalEncoder,4,71,-0.66819,-0.64556,0.72719,0.73539
ConvolutionalEncoder,4,72,-0.68328,-0.64646,0.75336,0.73718
ConvolutionalEncoder,4,73,-0.67905,-0.71655,0.76968,0.74043
ConvolutionalEncoder,4,74,-0.64614,-0.68566,0.7997,0.74636
ConvolutionalEncoder,4,75,-0.65705,-0.66381,0.69059,0.74078
ConvolutionalEncoder,4,76,-0.70195,-0.67392,0.77469,0.74417
ConvolutionalEncoder,4,77,-0.66579,-0.66691,0.78097,0.74785
ConvolutionalEncoder,4,78,-0.69492,-0.586,0.6908,0.74215
ConvolutionalEncoder,4,79,-0.66927,-0.6738,0.65835,0.73377
ConvolutionalEncoder,4,80,-0.6786,-0.64463,0.73625,0.73402
ConvolutionalEncoder,4,81,-0.65283,-0.57365,0.7093,0.73155
ConvolutionalEncoder,4,82,-0.68566,-0.68657,0.81697,0.74009
ConvolutionalEncoder,4,83,-0.67423,-0.62669,0.7004,0.73612
ConvolutionalEncoder,4,84,-0.66749,-0.6627,0.78117,0.74062
ConvolutionalEncoder,4,85,-0.71329,-0.67141,0.81499,0.74806
ConvolutionalEncoder,4,86,-0.6717,-0.61567,0.67013,0.74027
ConvolutionalEncoder,4,87,-0.65635,-0.57118,0.61327,0.72757
ConvolutionalEncoder,4,88,-0.67533,-0.58743,0.65232,0.72004
ConvolutionalEncoder,4,89,-0.66853,-0.69483,0.75842,0.72388
ConvolutionalEncoder,4,90,-0.68184,-0.66456,0.74705,0.7262
ConvolutionalEncoder,4,91,-0.68367,-0.67418,0.74941,0.72852
ConvolutionalEncoder,4,92,-0.68653,-0.67694,0.78031,0.7337
ConvolutionalEncoder,4,93,-0.67616,-0.63248,0.67526,0.72785
ConvolutionalEncoder,4,94,-0.67975,-0.63621,0.68235,0.7233
ConvolutionalEncoder,4,95,-0.67829,-0.63099,0.76743,0.72772
ConvolutionalEncoder,4,96,-0.67483,-0.66812,0.76413,0.73136
ConvolutionalEncoder,4,97,-0.65824,-0.66968,0.73935,0.73216
ConvolutionalEncoder,4,98,-0.67931,-0.61545,0.75835,0.73477
ConvolutionalEncoder,4,99,-0.67764,-0.57727,0.68211,0.72951
ConvolutionalEncoder,4,100,-0.69415,-0.6622,0.78836,0.73539
ConvolutionalEncoder,4,101,-0.66449,-0.6425,0.73935,0.73579
ConvolutionalEncoder,4,102,-0.70226,-0.6014,0.66986,0.7292
ConvolutionalEncoder,4,103,-0.65203,-0.669,0.76054,0.73233
ConvolutionalEncoder,4,104,-0.67756,-0.61143,0.78701,0.7378
ConvolutionalEncoder,4,105,-0.68539,-0.61936,0.70668,0.73469
ConvolutionalEncoder,4,106,-0.65122,-0.6845,0.74193,0.73541
ConvolutionalEncoder,4,107,-0.69307,-0.62767,0.66796,0.72867
ConvolutionalEncoder,4,108,-0.69137,-0.70019,0.82974,0.73877
ConvolutionalEncoder,4,109,-0.69568,-0.66553,0.77117,0.74201
ConvolutionalEncoder,4,110,-0.69649,-0.70689,0.79834,0.74765
ConvolutionalEncoder,4,111,-0.70317,-0.6912,0.79134,0.75201
ConvolutionalEncoder,4,112,-0.70969,-0.68586,0.78795,0.75561
ConvolutionalEncoder,4,113,-0.69351,-0.65271,0.69672,0.74972
ConvolutionalEncoder,4,114,-0.68425,-0.68198,0.80394,0.75514
ConvolutionalEncoder,4,115,-0.68002,-0.71558,0.84847,0.76447
ConvolutionalEncoder,4,116,-0.70582,-0.65369,0.77164,0.76519
ConvolutionalEncoder,4,117,-0.69511,-0.72688,0.79662,0.76833
ConvolutionalEncoder,4,118,-0.70731,-0.70663,0.86873,0.77837
ConvolutionalEncoder,4,119,-0.6756,-0.68894,0.79438,0.77997
ConvolutionalEncoder,4,120,-0.67111,-0.66568,0.76221,0.7782
ConvolutionalEncoder,4,121,-0.68898,-0.63643,0.74666,0.77504
ConvolutionalEncoder,4,122,-0.67026,-0.67596,0.7733,0.77487
ConvolutionalEncoder,4,123,-0.68364,-0.70923,0.80727,0.77811
ConvolutionalEncoder,4,124,-0.69818,-0.66573,0.78282,0.77858
ConvolutionalEncoder,4,125,-0.69039,-0.65412,0.78607,0.77933
ConvolutionalEncoder,4,126,-0.69737,-0.68041,0.7501,0.77641
ConvolutionalEncoder,4,127,-0.70084,-0.70603,0.81816,0.78058
ConvolutionalEncoder,4,128,-0.70532,-0.66763,0.74725,0.77725
ConvolutionalEncoder,4,129,-0.70705,-0.67128,0.82048,0.78157
ConvolutionalEncoder,4,130,-0.6842,-0.70496,0.80046,0.78346
ConvolutionalEncoder,4,131,-0.70576,-0.67832,0.80806,0.78592
ConvolutionalEncoder,4,132,-0.70949,-0.66802,0.73643,0.78097
ConvolutionalEncoder,4,133,-0.68121,-0.68427,0.7874,0.78161
ConvolutionalEncoder,4,134,-0.69723,-0.6453,0.73626,0.77708
ConvolutionalEncoder,4,135,-0.68518,-0.61025,0.74837,0.77421
ConvolutionalEncoder,4,136,-0.68118,-0.6882,0.76712,0.7735
ConvolutionalEncoder,4,137,-0.69032,-0.70346,0.83061,0.77921
ConvolutionalEncoder,4,138,-0.69023,-0.63358,0.72891,0.77418
ConvolutionalEncoder,4,139,-0.71044,-0.65649,0.79519,0.77628
ConvolutionalEncoder,4,140,-0.69763,-0.6529,0.80028,0.77868
ConvolutionalEncoder,4,141,-0.68886,-0.71383,0.7959,0.7804
ConvolutionalEncoder,4,142,-0.70005,-0.66319,0.73282,0.77564
ConvolutionalEncoder,4,143,-0.68198,-0.71247,0.85383,0.78346
ConvolutionalEncoder,4,144,-0.70014,-0.67297,0.74621,0.77974
ConvolutionalEncoder,4,145,-0.70392,-0.68164,0.73117,0.77488
ConvolutionalEncoder,4,146,-0.70608,-0.70435,0.82805,0.7802
ConvolutionalEncoder,4,147,-0.71101,-0.70967,0.80055,0.78223
ConvolutionalEncoder,4,148,-0.69659,-0.63793,0.74596,0.77861
ConvolutionalEncoder,4,149,-0.67546,-0.65445,0.67347,0.76809
ConvolutionalEncoder,4,150,-0.69282,-0.6262,0.75886,0.76717
ConvolutionalEncoder,4,151,-0.67868,-0.66482,0.78237,0.76869
ConvolutionalEncoder,4,152,-0.72026,-0.67705,0.75511,0.76733
ConvolutionalEncoder,4,153,-0.69338,-0.71597,0.85064,0.77566
ConvolutionalEncoder,4,154,-0.71977,-0.7027,0.79999,0.7781
ConvolutionalEncoder,4,155,-0.70128,-0.64668,0.75995,0.77628
ConvolutionalEncoder,4,156,-0.7016,-0.6657,0.74006,0.77266
ConvolutionalEncoder,4,157,-0.65367,-0.65877,0.76577,0.77197
ConvolutionalEncoder,4,158,-0.68327,-0.66582,0.79988,0.77476
ConvolutionalEncoder,4,159,-0.69192,-0.7258,0.84152,0.78144
ConvolutionalEncoder,4,160,-0.71914,-0.69379,0.82811,0.7861
ConvolutionalEncoder,4,161,-0.69307,-0.64103,0.75605,0.7831
ConvolutionalEncoder,4,162,-0.7008,-0.72523,0.82684,0.78747
ConvolutionalEncoder,4,163,-0.69662,-0.7267,0.81003,0.78973
ConvolutionalEncoder,4,164,-0.72343,-0.70535,0.79162,0.78992
ConvolutionalEncoder,4,165,-0.70897,-0.66832,0.78343,0.78927
ConvolutionalEncoder,4,166,-0.66844,-0.74587,0.84232,0.79458
ConvolutionalEncoder,4,167,-0.70927,-0.69797,0.75355,0.79047
ConvolutionalEncoder,4,168,-0.69743,-0.66934,0.76086,0.78751
ConvolutionalEncoder,4,169,-0.68973,-0.58481,0.68845,0.77761
ConvolutionalEncoder,4,170,-0.68235,-0.71025,0.79799,0.77964
ConvolutionalEncoder,4,171,-0.70878,-0.66323,0.72867,0.77455
ConvolutionalEncoder,4,172,-0.71435,-0.67672,0.73608,0.7707
ConvolutionalEncoder,4,173,-0.71136,-0.65454,0.70925,0.76455
ConvolutionalEncoder,4,174,-0.68838,-0.74048,0.80918,0.76902
ConvolutionalEncoder,4,175,-0.69182,-0.69077,0.83022,0.77514
ConvolutionalEncoder,4,176,-0.68572,-0.7295,0.86226,0.78385
ConvolutionalEncoder,4,177,-0.68382,-0.69363,0.8363,0.78909
ConvolutionalEncoder,4,178,-0.70276,-0.69248,0.80791,0.79098
ConvolutionalEncoder,4,179,-0.70598,-0.70974,0.81239,0.79312
ConvolutionalEncoder,4,180,-0.71481,-0.69685,0.80939,0.79474
ConvolutionalEncoder,4,181,-0.71364,-0.71905,0.80397,0.79567
ConvolutionalEncoder,4,182,-0.68385,-0.69028,0.81511,0.79761
ConvolutionalEncoder,4,183,-0.72722,-0.64553,0.80979,0.79883
ConvolutionalEncoder,4,184,-0.72875,-0.6818,0.839,0.80285
ConvolutionalEncoder,4,185,-0.71695,-0.6656,0.84849,0.80741
ConvolutionalEncoder,4,186,-0.70684,-0.71306,0.79132,0.8058
ConvolutionalEncoder,4,187,-0.70585,-0.68951,0.74267,0.79949
ConvolutionalEncoder,4,188,-0.70282,-0.67499,0.80151,0.79969
ConvolutionalEncoder,4,189,-0.70848,-0.6926,0.76871,0.79659
ConvolutionalEncoder,4,190,-0.70208,-0.69919,0.83196,0.80013
ConvolutionalEncoder,4,191,-0.69462,-0.71967,0.83158,0.80327
ConvolutionalEncoder,4,192,-0.71789,-0.71816,0.8327,0.80622
ConvolutionalEncoder,4,193,-0.69837,-0.65242,0.77499,0.80309
ConvolutionalEncoder,4,194,-0.7262,-0.68813,0.84086,0.80687
ConvolutionalEncoder,4,195,-0.71542,-0.70991,0.85054,0.81124
ConvolutionalEncoder,4,196,-0.69805,-0.67643,0.82872,0.81298
ConvolutionalEncoder,4,197,-0.73956,-0.73993,0.88118,0.8198
ConvolutionalEncoder,4,198,-0.71937,-0.68848,0.76475,0.8143
ConvolutionalEncoder,4,199,-0.71154,-0.67286,0.75762,0.80863
ConvolutionalEncoder,4,200,-0.70027,-0.6966,0.83258,0.81103
ConvolutionalEncoder,4,201,-0.70807,-0.65299,0.85145,0.81507
ConvolutionalEncoder,4,202,-0.68674,-0.67278,0.77841,0.8114
ConvolutionalEncoder,4,203,-0.68105,-0.68466,0.78714,0.80898
ConvolutionalEncoder,4,204,-0.6789,-0.6517,0.77285,0.80536
ConvolutionalEncoder,4,205,-0.69225,-0.69934,0.80117,0.80494
ConvolutionalEncoder,4,206,-0.70475,-0.6833,0.79526,0.80398
ConvolutionalEncoder,4,207,-0.71606,-0.69923,0.79395,0.80297
ConvolutionalEncoder,4,208,-0.70314,-0.68516,0.82826,0.8055
ConvolutionalEncoder,4,209,-0.69414,-0.71879,0.78533,0.80349
ConvolutionalEncoder,4,210,-0.70389,-0.71995,0.82169,0.80531
ConvolutionalEncoder,4,211,-0.70649,-0.68931,0.7061,0.79539
ConvolutionalEncoder,4,212,-0.71413,-0.64305,0.78215,0.79406
ConvolutionalEncoder,4,213,-0.71862,-0.60872,0.70936,0.78559
ConvolutionalEncoder,4,214,-0.70297,-0.64699,0.80616,0.78765
ConvolutionalEncoder,4,215,-0.70047,-0.6312,0.75864,0.78475
ConvolutionalEncoder,4,216,-0.71612,-0.71919,0.84587,0.79086
ConvolutionalEncoder,4,217,-0.72022,-0.70935,0.78859,0.79063
ConvolutionalEncoder,4,218,-0.70964,-0.71555,0.81045,0.79261
ConvolutionalEncoder,4,219,-0.71187,-0.73105,0.82446,0.7958
ConvolutionalEncoder,4,220,-0.73462,-0.68928,0.82609,0.79883
ConvolutionalEncoder,4,221,-0.70435,-0.64164,0.81182,0.80013
ConvolutionalEncoder,4,222,-0.71007,-0.66404,0.78738,0.79885
ConvolutionalEncoder,4,223,-0.70724,-0.71798,0.76107,0.79508
ConvolutionalEncoder,4,224,-0.70114,-0.73592,0.82917,0.79848
ConvolutionalEncoder,4,225,-0.71382,-0.70917,0.71508,0.79014
ConvolutionalEncoder,4,226,-0.69648,-0.70221,0.80526,0.79166
ConvolutionalEncoder,4,227,-0.70131,-0.6945,0.78735,0.79123
ConvolutionalEncoder,4,228,-0.71614,-0.69197,0.78478,0.79058
ConvolutionalEncoder,4,229,-0.70672,-0.72299,0.84516,0.79604
ConvolutionalEncoder,4,230,-0.70803,-0.7391,0.79379,0.79581
ConvolutionalEncoder,4,231,-0.68325,-0.71307,0.8744,0.80367
ConvolutionalEncoder,4,232,-0.69402,-0.72457,0.78831,0.80214
ConvolutionalEncoder,4,233,-0.71907,-0.70712,0.81071,0.80299
ConvolutionalEncoder,4,234,-0.74517,-0.73506,0.8558,0.80827
ConvolutionalEncoder,4,235,-0.71618,-0.65511,0.81598,0.80904
ConvolutionalEncoder,4,236,-0.68294,-0.70765,0.85444,0.81358
ConvolutionalEncoder,4,237,-0.72184,-0.69673,0.75965,0.80819
ConvolutionalEncoder,4,238,-0.73166,-0.74033,0.86968,0.81434
ConvolutionalEncoder,4,239,-0.71828,-0.63534,0.81329,0.81423
ConvolutionalEncoder,4,240,-0.72921,-0.72858,0.85497,0.81831
ConvolutionalEncoder,4,241,-0.72094,-0.67964,0.80108,0.81659
ConvolutionalEncoder,4,242,-0.72155,-0.67747,0.82289,0.81722
ConvolutionalEncoder,4,243,-0.73027,-0.70183,0.81682,0.81718
ConvolutionalEncoder,4,244,-0.71569,-0.69986,0.80663,0.81612
ConvolutionalEncoder,4,245,-0.73279,-0.71476,0.82149,0.81666
ConvolutionalEncoder,4,246,-0.73233,-0.6943,0.79572,0.81457
ConvolutionalEncoder,4,247,-0.74511,-0.67963,0.80308,0.81342
ConvolutionalEncoder,4,248,-0.73062,-0.73661,0.8223,0.81431
ConvolutionalEncoder,4,249,-0.72367,-0.69276,0.81952,0.81483
ConvolutionalEncoder,4,250,-0.72016,-0.72637,0.83296,0.81664
ConvolutionalEncoder,4,251,-0.72073,-0.68061,0.75559,0.81053
ConvolutionalEncoder,4,252,-0.70766,-0.72825,0.85825,0.81531
ConvolutionalEncoder,4,253,-0.74488,-0.66267,0.77765,0.81154
ConvolutionalEncoder,4,254,-0.72077,-0.72212,0.79082,0.80947
ConvolutionalEncoder,4,255,-0.71236,-0.68668,0.79153,0.80767
ConvolutionalEncoder,4,256,-0.71041,-0.6616,0.74122,0.80103
ConvolutionalEncoder,4,257,-0.70637,-0.66639,0.72629,0.79356
ConvolutionalEncoder,4,258,-0.72115,-0.68503,0.78596,0.7928
ConvolutionalEncoder,4,259,-0.72773,-0.70312,0.76196,0.78971
ConvolutionalEncoder,4,260,-0.7395,-0.71145,0.84079,0.79482
ConvolutionalEncoder,4,261,-0.71201,-0.70127,0.78359,0.7937
ConvolutionalEncoder,4,262,-0.74272,-0.68291,0.76177,0.7905
ConvolutionalEncoder,4,263,-0.72048,-0.72124,0.87792,0.79925
ConvolutionalEncoder,4,264,-0.73715,-0.65506,0.76844,0.79617
ConvolutionalEncoder,4,265,-0.74394,-0.67343,0.71019,0.78757
ConvolutionalEncoder,4,266,-0.75529,-0.68634,0.78683,0.78749
ConvolutionalEncoder,4,267,-0.73267,-0.75946,0.84791,0.79354
ConvolutionalEncoder,4,268,-0.71502,-0.70198,0.85187,0.79937
ConvolutionalEncoder,4,269,-0.73775,-0.69624,0.78906,0.79834
ConvolutionalEncoder,4,270,-0.74474,-0.72917,0.83905,0.80241
ConvolutionalEncoder,4,271,-0.74055,-0.70392,0.82431,0.8046
ConvolutionalEncoder,4,272,-0.71321,-0.63735,0.75713,0.79985
ConvolutionalEncoder,4,273,-0.72316,-0.65381,0.8197,0.80184
ConvolutionalEncoder,4,274,-0.72724,-0.7278,0.85205,0.80686
ConvolutionalEncoder,4,275,-0.73565,-0.68503,0.8223,0.8084
ConvolutionalEncoder,4,276,-0.71695,-0.739,0.86386,0.81395
ConvolutionalEncoder,4,277,-0.70082,-0.68768,0.79802,0.81236
ConvolutionalEncoder,4,278,-0.74255,-0.70401,0.83068,0.81419
ConvolutionalEncoder,4,279,-0.71665,-0.73401,0.83735,0.81651
ConvolutionalEncoder,4,280,-0.72581,-0.72958,0.84538,0.81939
ConvolutionalEncoder,4,281,-0.73632,-0.71696,0.78404,0.81586
ConvolutionalEncoder,4,282,-0.73682,-0.70576,0.78434,0.81271
ConvolutionalEncoder,4,283,-0.72311,-0.66286,0.83981,0.81542
ConvolutionalEncoder,4,284,-0.72841,-0.70001,0.80137,0.81401
ConvolutionalEncoder,4,285,-0.74057,-0.69064,0.8194,0.81455
ConvolutionalEncoder,4,286,-0.73081,-0.72904,0.81637,0.81473
ConvolutionalEncoder,4,287,-0.73768,-0.6816,0.77498,0.81076
ConvolutionalEncoder,4,288,-0.72464,-0.77417,0.78084,0.80777
ConvolutionalEncoder,4,289,-0.71752,-0.72102,0.82503,0.80949
ConvolutionalEncoder,4,290,-0.74258,-0.72178,0.83613,0.81216
ConvolutionalEncoder,4,291,-0.73439,-0.70362,0.86924,0.81786
ConvolutionalEncoder,4,292,-0.74416,-0.68572,0.83027,0.81911
ConvolutionalEncoder,4,293,-0.73408,-0.68803,0.80777,0.81797
ConvolutionalEncoder,4,294,-0.73651,-0.74311,0.84852,0.82103
ConvolutionalEncoder,4,295,-0.73079,-0.72721,0.796,0.81852
ConvolutionalEncoder,4,296,-0.73025,-0.65543,0.72971,0.80964
ConvolutionalEncoder,4,297,-0.73528,-0.75151,0.85144,0.81382
ConvolutionalEncoder,4,298,-0.71982,-0.72631,0.84326,0.81677
ConvolutionalEncoder,4,299,-0.75193,-0.70628,0.81412,0.8165
ConvolutionalEncoder,4,300,-0.7258,-0.6941,0.7664,0.81149
ResidualEncoderL,0,1,-0.09307,-0.30874,0.361,0.361
ResidualEncoderL,0,2,-0.32154,-0.41451,0.47419,0.37232
ResidualEncoderL,0,3,-0.44756,-0.51062,0.60602,0.39569
ResidualEncoderL,0,4,-0.51931,-0.525,0.51534,0.40765
ResidualEncoderL,0,5,-0.56409,-0.59989,0.53969,0.42086
ResidualEncoderL,0,6,-0.54186,-0.58369,0.5649,0.43526
ResidualEncoderL,0,7,-0.5669,-0.52122,0.51155,0.44289
ResidualEncoderL,0,8,-0.58974,-0.58805,0.62276,0.46088
ResidualEncoderL,0,9,-0.59766,-0.5677,0.4919,0.46398
ResidualEncoderL,0,10,-0.59522,-0.49823,0.47527,0.46511
ResidualEncoderL,0,11,-0.60818,-0.57547,0.57289,0.47589
ResidualEncoderL,0,12,-0.65283,-0.58379,0.49059,0.47736
ResidualEncoderL,0,13,-0.60935,-0.60253,0.51811,0.48143
ResidualEncoderL,0,14,-0.64872,-0.60306,0.58763,0.49205
ResidualEncoderL,0,15,-0.65301,-0.60913,0.54997,0.49784
ResidualEncoderL,0,16,-0.63041,-0.64515,0.71142,0.5192
ResidualEncoderL,0,17,-0.65458,-0.63809,0.59933,0.52721
ResidualEncoderL,0,18,-0.66546,-0.59408,0.63272,0.53776
ResidualEncoderL,0,19,-0.66424,-0.62531,0.64194,0.54818
ResidualEncoderL,0,20,-0.66263,-0.6455,0.57749,0.55111
ResidualEncoderL,0,21,-0.6724,-0.59385,0.66004,0.56201
ResidualEncoderL,0,22,-0.67581,-0.61536,0.6089,0.5667
ResidualEncoderL,0,23,-0.68232,-0.6204,0.59855,0.56988
ResidualEncoderL,0,24,-0.70691,-0.68321,0.73597,0.58649
ResidualEncoderL,0,25,-0.669,-0.65383,0.66375,0.59422
ResidualEncoderL,0,26,-0.67516,-0.59222,0.6402,0.59881
ResidualEncoderL,0,27,-0.6756,-0.64046,0.65013,0.60395
ResidualEncoderL,0,28,-0.67154,-0.70582,0.73322,0.61687
ResidualEncoderL,0,29,-0.6781,-0.6067,0.58963,0.61415
ResidualEncoderL,0,30,-0.66068,-0.64061,0.59302,0.61204
ResidualEncoderL,0,31,-0.67491,-0.61216,0.50683,0.60152
ResidualEncoderL,0,32,-0.69947,-0.67007,0.71271,0.61264
ResidualEncoderL,0,33,-0.69692,-0.68667,0.68402,0.61977
ResidualEncoderL,0,34,-0.67361,-0.63127,0.61755,0.61955
ResidualEncoderL,0,35,-0.70514,-0.64222,0.66389,0.62399
ResidualEncoderL,0,36,-0.68314,-0.63819,0.73682,0.63527
ResidualEncoderL,0,37,-0.69295,-0.62048,0.68069,0.63981
ResidualEncoderL,0,38,-0.6898,-0.64949,0.67518,0.64335
ResidualEncoderL,0,39,-0.69162,-0.64688,0.70981,0.64999
ResidualEncoderL,0,40,-0.72042,-0.68766,0.64567,0.64956
ResidualEncoderL,0,41,-0.71359,-0.64479,0.63881,0.64849
ResidualEncoderL,0,42,-0.71761,-0.66823,0.59012,0.64265
ResidualEncoderL,0,43,-0.6945,-0.68774,0.63365,0.64175
ResidualEncoderL,0,44,-0.71299,-0.67442,0.67935,0.64551
ResidualEncoderL,0,45,-0.6956,-0.65908,0.66205,0.64716
ResidualEncoderL,0,46,-0.69805,-0.70422,0.76915,0.65936
ResidualEncoderL,0,47,-0.69035,-0.68534,0.70912,0.66434
ResidualEncoderL,0,48,-0.70746,-0.68809,0.68797,0.6667
ResidualEncoderL,0,49,-0.68321,-0.63981,0.70992,0.67102
ResidualEncoderL,0,50,-0.71529,-0.65128,0.69944,0.67387
ResidualEncoderL,0,51,-0.72101,-0.62414,0.62138,0.66862
ResidualEncoderL,0,52,-0.70553,-0.65858,0.60985,0.66274
ResidualEncoderL,0,53,-0.71223,-0.5829,0.5733,0.6538
ResidualEncoderL,0,54,-0.70153,-0.67345,0.73569,0.66199
ResidualEncoderL,0,55,-0.72445,-0.70127,0.67745,0.66353
ResidualEncoderL,0,56,-0.7222,-0.70031,0.71722,0.6689
ResidualEncoderL,0,57,-0.72734,-0.65563,0.71893,0.6739
ResidualEncoderL,0,58,-0.73045,-0.6844,0.67018,0.67353
ResidualEncoderL,0,59,-0.7033,-0.6793,0.64665,0.67084
ResidualEncoderL,0,60,-0.71135,-0.65824,0.71015,0.67477
ResidualEncoderL,0,61,-0.68839,-0.66515,0.61309,0.66861
ResidualEncoderL,0,62,-0.70607,-0.68614,0.70473,0.67222
ResidualEncoderL,0,63,-0.6804,-0.66502,0.63911,0.66891
ResidualEncoderL,0,64,-0.70896,-0.69047,0.65975,0.66799
ResidualEncoderL,0,65,-0.73111,-0.70254,0.68643,0.66984
ResidualEncoderL,0,66,-0.7259,-0.66838,0.66721,0.66957
ResidualEncoderL,0,67,-0.71275,-0.65073,0.58507,0.66112
ResidualEncoderL,0,68,-0.71145,-0.68692,0.68542,0.66355
ResidualEncoderL,0,69,-0.72719,-0.64587,0.6437,0.66157
ResidualEncoderL,0,70,-0.71271,-0.71651,0.73828,0.66924
ResidualEncoderL,0,71,-0.71021,-0.72655,0.65696,0.66801
ResidualEncoderL,0,72,-0.72652,-0.71541,0.62838,0.66405
ResidualEncoderL,0,73,-0.7408,-0.71687,0.76805,0.67445
ResidualEncoderL,0,74,-0.73228,-0.66296,0.7029,0.67729
ResidualEncoderL,0,75,-0.73311,-0.62031,0.71801,0.68136
ResidualEncoderL,0,76,-0.72031,-0.6786,0.67367,0.68059
ResidualEncoderL,0,77,-0.71472,-0.64696,0.58368,0.6709
ResidualEncoderL,0,78,-0.73613,-0.68734,0.7033,0.67414
ResidualEncoderL,0,79,-0.70621,-0.65657,0.7547,0.6822
ResidualEncoderL,0,80,-0.71325,-0.70619,0.72748,0.68673
ResidualEncoderL,0,81,-0.71074,-0.68999,0.69417,0.68747
ResidualEncoderL,0,82,-0.74399,-0.6479,0.58546,0.67727
ResidualEncoderL,0,83,-0.72504,-0.64091,0.58108,0.66765
ResidualEncoderL,0,84,-0.7441,-0.69169,0.7479,0.67568
ResidualEncoderL,0,85,-0.73475,-0.63776,0.64567,0.67267
ResidualEncoderL,0,86,-0.73201,-0.68666,0.72227,0.67763
ResidualEncoderL,0,87,-0.71812,-0.68785,0.75401,0.68527
ResidualEncoderL,0,88,-0.70051,-0.63378,0.68569,0.68531
ResidualEncoderL,0,89,-0.73198,-0.74342,0.8072,0.6975
ResidualEncoderL,0,90,-0.72702,-0.62068,0.67397,0.69515
ResidualEncoderL,0,91,-0.7066,-0.71857,0.64596,0.69023
ResidualEncoderL,0,92,-0.7113,-0.7044,0.79193,0.7004
ResidualEncoderL,0,93,-0.71363,-0.65842,0.6169,0.69205
ResidualEncoderL,0,94,-0.71792,-0.67766,0.65194,0.68804
ResidualEncoderL,0,95,-0.73935,-0.70956,0.6808,0.68731
ResidualEncoderL,0,96,-0.73264,-0.65839,0.7283,0.69141
ResidualEncoderL,0,97,-0.7254,-0.73263,0.7683,0.6991
ResidualEncoderL,0,98,-0.7362,-0.67481,0.64481,0.69367
ResidualEncoderL,0,99,-0.73991,-0.65142,0.63036,0.68734
ResidualEncoderL,0,100,-0.72898,-0.65974,0.75385,0.69399
ResidualEncoderL,0,101,-0.75039,-0.70665,0.77244,0.70184
ResidualEncoderL,0,102,-0.75559,-0.72792,0.76634,0.70829
ResidualEncoderL,0,103,-0.71542,-0.69064,0.68379,0.70584
ResidualEncoderL,0,104,-0.74643,-0.63059,0.70147,0.7054
ResidualEncoderL,0,105,-0.7518,-0.70045,0.73908,0.70877
ResidualEncoderL,0,106,-0.74541,-0.6862,0.74931,0.71282
ResidualEncoderL,0,107,-0.73373,-0.67741,0.70665,0.71221
ResidualEncoderL,0,108,-0.74725,-0.70555,0.80096,0.72108
ResidualEncoderL,0,109,-0.77327,-0.68472,0.6889,0.71786
ResidualEncoderL,0,110,-0.75177,-0.70598,0.65084,0.71116
ResidualEncoderL,0,111,-0.74644,-0.724,0.75627,0.71567
ResidualEncoderL,0,112,-0.75493,-0.71758,0.72685,0.71679
ResidualEncoderL,0,113,-0.73849,-0.71772,0.70517,0.71563
ResidualEncoderL,0,114,-0.71785,-0.76717,0.80812,0.72488
ResidualEncoderL,0,115,-0.73052,-0.68957,0.73101,0.72549
ResidualEncoderL,0,116,-0.76661,-0.71465,0.72549,0.72549
ResidualEncoderL,0,117,-0.75191,-0.69687,0.7601,0.72895
ResidualEncoderL,0,118,-0.76918,-0.7327,0.80459,0.73651
ResidualEncoderL,0,119,-0.76927,-0.68708,0.67564,0.73043
ResidualEncoderL,0,120,-0.75796,-0.6616,0.69586,0.72697
ResidualEncoderL,0,121,-0.76573,-0.66215,0.71313,0.72559
ResidualEncoderL,0,122,-0.75698,-0.71708,0.71546,0.72457
ResidualEncoderL,0,123,-0.77148,-0.68788,0.77082,0.7292
ResidualEncoderL,0,124,-0.77467,-0.66854,0.6592,0.7222
ResidualEncoderL,0,125,-0.75768,-0.71855,0.63478,0.71346
ResidualEncoderL,0,126,-0.76603,-0.63526,0.72834,0.71494
ResidualEncoderL,0,127,-0.75063,-0.70577,0.73549,0.717
ResidualEncoderL,0,128,-0.7697,-0.71977,0.72539,0.71784
ResidualEncoderL,0,129,-0.74817,-0.71153,0.70013,0.71607
ResidualEncoderL,0,130,-0.75085,-0.68875,0.68435,0.7129
ResidualEncoderL,0,131,-0.73624,-0.6444,0.64965,0.70657
ResidualEncoderL,0,132,-0.74859,-0.68578,0.66662,0.70258
ResidualEncoderL,0,133,-0.74386,-0.71561,0.73294,0.70561
ResidualEncoderL,0,134,-0.75678,-0.70351,0.74591,0.70964
ResidualEncoderL,0,135,-0.74001,-0.64705,0.63438,0.70212
ResidualEncoderL,0,136,-0.74449,-0.6624,0.72788,0.70469
ResidualEncoderL,0,137,-0.75802,-0.64709,0.65925,0.70015
ResidualEncoderL,0,138,-0.75212,-0.70041,0.7229,0.70242
ResidualEncoderL,0,139,-0.73867,-0.63336,0.6726,0.69944
ResidualEncoderL,0,140,-0.77799,-0.70616,0.69557,0.69905
ResidualEncoderL,0,141,-0.74599,-0.69324,0.71814,0.70096
ResidualEncoderL,0,142,-0.75139,-0.68683,0.68069,0.69894
ResidualEncoderL,0,143,-0.76649,-0.67986,0.76712,0.70575
ResidualEncoderL,0,144,-0.75044,-0.71932,0.7367,0.70885
ResidualEncoderL,0,145,-0.75762,-0.71267,0.73412,0.71138
ResidualEncoderL,0,146,-0.75177,-0.72722,0.74959,0.7152
ResidualEncoderL,0,147,-0.75724,-0.70391,0.81518,0.7252
ResidualEncoderL,0,148,-0.74718,-0.6692,0.729,0.72558
ResidualEncoderL,0,149,-0.73615,-0.6423,0.59809,0.71283
ResidualEncoderL,0,150,-0.7458,-0.70157,0.72057,0.7136
ResidualEncoderL,0,151,-0.75494,-0.70026,0.69979,0.71222
ResidualEncoderL,0,152,-0.74173,-0.67104,0.741,0.7151
ResidualEncoderL,0,153,-0.75807,-0.68304,0.71305,0.71489
ResidualEncoderL,0,154,-0.7545,-0.70824,0.72874,0.71628
ResidualEncoderL,0,155,-0.76627,-0.69781,0.72498,0.71715
ResidualEncoderL,0,156,-0.74387,-0.71258,0.7478,0.72021
ResidualEncoderL,0,157,-0.77713,-0.73777,0.72307,0.7205
ResidualEncoderL,0,158,-0.7473,-0.69716,0.68705,0.71715
ResidualEncoderL,0,159,-0.76162,-0.7527,0.74144,0.71958
ResidualEncoderL,0,160,-0.71658,-0.66904,0.73369,0.72099
ResidualEncoderL,0,161,-0.7114,-0.67528,0.68124,0.71702
ResidualEncoderL,0,162,-0.76872,-0.71551,0.77181,0.7225
ResidualEncoderL,0,163,-0.76409,-0.69778,0.73993,0.72424
ResidualEncoderL,0,164,-0.7561,-0.76004,0.82899,0.73471
ResidualEncoderL,0,165,-0.7459,-0.72012,0.75148,0.73639
ResidualEncoderL,0,166,-0.73709,-0.68703,0.78153,0.74091
ResidualEncoderL,0,167,-0.77405,-0.69968,0.73833,0.74065
ResidualEncoderL,0,168,-0.73028,-0.67895,0.61879,0.72846
ResidualEncoderL,0,169,-0.73063,-0.74112,0.74367,0.72998
ResidualEncoderL,0,170,-0.7456,-0.6765,0.69611,0.7266
ResidualEncoderL,0,171,-0.76436,-0.67937,0.73193,0.72713
ResidualEncoderL,0,172,-0.76629,-0.72447,0.71963,0.72638
ResidualEncoderL,0,173,-0.75609,-0.74181,0.80425,0.73417
ResidualEncoderL,0,174,-0.74537,-0.70836,0.73778,0.73453
ResidualEncoderL,0,175,-0.75194,-0.67008,0.62995,0.72407
ResidualEncoderL,0,176,-0.77502,-0.6619,0.72135,0.7238
ResidualEncoderL,0,177,-0.77443,-0.66699,0.7098,0.7224
ResidualEncoderL,0,178,-0.7652,-0.71018,0.70227,0.72039
ResidualEncoderL,0,179,-0.77384,-0.68229,0.65209,0.71356
ResidualEncoderL,0,180,-0.76431,-0.69302,0.72731,0.71493
ResidualEncoderL,0,181,-0.74918,-0.66926,0.61686,0.70512
ResidualEncoderL,0,182,-0.74789,-0.68008,0.72454,0.70707
ResidualEncoderL,0,183,-0.76835,-0.6754,0.66376,0.70273
ResidualEncoderL,0,184,-0.75939,-0.74157,0.73706,0.70617
ResidualEncoderL,0,185,-0.74314,-0.6658,0.68885,0.70444
ResidualEncoderL,0,186,-0.78468,-0.68308,0.70056,0.70405
ResidualEncoderL,0,187,-0.75116,-0.70556,0.70905,0.70455
ResidualEncoderL,0,188,-0.75582,-0.69423,0.69794,0.70389
ResidualEncoderL,0,189,-0.75882,-0.67212,0.69335,0.70283
ResidualEncoderL,0,190,-0.76219,-0.69793,0.63374,0.69592
ResidualEncoderL,0,191,-0.76808,-0.73669,0.70416,0.69675
ResidualEncoderL,0,192,-0.75191,-0.68592,0.72324,0.6994
ResidualEncoderL,0,193,-0.76058,-0.70671,0.72271,0.70173
ResidualEncoderL,0,194,-0.76874,-0.71301,0.77027,0.70858
ResidualEncoderL,0,195,-0.75681,-0.72392,0.75397,0.71312
ResidualEncoderL,0,196,-0.77036,-0.72274,0.73003,0.71481
ResidualEncoderL,0,197,-0.7582,-0.7085,0.734,0.71673
ResidualEncoderL,0,198,-0.75471,-0.69976,0.64943,0.71
ResidualEncoderL,0,199,-0.77975,-0.69539,0.72834,0.71183
ResidualEncoderL,0,200,-0.75388,-0.66301,0.69627,0.71028
ResidualEncoderL,0,201,-0.76664,-0.74306,0.65912,0.70516
ResidualEncoderL,0,202,-0.78314,-0.70782,0.71583,0.70623
ResidualEncoderL,0,203,-0.77586,-0.71271,0.73031,0.70864
ResidualEncoderL,0,204,-0.77008,-0.72771,0.72335,0.71011
ResidualEncoderL,0,205,-0.75957,-0.69716,0.71386,0.71048
ResidualEncoderL,0,206,-0.7601,-0.68206,0.79395,0.71883
ResidualEncoderL,0,207,-0.76209,-0.73891,0.77378,0.72433
ResidualEncoderL,0,208,-0.75962,-0.68176,0.70131,0.72202
ResidualEncoderL,0,209,-0.77076,-0.69086,0.76496,0.72632
ResidualEncoderL,0,210,-0.78962,-0.70814,0.75637,0.72932
ResidualEncoderL,0,211,-0.7824,-0.68872,0.64657,0.72105
ResidualEncoderL,0,212,-0.77839,-0.69309,0.7224,0.72118
ResidualEncoderL,0,213,-0.75917,-0.67633,0.77258,0.72632
ResidualEncoderL,0,214,-0.75871,-0.72264,0.68749,0.72244
ResidualEncoderL,0,215,-0.76659,-0.71923,0.71903,0.7221
ResidualEncoderL,0,216,-0.76761,-0.7602,0.85761,0.73565
ResidualEncoderL,0,217,-0.75722,-0.71312,0.72019,0.7341
ResidualEncoderL,0,218,-0.76181,-0.6872,0.60744,0.72144
ResidualEncoderL,0,219,-0.78488,-0.69609,0.70001,0.71929
ResidualEncoderL,0,220,-0.76729,-0.69414,0.68898,0.71626
ResidualEncoderL,0,221,-0.78145,-0.7296,0.73039,0.71768
ResidualEncoderL,0,222,-0.77782,-0.6986,0.74794,0.7207
ResidualEncoderL,0,223,-0.77848,-0.71144,0.74951,0.72358
ResidualEncoderL,0,224,-0.78196,-0.71838,0.67486,0.71871
ResidualEncoderL,0,225,-0.77165,-0.74827,0.75894,0.72273
ResidualEncoderL,0,226,-0.76852,-0.66691,0.62777,0.71324
ResidualEncoderL,0,227,-0.78127,-0.68709,0.6663,0.70854
ResidualEncoderL,0,228,-0.78144,-0.69296,0.79306,0.717
ResidualEncoderL,0,229,-0.7724,-0.71392,0.74541,0.71984
ResidualEncoderL,0,230,-0.7811,-0.72893,0.75073,0.72293
ResidualEncoderL,0,231,-0.7722,-0.74609,0.78619,0.72925
ResidualEncoderL,0,232,-0.7651,-0.69236,0.69199,0.72553
ResidualEncoderL,0,233,-0.7653,-0.71556,0.72714,0.72569
ResidualEncoderL,0,234,-0.77114,-0.68383,0.65887,0.71901
ResidualEncoderL,0,235,-0.76228,-0.70526,0.69918,0.71702
ResidualEncoderL,0,236,-0.77574,-0.7701,0.77424,0.72275
ResidualEncoderL,0,237,-0.76623,-0.67742,0.71256,0.72173
ResidualEncoderL,0,238,-0.77191,-0.70053,0.68905,0.71846
ResidualEncoderL,0,239,-0.7895,-0.7455,0.82736,0.72935
ResidualEncoderL,0,240,-0.77442,-0.74706,0.73786,0.7302
ResidualEncoderL,0,241,-0.77748,-0.66,0.76196,0.73338
ResidualEncoderL,0,242,-0.7897,-0.71998,0.68749,0.72879
ResidualEncoderL,0,243,-0.7685,-0.70975,0.79488,0.7354
ResidualEncoderL,0,244,-0.76904,-0.76563,0.82112,0.74397
ResidualEncoderL,0,245,-0.77777,-0.76222,0.75784,0.74536
ResidualEncoderL,0,246,-0.75547,-0.72746,0.74984,0.74581
ResidualEncoderL,0,247,-0.76641,-0.73512,0.71688,0.74291
ResidualEncoderL,0,248,-0.75695,-0.76501,0.78147,0.74677
ResidualEncoderL,0,249,-0.78837,-0.71701,0.74528,0.74662
ResidualEncoderL,0,250,-0.78927,-0.73765,0.77741,0.7497
ResidualEncoderL,0,251,-0.79921,-0.68187,0.645,0.73923
ResidualEncoderL,0,252,-0.79589,-0.72266,0.83409,0.74872
ResidualEncoderL,0,253,-0.78698,-0.68449,0.69296,0.74314
ResidualEncoderL,0,254,-0.77783,-0.69767,0.68509,0.73734
ResidualEncoderL,0,255,-0.79764,-0.65674,0.68127,0.73173
ResidualEncoderL,0,256,-0.78968,-0.69688,0.76825,0.73538
ResidualEncoderL,0,257,-0.77713,-0.71158,0.71468,0.73331
ResidualEncoderL,0,258,-0.77133,-0.77769,0.79245,0.73923
ResidualEncoderL,0,259,-0.76781,-0.69885,0.75222,0.74053
ResidualEncoderL,0,260,-0.79554,-0.71913,0.73003,0.73948
ResidualEncoderL,0,261,-0.7777,-0.76787,0.78585,0.74411
ResidualEncoderL,0,262,-0.7789,-0.7272,0.76896,0.7466
ResidualEncoderL,0,263,-0.80077,-0.71579,0.6926,0.7412
ResidualEncoderL,0,264,-0.79249,-0.69274,0.66706,0.73378
ResidualEncoderL,0,265,-0.78046,-0.73128,0.77654,0.73806
ResidualEncoderL,0,266,-0.77057,-0.68559,0.64435,0.72869
ResidualEncoderL,0,267,-0.79206,-0.72979,0.81002,0.73682
ResidualEncoderL,0,268,-0.7875,-0.76865,0.82946,0.74609
ResidualEncoderL,0,269,-0.79061,-0.7485,0.80522,0.752
ResidualEncoderL,0,270,-0.78015,-0.72104,0.75122,0.75192
ResidualEncoderL,0,271,-0.7906,-0.72764,0.70832,0.74756
ResidualEncoderL,0,272,-0.78483,-0.68039,0.7364,0.74644
ResidualEncoderL,0,273,-0.79904,-0.70763,0.72906,0.74471
ResidualEncoderL,0,274,-0.77152,-0.7051,0.78528,0.74876
ResidualEncoderL,0,275,-0.7674,-0.74494,0.77262,0.75115
ResidualEncoderL,0,276,-0.75915,-0.77836,0.79555,0.75559
ResidualEncoderL,0,277,-0.80908,-0.73232,0.77399,0.75743
ResidualEncoderL,0,278,-0.79663,-0.78145,0.80692,0.76238
ResidualEncoderL,0,279,-0.77692,-0.75046,0.67496,0.75364
ResidualEncoderL,0,280,-0.80495,-0.72616,0.82719,0.76099
ResidualEncoderL,0,281,-0.80179,-0.71764,0.73522,0.75841
ResidualEncoderL,0,282,-0.78567,-0.73582,0.76127,0.7587
ResidualEncoderL,0,283,-0.79285,-0.7205,0.73428,0.75626
ResidualEncoderL,0,284,-0.78094,-0.73159,0.73824,0.75446
ResidualEncoderL,0,285,-0.80115,-0.76018,0.7729,0.7563
ResidualEncoderL,0,286,-0.79564,-0.75249,0.79533,0.7602
ResidualEncoderL,0,287,-0.78582,-0.73885,0.81469,0.76565
ResidualEncoderL,0,288,-0.80162,-0.70618,0.75372,0.76446
ResidualEncoderL,0,289,-0.78251,-0.69437,0.80682,0.76869
ResidualEncoderL,0,290,-0.81018,-0.72344,0.69526,0.76135
ResidualEncoderL,0,291,-0.79092,-0.7077,0.80177,0.76539
ResidualEncoderL,0,292,-0.80316,-0.7339,0.78589,0.76744
ResidualEncoderL,0,293,-0.80384,-0.72169,0.75672,0.76637
ResidualEncoderL,0,294,-0.78116,-0.73617,0.74413,0.76415
ResidualEncoderL,0,295,-0.78283,-0.71709,0.80337,0.76807
ResidualEncoderL,0,296,-0.79867,-0.73805,0.83597,0.77486
ResidualEncoderL,0,297,-0.80192,-0.68953,0.68228,0.7656
ResidualEncoderL,0,298,-0.79067,-0.72576,0.72434,0.76147
ResidualEncoderL,0,299,-0.79105,-0.69499,0.73592,0.75892
ResidualEncoderL,0,300,-0.80599,-0.72526,0.8262,0.76565
ResidualEncoderL,1,1,-0.11928,-0.28371,0.33684,0.33684
ResidualEncoderL,1,2,-0.34409,-0.43878,0.49151,0.3523
ResidualEncoderL,1,3,-0.48867,-0.54056,0.64471,0.38154
ResidualEncoderL,1,4,-0.51204,-0.48879,0.51853,0.39524
ResidualEncoderL,1,5,-0.50462,-0.62057,0.67677,0.4234
ResidualEncoderL,1,6,-0.56168,-0.57374,0.65341,0.4464
ResidualEncoderL,1,7,-0.59678,-0.57015,0.64796,0.46655
ResidualEncoderL,1,8,-0.59815,-0.63898,0.62831,0.48273
ResidualEncoderL,1,9,-0.55335,-0.60658,0.60036,0.49449
ResidualEncoderL,1,10,-0.59135,-0.5666,0.59577,0.50462
ResidualEncoderL,1,11,-0.61277,-0.59949,0.66229,0.52039
ResidualEncoderL,1,12,-0.61088,-0.59929,0.60927,0.52927
ResidualEncoderL,1,13,-0.61466,-0.54563,0.49132,0.52548
ResidualEncoderL,1,14,-0.60916,-0.58956,0.49785,0.52272
ResidualEncoderL,1,15,-0.63727,-0.627,0.70768,0.54121
ResidualEncoderL,1,16,-0.66276,-0.68293,0.70456,0.55755
ResidualEncoderL,1,17,-0.6463,-0.73318,0.73258,0.57505
ResidualEncoderL,1,18,-0.65366,-0.63704,0.67849,0.58539
ResidualEncoderL,1,19,-0.64723,-0.61137,0.62894,0.58975
ResidualEncoderL,1,20,-0.64345,-0.65993,0.72198,0.60297
ResidualEncoderL,1,21,-0.66093,-0.67327,0.69146,0.61182
ResidualEncoderL,1,22,-0.65867,-0.6443,0.74191,0.62483
ResidualEncoderL,1,23,-0.61462,-0.68318,0.65223,0.62757
ResidualEncoderL,1,24,-0.64472,-0.65111,0.74949,0.63976
ResidualEncoderL,1,25,-0.67092,-0.67625,0.71381,0.64717
ResidualEncoderL,1,26,-0.65208,-0.72805,0.75687,0.65814
ResidualEncoderL,1,27,-0.66032,-0.68568,0.71374,0.6637
ResidualEncoderL,1,28,-0.68614,-0.65493,0.71576,0.6689
ResidualEncoderL,1,29,-0.67731,-0.7412,0.73103,0.67512
ResidualEncoderL,1,30,-0.68785,-0.6731,0.71539,0.67914
ResidualEncoderL,1,31,-0.67587,-0.70408,0.74768,0.686
ResidualEncoderL,1,32,-0.66416,-0.71912,0.78887,0.69628
ResidualEncoderL,1,33,-0.68174,-0.69681,0.76906,0.70356
ResidualEncoderL,1,34,-0.67622,-0.70754,0.67446,0.70065
ResidualEncoderL,1,35,-0.69184,-0.6993,0.73236,0.70382
ResidualEncoderL,1,36,-0.67034,-0.65179,0.77833,0.71127
ResidualEncoderL,1,37,-0.68113,-0.68882,0.76737,0.71688
ResidualEncoderL,1,38,-0.68171,-0.70263,0.71818,0.71701
ResidualEncoderL,1,39,-0.68843,-0.68021,0.73847,0.71916
ResidualEncoderL,1,40,-0.68233,-0.69736,0.72037,0.71928
ResidualEncoderL,1,41,-0.65761,-0.62303,0.69376,0.71673
ResidualEncoderL,1,42,-0.69891,-0.69028,0.73971,0.71903
ResidualEncoderL,1,43,-0.71154,-0.6923,0.72029,0.71915
ResidualEncoderL,1,44,-0.70504,-0.71994,0.73176,0.72041
ResidualEncoderL,1,45,-0.7,-0.75739,0.80132,0.7285
ResidualEncoderL,1,46,-0.67945,-0.72379,0.75424,0.73108
ResidualEncoderL,1,47,-0.71636,-0.68129,0.71211,0.72918
ResidualEncoderL,1,48,-0.70426,-0.73715,0.7735,0.73361
ResidualEncoderL,1,49,-0.67843,-0.76123,0.79121,0.73937
ResidualEncoderL,1,50,-0.67036,-0.74052,0.78835,0.74427
ResidualEncoderL,1,51,-0.70585,-0.73713,0.8267,0.75251
ResidualEncoderL,1,52,-0.71283,-0.69598,0.71459,0.74872
ResidualEncoderL,1,53,-0.68898,-0.71055,0.79811,0.75366
ResidualEncoderL,1,54,-0.71845,-0.71494,0.81193,0.75949
ResidualEncoderL,1,55,-0.73589,-0.70168,0.74127,0.75767
ResidualEncoderL,1,56,-0.72431,-0.70208,0.79264,0.76116
ResidualEncoderL,1,57,-0.70727,-0.73443,0.76808,0.76185
ResidualEncoderL,1,58,-0.71988,-0.73992,0.78796,0.76446
ResidualEncoderL,1,59,-0.71814,-0.76241,0.83879,0.7719
ResidualEncoderL,1,60,-0.74019,-0.74463,0.75076,0.76978
ResidualEncoderL,1,61,-0.7115,-0.77681,0.80685,0.77349
ResidualEncoderL,1,62,-0.69112,-0.71448,0.7899,0.77513
ResidualEncoderL,1,63,-0.70876,-0.69322,0.76219,0.77384
ResidualEncoderL,1,64,-0.71923,-0.76506,0.82003,0.77846
ResidualEncoderL,1,65,-0.7049,-0.68385,0.76523,0.77713
ResidualEncoderL,1,66,-0.70941,-0.72788,0.78016,0.77744
ResidualEncoderL,1,67,-0.74061,-0.73213,0.74605,0.7743
ResidualEncoderL,1,68,-0.6538,-0.7026,0.76345,0.77321
ResidualEncoderL,1,69,-0.70803,-0.74697,0.81737,0.77763
ResidualEncoderL,1,70,-0.7281,-0.70819,0.80905,0.78077
ResidualEncoderL,1,71,-0.7328,-0.73357,0.77666,0.78036
ResidualEncoderL,1,72,-0.73254,-0.73043,0.78978,0.7813
ResidualEncoderL,1,73,-0.72066,-0.76263,0.78923,0.7821
ResidualEncoderL,1,74,-0.70024,-0.74414,0.78746,0.78263
ResidualEncoderL,1,75,-0.69758,-0.72135,0.77894,0.78226
ResidualEncoderL,1,76,-0.72219,-0.79045,0.84824,0.78886
ResidualEncoderL,1,77,-0.73064,-0.73451,0.76316,0.78629
ResidualEncoderL,1,78,-0.69653,-0.72767,0.82588,0.79025
ResidualEncoderL,1,79,-0.72268,-0.80657,0.80442,0.79167
ResidualEncoderL,1,80,-0.7137,-0.76475,0.79206,0.79171
ResidualEncoderL,1,81,-0.6888,-0.72623,0.84109,0.79664
ResidualEncoderL,1,82,-0.71527,-0.7209,0.78373,0.79535
ResidualEncoderL,1,83,-0.73026,-0.69551,0.74064,0.78988
ResidualEncoderL,1,84,-0.71191,-0.73586,0.80885,0.79178
ResidualEncoderL,1,85,-0.70252,-0.70895,0.76605,0.78921
ResidualEncoderL,1,86,-0.71632,-0.72988,0.84416,0.7947
ResidualEncoderL,1,87,-0.71925,-0.76484,0.8274,0.79797
ResidualEncoderL,1,88,-0.71473,-0.71026,0.79135,0.79731
ResidualEncoderL,1,89,-0.74358,-0.72228,0.72311,0.78989
ResidualEncoderL,1,90,-0.71026,-0.68599,0.78481,0.78938
ResidualEncoderL,1,91,-0.7126,-0.73875,0.77199,0.78764
ResidualEncoderL,1,92,-0.71242,-0.76301,0.8264,0.79152
ResidualEncoderL,1,93,-0.69896,-0.74494,0.79263,0.79163
ResidualEncoderL,1,94,-0.7192,-0.69306,0.74133,0.7866
ResidualEncoderL,1,95,-0.70476,-0.66868,0.59151,0.76709
ResidualEncoderL,1,96,-0.71052,-0.73857,0.80247,0.77063
ResidualEncoderL,1,97,-0.72143,-0.76923,0.82714,0.77628
ResidualEncoderL,1,98,-0.72654,-0.73297,0.82941,0.78159
ResidualEncoderL,1,99,-0.7286,-0.69881,0.76831,0.78026
ResidualEncoderL,1,100,-0.72992,-0.72484,0.76525,0.77876
ResidualEncoderL,1,101,-0.72011,-0.73635,0.82076,0.78296
ResidualEncoderL,1,102,-0.73079,-0.759,0.76545,0.78121
ResidualEncoderL,1,103,-0.71097,-0.67677,0.70037,0.77313
ResidualEncoderL,1,104,-0.70358,-0.74714,0.81525,0.77734
ResidualEncoderL,1,105,-0.70752,-0.70431,0.81055,0.78066
ResidualEncoderL,1,106,-0.69995,-0.7442,0.79807,0.7824
ResidualEncoderL,1,107,-0.74549,-0.72983,0.75707,0.77987
ResidualEncoderL,1,108,-0.73766,-0.72035,0.78305,0.78019
ResidualEncoderL,1,109,-0.70515,-0.76838,0.83248,0.78542
ResidualEncoderL,1,110,-0.7175,-0.77159,0.85314,0.79219
ResidualEncoderL,1,111,-0.74344,-0.79261,0.79988,0.79296
ResidualEncoderL,1,112,-0.69501,-0.74958,0.75415,0.78908
ResidualEncoderL,1,113,-0.73889,-0.72209,0.76779,0.78695
ResidualEncoderL,1,114,-0.74564,-0.70911,0.73609,0.78186
ResidualEncoderL,1,115,-0.74191,-0.74669,0.80436,0.78411
ResidualEncoderL,1,116,-0.74384,-0.75051,0.82556,0.78826
ResidualEncoderL,1,117,-0.7392,-0.75896,0.7981,0.78924
ResidualEncoderL,1,118,-0.72276,-0.74461,0.81747,0.79206
ResidualEncoderL,1,119,-0.72352,-0.7293,0.79122,0.79198
ResidualEncoderL,1,120,-0.74666,-0.73932,0.8435,0.79713
ResidualEncoderL,1,121,-0.72034,-0.75526,0.81527,0.79895
ResidualEncoderL,1,122,-0.73701,-0.75682,0.81628,0.80068
ResidualEncoderL,1,123,-0.75209,-0.75562,0.81836,0.80245
ResidualEncoderL,1,124,-0.72475,-0.7648,0.79301,0.8015
ResidualEncoderL,1,125,-0.73263,-0.75331,0.80952,0.80231
ResidualEncoderL,1,126,-0.73516,-0.74424,0.75986,0.79806
ResidualEncoderL,1,127,-0.7433,-0.74376,0.82502,0.80076
ResidualEncoderL,1,128,-0.72732,-0.76089,0.83992,0.80467
ResidualEncoderL,1,129,-0.76326,-0.72119,0.76765,0.80097
ResidualEncoderL,1,130,-0.74265,-0.77007,0.82044,0.80292
ResidualEncoderL,1,131,-0.72397,-0.72495,0.82411,0.80504
ResidualEncoderL,1,132,-0.75723,-0.7454,0.79171,0.8037
ResidualEncoderL,1,133,-0.75516,-0.76362,0.8548,0.80881
ResidualEncoderL,1,134,-0.75881,-0.8017,0.84558,0.81249
ResidualEncoderL,1,135,-0.74258,-0.74023,0.81869,0.81311
ResidualEncoderL,1,136,-0.73219,-0.78846,0.85061,0.81686
ResidualEncoderL,1,137,-0.71525,-0.70474,0.78764,0.81394
ResidualEncoderL,1,138,-0.70629,-0.73504,0.78097,0.81064
ResidualEncoderL,1,139,-0.74337,-0.77253,0.81884,0.81146
ResidualEncoderL,1,140,-0.75159,-0.75579,0.81279,0.81159
ResidualEncoderL,1,141,-0.76814,-0.71443,0.71145,0.80158
ResidualEncoderL,1,142,-0.74031,-0.70427,0.79847,0.80127
ResidualEncoderL,1,143,-0.73992,-0.74892,0.82412,0.80355
ResidualEncoderL,1,144,-0.75404,-0.75469,0.84629,0.80783
ResidualEncoderL,1,145,-0.73622,-0.71352,0.77798,0.80484
ResidualEncoderL,1,146,-0.75136,-0.72245,0.76176,0.80053
ResidualEncoderL,1,147,-0.72843,-0.76108,0.8553,0.80601
ResidualEncoderL,1,148,-0.72053,-0.68852,0.78897,0.80431
ResidualEncoderL,1,149,-0.73133,-0.7596,0.82373,0.80625
ResidualEncoderL,1,150,-0.72077,-0.74583,0.82313,0.80794
ResidualEncoderL,1,151,-0.74623,-0.77337,0.87349,0.81449
ResidualEncoderL,1,152,-0.7251,-0.76423,0.822,0.81524
ResidualEncoderL,1,153,-0.77402,-0.7754,0.8039,0.81411
ResidualEncoderL,1,154,-0.73752,-0.76115,0.82941,0.81564
ResidualEncoderL,1,155,-0.73011,-0.72927,0.76645,0.81072
ResidualEncoderL,1,156,-0.74385,-0.74994,0.83974,0.81362
ResidualEncoderL,1,157,-0.73648,-0.76137,0.82978,0.81524
ResidualEncoderL,1,158,-0.75286,-0.7282,0.83393,0.81711
ResidualEncoderL,1,159,-0.7481,-0.76533,0.86082,0.82148
ResidualEncoderL,1,160,-0.71769,-0.70156,0.78655,0.81799
ResidualEncoderL,1,161,-0.72504,-0.74547,0.80817,0.817
ResidualEncoderL,1,162,-0.76202,-0.73992,0.78254,0.81356
ResidualEncoderL,1,163,-0.73777,-0.73186,0.83029,0.81523
ResidualEncoderL,1,164,-0.76579,-0.7246,0.81268,0.81498
ResidualEncoderL,1,165,-0.76658,-0.75207,0.82598,0.81608
ResidualEncoderL,1,166,-0.70896,-0.7331,0.75936,0.8104
ResidualEncoderL,1,167,-0.73345,-0.74834,0.81241,0.81061
ResidualEncoderL,1,168,-0.70853,-0.70156,0.67947,0.79749
ResidualEncoderL,1,169,-0.72829,-0.72953,0.82163,0.7999
ResidualEncoderL,1,170,-0.73671,-0.70548,0.73221,0.79313
ResidualEncoderL,1,171,-0.74553,-0.75374,0.81395,0.79522
ResidualEncoderL,1,172,-0.74537,-0.73159,0.77537,0.79323
ResidualEncoderL,1,173,-0.75686,-0.72373,0.80526,0.79443
ResidualEncoderL,1,174,-0.72253,-0.71524,0.81017,0.79601
ResidualEncoderL,1,175,-0.74126,-0.7906,0.83519,0.79993
ResidualEncoderL,1,176,-0.73221,-0.75758,0.82371,0.8023
ResidualEncoderL,1,177,-0.72818,-0.7708,0.84952,0.80703
ResidualEncoderL,1,178,-0.73362,-0.72167,0.73895,0.80022
ResidualEncoderL,1,179,-0.73871,-0.74933,0.80641,0.80084
ResidualEncoderL,1,180,-0.74492,-0.78346,0.87763,0.80852
ResidualEncoderL,1,181,-0.7448,-0.75122,0.78156,0.80582
ResidualEncoderL,1,182,-0.74938,-0.76907,0.84342,0.80958
ResidualEncoderL,1,183,-0.7648,-0.77799,0.83095,0.81172
ResidualEncoderL,1,184,-0.75679,-0.72199,0.75165,0.80571
ResidualEncoderL,1,185,-0.75049,-0.80992,0.87284,0.81242
ResidualEncoderL,1,186,-0.74875,-0.7438,0.83417,0.8146
ResidualEncoderL,1,187,-0.7547,-0.70186,0.8059,0.81373
ResidualEncoderL,1,188,-0.76343,-0.76419,0.82325,0.81468
ResidualEncoderL,1,189,-0.74994,-0.73437,0.79037,0.81225
ResidualEncoderL,1,190,-0.75896,-0.76301,0.8386,0.81488
ResidualEncoderL,1,191,-0.77639,-0.7434,0.80806,0.8142
ResidualEncoderL,1,192,-0.76573,-0.73477,0.7947,0.81225
ResidualEncoderL,1,193,-0.78058,-0.77429,0.823,0.81333
ResidualEncoderL,1,194,-0.77358,-0.77592,0.80444,0.81244
ResidualEncoderL,1,195,-0.75259,-0.76005,0.81854,0.81305
ResidualEncoderL,1,196,-0.77304,-0.75197,0.79056,0.8108
ResidualEncoderL,1,197,-0.76463,-0.70902,0.81952,0.81167
ResidualEncoderL,1,198,-0.74002,-0.7756,0.85356,0.81586
ResidualEncoderL,1,199,-0.75663,-0.76125,0.83893,0.81817
ResidualEncoderL,1,200,-0.74438,-0.77071,0.82524,0.81887
ResidualEncoderL,1,201,-0.75552,-0.79261,0.84079,0.82107
ResidualEncoderL,1,202,-0.74711,-0.76631,0.81405,0.82036
ResidualEncoderL,1,203,-0.73855,-0.76499,0.80524,0.81885
ResidualEncoderL,1,204,-0.75973,-0.71226,0.79284,0.81625
ResidualEncoderL,1,205,-0.75484,-0.75524,0.81306,0.81593
ResidualEncoderL,1,206,-0.76483,-0.74036,0.7996,0.8143
ResidualEncoderL,1,207,-0.7353,-0.78158,0.84954,0.81782
ResidualEncoderL,1,208,-0.76691,-0.7669,0.84339,0.82038
ResidualEncoderL,1,209,-0.76561,-0.7693,0.82465,0.82081
ResidualEncoderL,1,210,-0.74608,-0.7868,0.84933,0.82366
ResidualEncoderL,1,211,-0.76026,-0.79787,0.82519,0.82381
ResidualEncoderL,1,212,-0.7619,-0.77456,0.82809,0.82424
ResidualEncoderL,1,213,-0.77219,-0.74862,0.76152,0.81797
ResidualEncoderL,1,214,-0.74873,-0.68623,0.73375,0.80955
ResidualEncoderL,1,215,-0.77192,-0.74578,0.81276,0.80987
ResidualEncoderL,1,216,-0.77325,-0.70239,0.81403,0.81028
ResidualEncoderL,1,217,-0.73519,-0.78042,0.863,0.81555
ResidualEncoderL,1,218,-0.76189,-0.79636,0.86552,0.82055
ResidualEncoderL,1,219,-0.74841,-0.77056,0.81022,0.81952
ResidualEncoderL,1,220,-0.73179,-0.7592,0.83834,0.8214
ResidualEncoderL,1,221,-0.74679,-0.73664,0.80555,0.81982
ResidualEncoderL,1,222,-0.78291,-0.73479,0.78276,0.81611
ResidualEncoderL,1,223,-0.7502,-0.78514,0.82594,0.81709
ResidualEncoderL,1,224,-0.77496,-0.77806,0.83912,0.8193
ResidualEncoderL,1,225,-0.75018,-0.73017,0.76846,0.81421
ResidualEncoderL,1,226,-0.75765,-0.76285,0.81731,0.81452
ResidualEncoderL,1,227,-0.75456,-0.74262,0.81423,0.81449
ResidualEncoderL,1,228,-0.75935,-0.7797,0.83488,0.81653
ResidualEncoderL,1,229,-0.77671,-0.7845,0.85376,0.82025
ResidualEncoderL,1,230,-0.74615,-0.80082,0.84948,0.82318
ResidualEncoderL,1,231,-0.75941,-0.73044,0.76716,0.81757
ResidualEncoderL,1,232,-0.75044,-0.75612,0.80221,0.81604
ResidualEncoderL,1,233,-0.78412,-0.74235,0.78491,0.81292
ResidualEncoderL,1,234,-0.77295,-0.81432,0.86782,0.81841
ResidualEncoderL,1,235,-0.78374,-0.79138,0.8878,0.82535
ResidualEncoderL,1,236,-0.77193,-0.78516,0.81472,0.82429
ResidualEncoderL,1,237,-0.78473,-0.82091,0.87298,0.82916
ResidualEncoderL,1,238,-0.76667,-0.80581,0.8782,0.83406
ResidualEncoderL,1,239,-0.76883,-0.77151,0.86047,0.8367
ResidualEncoderL,1,240,-0.78984,-0.68865,0.81745,0.83478
ResidualEncoderL,1,241,-0.7687,-0.74575,0.76216,0.82752
ResidualEncoderL,1,242,-0.77386,-0.78699,0.81918,0.82668
ResidualEncoderL,1,243,-0.77082,-0.73049,0.84732,0.82875
ResidualEncoderL,1,244,-0.76603,-0.76757,0.84672,0.83054
ResidualEncoderL,1,245,-0.76831,-0.71635,0.79509,0.827
ResidualEncoderL,1,246,-0.77103,-0.78831,0.86203,0.8305
ResidualEncoderL,1,247,-0.77176,-0.79654,0.87648,0.8351
ResidualEncoderL,1,248,-0.76586,-0.73544,0.80715,0.8323
ResidualEncoderL,1,249,-0.7612,-0.75405,0.84256,0.83333
ResidualEncoderL,1,250,-0.77127,-0.79553,0.87703,0.8377
ResidualEncoderL,1,251,-0.79518,-0.74284,0.83496,0.83743
ResidualEncoderL,1,252,-0.77714,-0.74697,0.77965,0.83165
ResidualEncoderL,1,253,-0.77253,-0.76429,0.82594,0.83108
ResidualEncoderL,1,254,-0.76466,-0.74737,0.80766,0.82874
ResidualEncoderL,1,255,-0.77406,-0.78394,0.84669,0.83053
ResidualEncoderL,1,256,-0.78144,-0.73026,0.81217,0.8287
ResidualEncoderL,1,257,-0.75118,-0.72792,0.82751,0.82858
ResidualEncoderL,1,258,-0.7639,-0.75668,0.76546,0.82227
ResidualEncoderL,1,259,-0.7847,-0.74604,0.83927,0.82397
ResidualEncoderL,1,260,-0.76647,-0.77283,0.77946,0.81952
ResidualEncoderL,1,261,-0.79246,-0.80381,0.83396,0.82096
ResidualEncoderL,1,262,-0.77797,-0.77641,0.81784,0.82065
ResidualEncoderL,1,263,-0.7728,-0.80057,0.86493,0.82508
ResidualEncoderL,1,264,-0.79003,-0.77841,0.79905,0.82247
ResidualEncoderL,1,265,-0.77669,-0.74398,0.80332,0.82056
ResidualEncoderL,1,266,-0.77457,-0.76671,0.82735,0.82124
ResidualEncoderL,1,267,-0.77664,-0.77917,0.86474,0.82559
ResidualEncoderL,1,268,-0.78164,-0.76882,0.83538,0.82657
ResidualEncoderL,1,269,-0.79217,-0.77288,0.85126,0.82904
ResidualEncoderL,1,270,-0.78212,-0.78162,0.86988,0.83312
ResidualEncoderL,1,271,-0.7763,-0.80707,0.88648,0.83846
ResidualEncoderL,1,272,-0.77094,-0.72663,0.84085,0.8387
ResidualEncoderL,1,273,-0.78963,-0.7444,0.83998,0.83882
ResidualEncoderL,1,274,-0.76021,-0.76988,0.85497,0.84044
ResidualEncoderL,1,275,-0.78329,-0.77623,0.84904,0.8413
ResidualEncoderL,1,276,-0.78686,-0.77617,0.82777,0.83995
ResidualEncoderL,1,277,-0.77472,-0.77685,0.79646,0.8356
ResidualEncoderL,1,278,-0.77553,-0.79938,0.86935,0.83897
ResidualEncoderL,1,279,-0.77925,-0.74713,0.80225,0.8353
ResidualEncoderL,1,280,-0.78063,-0.78232,0.80891,0.83266
ResidualEncoderL,1,281,-0.77688,-0.80992,0.8512,0.83452
ResidualEncoderL,1,282,-0.77547,-0.78548,0.8764,0.8387
ResidualEncoderL,1,283,-0.78578,-0.77119,0.82106,0.83694
ResidualEncoderL,1,284,-0.77341,-0.75682,0.75419,0.82866
ResidualEncoderL,1,285,-0.77782,-0.73046,0.82418,0.82822
ResidualEncoderL,1,286,-0.79074,-0.7868,0.82181,0.82757
ResidualEncoderL,1,287,-0.78563,-0.78918,0.84406,0.82922
ResidualEncoderL,1,288,-0.79948,-0.76177,0.86102,0.8324
ResidualEncoderL,1,289,-0.80663,-0.76051,0.8296,0.83212
ResidualEncoderL,1,290,-0.77549,-0.77755,0.819,0.83081
ResidualEncoderL,1,291,-0.80328,-0.79336,0.85059,0.83279
ResidualEncoderL,1,292,-0.77398,-0.77237,0.8669,0.8362
ResidualEncoderL,1,293,-0.78863,-0.78337,0.84718,0.8373
ResidualEncoderL,1,294,-0.80516,-0.76713,0.86575,0.84014
ResidualEncoderL,1,295,-0.78079,-0.729,0.79137,0.83527
ResidualEncoderL,1,296,-0.79005,-0.80204,0.86312,0.83805
ResidualEncoderL,1,297,-0.78818,-0.72267,0.83226,0.83747
ResidualEncoderL,1,298,-0.78597,-0.80432,0.87133,0.84086
ResidualEncoderL,1,299,-0.79092,-0.77629,0.81561,0.83833
ResidualEncoderL,1,300,-0.78737,-0.70965,0.85217,0.83972
ResidualEncoderL,2,1,-0.11229,-0.23452,0.28042,0.28042
ResidualEncoderL,2,2,-0.30464,-0.45473,0.45771,0.29815
ResidualEncoderL,2,3,-0.44646,-0.51881,0.60877,0.32921
ResidualEncoderL,2,4,-0.52846,-0.60476,0.66337,0.36263
ResidualEncoderL,2,5,-0.52803,-0.57109,0.61369,0.38774
ResidualEncoderL,2,6,-0.5348,-0.60395,0.62231,0.41119
ResidualEncoderL,2,7,-0.57749,-0.62302,0.64654,0.43473
ResidualEncoderL,2,8,-0.55418,-0.60395,0.58189,0.44944
ResidualEncoderL,2,9,-0.58805,-0.64843,0.71273,0.47577
ResidualEncoderL,2,10,-0.59881,-0.62308,0.69463,0.49766
ResidualEncoderL,2,11,-0.5677,-0.54316,0.55096,0.50299
ResidualEncoderL,2,12,-0.61469,-0.6245,0.65226,0.51792
ResidualEncoderL,2,13,-0.59845,-0.6077,0.61532,0.52766
ResidualEncoderL,2,14,-0.62102,-0.65102,0.68621,0.54351
ResidualEncoderL,2,15,-0.63692,-0.64027,0.70066,0.55923
ResidualEncoderL,2,16,-0.63698,-0.62439,0.64792,0.5681
ResidualEncoderL,2,17,-0.61654,-0.67336,0.68607,0.57989
ResidualEncoderL,2,18,-0.62314,-0.64914,0.63873,0.58578
ResidualEncoderL,2,19,-0.59534,-0.67511,0.70807,0.59801
ResidualEncoderL,2,20,-0.62653,-0.63447,0.63809,0.60202
ResidualEncoderL,2,21,-0.63533,-0.70013,0.72048,0.61386
ResidualEncoderL,2,22,-0.62731,-0.64947,0.72311,0.62479
ResidualEncoderL,2,23,-0.66234,-0.65386,0.71973,0.63428
ResidualEncoderL,2,24,-0.66042,-0.64671,0.62979,0.63383
ResidualEncoderL,2,25,-0.68238,-0.66857,0.7284,0.64329
ResidualEncoderL,2,26,-0.66993,-0.68917,0.72327,0.65129
ResidualEncoderL,2,27,-0.67943,-0.708,0.75104,0.66126
ResidualEncoderL,2,28,-0.66047,-0.7133,0.72068,0.6672
ResidualEncoderL,2,29,-0.68473,-0.64683,0.69492,0.66998
ResidualEncoderL,2,30,-0.659,-0.66312,0.70098,0.67308
ResidualEncoderL,2,31,-0.6953,-0.69639,0.69623,0.67539
ResidualEncoderL,2,32,-0.68582,-0.69256,0.74625,0.68248
ResidualEncoderL,2,33,-0.68551,-0.64683,0.66757,0.68099
ResidualEncoderL,2,34,-0.6955,-0.70568,0.746,0.68749
ResidualEncoderL,2,35,-0.66525,-0.69113,0.68335,0.68707
ResidualEncoderL,2,36,-0.68956,-0.6886,0.73072,0.69144
ResidualEncoderL,2,37,-0.68286,-0.7223,0.7874,0.70103
ResidualEncoderL,2,38,-0.66,-0.66187,0.67033,0.69796
ResidualEncoderL,2,39,-0.67876,-0.69404,0.76162,0.70433
ResidualEncoderL,2,40,-0.68268,-0.66539,0.69357,0.70325
ResidualEncoderL,2,41,-0.6926,-0.69134,0.70975,0.7039
ResidualEncoderL,2,42,-0.68584,-0.71149,0.76049,0.70956
ResidualEncoderL,2,43,-0.70521,-0.74949,0.71646,0.71025
ResidualEncoderL,2,44,-0.68471,-0.68816,0.75449,0.71468
ResidualEncoderL,2,45,-0.66753,-0.70723,0.73563,0.71677
ResidualEncoderL,2,46,-0.6875,-0.68959,0.7373,0.71882
ResidualEncoderL,2,47,-0.68365,-0.70662,0.7338,0.72032
ResidualEncoderL,2,48,-0.70555,-0.70469,0.7758,0.72587
ResidualEncoderL,2,49,-0.73126,-0.67583,0.70277,0.72356
ResidualEncoderL,2,50,-0.6947,-0.7151,0.71272,0.72248
ResidualEncoderL,2,51,-0.70064,-0.73389,0.75003,0.72523
ResidualEncoderL,2,52,-0.69159,-0.70888,0.70969,0.72368
ResidualEncoderL,2,53,-0.68827,-0.6863,0.74922,0.72623
ResidualEncoderL,2,54,-0.70485,-0.69551,0.75116,0.72872
ResidualEncoderL,2,55,-0.70257,-0.7392,0.73568,0.72942
ResidualEncoderL,2,56,-0.71446,-0.72646,0.75538,0.73202
ResidualEncoderL,2,57,-0.70742,-0.70388,0.79405,0.73822
ResidualEncoderL,2,58,-0.70868,-0.73596,0.78513,0.74291
ResidualEncoderL,2,59,-0.72628,-0.73673,0.76917,0.74554
ResidualEncoderL,2,60,-0.73468,-0.76258,0.76227,0.74721
ResidualEncoderL,2,61,-0.73124,-0.70941,0.70444,0.74293
ResidualEncoderL,2,62,-0.71957,-0.69335,0.66791,0.73543
ResidualEncoderL,2,63,-0.71038,-0.72117,0.76264,0.73815
ResidualEncoderL,2,64,-0.70994,-0.75449,0.80684,0.74502
ResidualEncoderL,2,65,-0.73793,-0.71061,0.6945,0.73997
ResidualEncoderL,2,66,-0.72958,-0.73326,0.7896,0.74493
ResidualEncoderL,2,67,-0.73323,-0.70548,0.73039,0.74348
ResidualEncoderL,2,68,-0.71497,-0.71419,0.7912,0.74825
ResidualEncoderL,2,69,-0.71333,-0.68232,0.77289,0.75071
ResidualEncoderL,2,70,-0.70815,-0.7096,0.77018,0.75266
ResidualEncoderL,2,71,-0.73102,-0.69736,0.74662,0.75206
ResidualEncoderL,2,72,-0.71803,-0.71698,0.81235,0.75809
ResidualEncoderL,2,73,-0.72188,-0.71509,0.792,0.76148
ResidualEncoderL,2,74,-0.73773,-0.71258,0.7907,0.7644
ResidualEncoderL,2,75,-0.72409,-0.6448,0.62642,0.7506
ResidualEncoderL,2,76,-0.6966,-0.69622,0.75483,0.75102
ResidualEncoderL,2,77,-0.71272,-0.75465,0.76828,0.75275
ResidualEncoderL,2,78,-0.71037,-0.71717,0.76563,0.75404
ResidualEncoderL,2,79,-0.73739,-0.73928,0.81791,0.76043
ResidualEncoderL,2,80,-0.70395,-0.70496,0.77389,0.76177
ResidualEncoderL,2,81,-0.72363,-0.72991,0.76478,0.76207
ResidualEncoderL,2,82,-0.71524,-0.76946,0.80711,0.76658
ResidualEncoderL,2,83,-0.70343,-0.69529,0.71457,0.76137
ResidualEncoderL,2,84,-0.7108,-0.7455,0.78568,0.76381
ResidualEncoderL,2,85,-0.69832,-0.70909,0.70155,0.75758
ResidualEncoderL,2,86,-0.74776,-0.75639,0.81673,0.7635
ResidualEncoderL,2,87,-0.75252,-0.75598,0.75853,0.763
ResidualEncoderL,2,88,-0.71811,-0.69273,0.74447,0.76115
ResidualEncoderL,2,89,-0.71769,-0.71182,0.76463,0.76149
ResidualEncoderL,2,90,-0.73597,-0.66858,0.67906,0.75325
ResidualEncoderL,2,91,-0.70447,-0.75335,0.73356,0.75128
ResidualEncoderL,2,92,-0.72019,-0.75466,0.776,0.75375
ResidualEncoderL,2,93,-0.71069,-0.67609,0.76868,0.75525
ResidualEncoderL,2,94,-0.74532,-0.7497,0.78613,0.75833
ResidualEncoderL,2,95,-0.75171,-0.74889,0.75409,0.75791
ResidualEncoderL,2,96,-0.73585,-0.72215,0.75989,0.75811
ResidualEncoderL,2,97,-0.72692,-0.72469,0.78282,0.76058
ResidualEncoderL,2,98,-0.71683,-0.71443,0.70559,0.75508
ResidualEncoderL,2,99,-0.74373,-0.76139,0.79116,0.75869
ResidualEncoderL,2,100,-0.73568,-0.73604,0.77522,0.76034
ResidualEncoderL,2,101,-0.73871,-0.73647,0.7596,0.76027
ResidualEncoderL,2,102,-0.74053,-0.69846,0.75595,0.75984
ResidualEncoderL,2,103,-0.73749,-0.72308,0.76318,0.76017
ResidualEncoderL,2,104,-0.73581,-0.6956,0.76804,0.76096
ResidualEncoderL,2,105,-0.74874,-0.72734,0.77009,0.76187
ResidualEncoderL,2,106,-0.74522,-0.68781,0.77491,0.76317
ResidualEncoderL,2,107,-0.73484,-0.70398,0.76658,0.76351
ResidualEncoderL,2,108,-0.74297,-0.70518,0.80179,0.76734
ResidualEncoderL,2,109,-0.73959,-0.74362,0.76185,0.76679
ResidualEncoderL,2,110,-0.74596,-0.73185,0.70342,0.76046
ResidualEncoderL,2,111,-0.75448,-0.65814,0.63483,0.74789
ResidualEncoderL,2,112,-0.72706,-0.70578,0.74431,0.74753
ResidualEncoderL,2,113,-0.73625,-0.66857,0.75764,0.74854
ResidualEncoderL,2,114,-0.73243,-0.66817,0.72324,0.74601
ResidualEncoderL,2,115,-0.74412,-0.71778,0.71611,0.74302
ResidualEncoderL,2,116,-0.72483,-0.72208,0.67437,0.73616
ResidualEncoderL,2,117,-0.74392,-0.72652,0.79665,0.74221
ResidualEncoderL,2,118,-0.75097,-0.74389,0.82522,0.75051
ResidualEncoderL,2,119,-0.73524,-0.74139,0.812,0.75666
ResidualEncoderL,2,120,-0.7479,-0.7038,0.75731,0.75672
ResidualEncoderL,2,121,-0.74073,-0.70383,0.76593,0.75764
ResidualEncoderL,2,122,-0.7281,-0.74449,0.77473,0.75935
ResidualEncoderL,2,123,-0.72782,-0.72317,0.76371,0.75979
ResidualEncoderL,2,124,-0.72347,-0.71796,0.76592,0.7604
ResidualEncoderL,2,125,-0.73362,-0.71759,0.68903,0.75326
ResidualEncoderL,2,126,-0.73474,-0.76766,0.80749,0.75869
ResidualEncoderL,2,127,-0.708,-0.73563,0.74495,0.75731
ResidualEncoderL,2,128,-0.73806,-0.66459,0.67333,0.74891
ResidualEncoderL,2,129,-0.69313,-0.74274,0.80768,0.75479
ResidualEncoderL,2,130,-0.7423,-0.69128,0.70754,0.75006
ResidualEncoderL,2,131,-0.72624,-0.68128,0.7135,0.74641
ResidualEncoderL,2,132,-0.75825,-0.72281,0.71107,0.74287
ResidualEncoderL,2,133,-0.74228,-0.74505,0.74802,0.74339
ResidualEncoderL,2,134,-0.73843,-0.74763,0.78671,0.74772
ResidualEncoderL,2,135,-0.72584,-0.70752,0.78796,0.75174
ResidualEncoderL,2,136,-0.73907,-0.70259,0.78477,0.75505
ResidualEncoderL,2,137,-0.76504,-0.77422,0.80993,0.76053
ResidualEncoderL,2,138,-0.73392,-0.72169,0.75869,0.76035
ResidualEncoderL,2,139,-0.753,-0.74539,0.78659,0.76297
ResidualEncoderL,2,140,-0.73462,-0.78511,0.78134,0.76481
ResidualEncoderL,2,141,-0.75595,-0.72471,0.81243,0.76957
ResidualEncoderL,2,142,-0.74654,-0.69973,0.70078,0.76269
ResidualEncoderL,2,143,-0.7423,-0.72135,0.69787,0.75621
ResidualEncoderL,2,144,-0.76804,-0.74634,0.78371,0.75896
ResidualEncoderL,2,145,-0.7441,-0.71568,0.76044,0.75911
ResidualEncoderL,2,146,-0.7373,-0.81061,0.83294,0.76649
ResidualEncoderL,2,147,-0.75194,-0.75773,0.78956,0.7688
ResidualEncoderL,2,148,-0.76093,-0.7108,0.75174,0.76709
ResidualEncoderL,2,149,-0.75905,-0.75013,0.80638,0.77102
ResidualEncoderL,2,150,-0.76554,-0.74602,0.77079,0.771
ResidualEncoderL,2,151,-0.74882,-0.73473,0.74679,0.76858
ResidualEncoderL,2,152,-0.76744,-0.65137,0.63621,0.75534
ResidualEncoderL,2,153,-0.73729,-0.72077,0.71069,0.75088
ResidualEncoderL,2,154,-0.7551,-0.74245,0.7421,0.75
ResidualEncoderL,2,155,-0.74214,-0.75476,0.79737,0.75474
ResidualEncoderL,2,156,-0.76039,-0.65912,0.67793,0.74706
ResidualEncoderL,2,157,-0.74897,-0.71147,0.7038,0.74273
ResidualEncoderL,2,158,-0.7569,-0.71026,0.73931,0.74239
ResidualEncoderL,2,159,-0.74303,-0.74519,0.73885,0.74203
ResidualEncoderL,2,160,-0.72115,-0.73149,0.79348,0.74718
ResidualEncoderL,2,161,-0.73131,-0.68759,0.76996,0.74946
ResidualEncoderL,2,162,-0.75221,-0.73176,0.80212,0.75472
ResidualEncoderL,2,163,-0.76903,-0.75782,0.79528,0.75878
ResidualEncoderL,2,164,-0.73662,-0.77564,0.74566,0.75747
ResidualEncoderL,2,165,-0.75908,-0.74764,0.78959,0.76068
ResidualEncoderL,2,166,-0.7769,-0.77453,0.79232,0.76384
ResidualEncoderL,2,167,-0.75005,-0.74356,0.76321,0.76378
ResidualEncoderL,2,168,-0.74781,-0.73969,0.81321,0.76872
ResidualEncoderL,2,169,-0.77025,-0.75364,0.7975,0.7716
ResidualEncoderL,2,170,-0.75974,-0.68663,0.74099,0.76854
ResidualEncoderL,2,171,-0.7362,-0.72347,0.80394,0.77208
ResidualEncoderL,2,172,-0.73479,-0.76519,0.73861,0.76873
ResidualEncoderL,2,173,-0.76182,-0.76072,0.82129,0.77399
ResidualEncoderL,2,174,-0.76506,-0.71678,0.81377,0.77797
ResidualEncoderL,2,175,-0.77108,-0.72348,0.75123,0.77529
ResidualEncoderL,2,176,-0.75994,-0.75666,0.80172,0.77794
ResidualEncoderL,2,177,-0.77826,-0.73009,0.77031,0.77717
ResidualEncoderL,2,178,-0.77409,-0.76614,0.82684,0.78214
ResidualEncoderL,2,179,-0.76883,-0.7535,0.79807,0.78373
ResidualEncoderL,2,180,-0.75796,-0.77864,0.82756,0.78812
ResidualEncoderL,2,181,-0.73758,-0.76199,0.7857,0.78787
ResidualEncoderL,2,182,-0.73652,-0.6912,0.72416,0.7815
ResidualEncoderL,2,183,-0.75092,-0.75484,0.80153,0.7835
ResidualEncoderL,2,184,-0.73996,-0.76182,0.82858,0.78801
ResidualEncoderL,2,185,-0.75195,-0.67892,0.7205,0.78126
ResidualEncoderL,2,186,-0.75294,-0.74557,0.84212,0.78735
ResidualEncoderL,2,187,-0.76703,-0.74141,0.77212,0.78582
ResidualEncoderL,2,188,-0.75846,-0.7695,0.73945,0.78119
ResidualEncoderL,2,189,-0.76829,-0.7157,0.78666,0.78173
ResidualEncoderL,2,190,-0.75249,-0.77955,0.83805,0.78737
ResidualEncoderL,2,191,-0.73324,-0.77112,0.79639,0.78827
ResidualEncoderL,2,192,-0.74958,-0.75563,0.7878,0.78822
ResidualEncoderL,2,193,-0.7565,-0.71368,0.67483,0.77688
ResidualEncoderL,2,194,-0.75796,-0.68641,0.7804,0.77723
ResidualEncoderL,2,195,-0.73531,-0.74231,0.69754,0.76926
ResidualEncoderL,2,196,-0.76125,-0.74396,0.74605,0.76694
ResidualEncoderL,2,197,-0.76726,-0.7698,0.81518,0.77177
ResidualEncoderL,2,198,-0.74593,-0.73811,0.73239,0.76783
ResidualEncoderL,2,199,-0.7452,-0.75752,0.77088,0.76813
ResidualEncoderL,2,200,-0.77464,-0.74644,0.80419,0.77174
ResidualEncoderL,2,201,-0.76647,-0.78283,0.8086,0.77543
ResidualEncoderL,2,202,-0.77019,-0.79388,0.84463,0.78235
ResidualEncoderL,2,203,-0.75965,-0.76383,0.75812,0.77992
ResidualEncoderL,2,204,-0.76716,-0.74469,0.75691,0.77762
ResidualEncoderL,2,205,-0.76316,-0.76278,0.77665,0.77753
ResidualEncoderL,2,206,-0.76853,-0.75257,0.83755,0.78353
ResidualEncoderL,2,207,-0.77892,-0.71804,0.82333,0.78751
ResidualEncoderL,2,208,-0.76246,-0.7193,0.72766,0.78152
ResidualEncoderL,2,209,-0.76703,-0.72484,0.7929,0.78266
ResidualEncoderL,2,210,-0.74972,-0.71001,0.72685,0.77708
ResidualEncoderL,2,211,-0.75794,-0.72393,0.84099,0.78347
ResidualEncoderL,2,212,-0.77975,-0.76852,0.84749,0.78987
ResidualEncoderL,2,213,-0.75688,-0.72587,0.81117,0.792
ResidualEncoderL,2,214,-0.78002,-0.74278,0.78556,0.79136
ResidualEncoderL,2,215,-0.77529,-0.68565,0.77364,0.78959
ResidualEncoderL,2,216,-0.76983,-0.73248,0.77489,0.78812
ResidualEncoderL,2,217,-0.78182,-0.78223,0.83211,0.79252
ResidualEncoderL,2,218,-0.77584,-0.75511,0.82124,0.79539
ResidualEncoderL,2,219,-0.8017,-0.71048,0.80725,0.79658
ResidualEncoderL,2,220,-0.7789,-0.73106,0.75567,0.79249
ResidualEncoderL,2,221,-0.77407,-0.75278,0.81543,0.79478
ResidualEncoderL,2,222,-0.76806,-0.75168,0.79805,0.79511
ResidualEncoderL,2,223,-0.76496,-0.69743,0.71272,0.78687
ResidualEncoderL,2,224,-0.76087,-0.70109,0.72016,0.7802
ResidualEncoderL,2,225,-0.77933,-0.752,0.77809,0.77999
ResidualEncoderL,2,226,-0.78763,-0.71306,0.76207,0.7782
ResidualEncoderL,2,227,-0.76048,-0.75118,0.74195,0.77457
ResidualEncoderL,2,228,-0.74416,-0.72466,0.78353,0.77547
ResidualEncoderL,2,229,-0.75673,-0.70918,0.81154,0.77907
ResidualEncoderL,2,230,-0.76155,-0.7178,0.78868,0.78003
ResidualEncoderL,2,231,-0.78103,-0.703,0.66975,0.76901
ResidualEncoderL,2,232,-0.78177,-0.75821,0.76288,0.76839
ResidualEncoderL,2,233,-0.7731,-0.7345,0.80853,0.77241
ResidualEncoderL,2,234,-0.75419,-0.71907,0.82624,0.77779
ResidualEncoderL,2,235,-0.78501,-0.76385,0.7877,0.77878
ResidualEncoderL,2,236,-0.78244,-0.76637,0.82824,0.78373
ResidualEncoderL,2,237,-0.7688,-0.74714,0.79345,0.7847
ResidualEncoderL,2,238,-0.78704,-0.76902,0.79175,0.7854
ResidualEncoderL,2,239,-0.77205,-0.77194,0.82404,0.78927
ResidualEncoderL,2,240,-0.75833,-0.75184,0.81676,0.79202
ResidualEncoderL,2,241,-0.79699,-0.74983,0.822,0.79502
ResidualEncoderL,2,242,-0.78288,-0.72542,0.7532,0.79083
ResidualEncoderL,2,243,-0.76507,-0.72697,0.72463,0.78421
ResidualEncoderL,2,244,-0.77027,-0.73823,0.82531,0.78832
ResidualEncoderL,2,245,-0.77231,-0.76352,0.80271,0.78976
ResidualEncoderL,2,246,-0.78261,-0.73049,0.75533,0.78632
ResidualEncoderL,2,247,-0.78518,-0.71105,0.7277,0.78046
ResidualEncoderL,2,248,-0.76498,-0.70365,0.76549,0.77896
ResidualEncoderL,2,249,-0.78536,-0.74406,0.75048,0.77611
ResidualEncoderL,2,250,-0.79567,-0.72154,0.81708,0.78021
ResidualEncoderL,2,251,-0.79572,-0.7595,0.7506,0.77725
ResidualEncoderL,2,252,-0.77099,-0.72235,0.76158,0.77568
ResidualEncoderL,2,253,-0.77967,-0.75303,0.79158,0.77727
ResidualEncoderL,2,254,-0.76446,-0.76703,0.80322,0.77987
ResidualEncoderL,2,255,-0.78998,-0.74665,0.76502,0.77838
ResidualEncoderL,2,256,-0.78529,-0.77156,0.8359,0.78413
ResidualEncoderL,2,257,-0.78625,-0.77958,0.80971,0.78669
ResidualEncoderL,2,258,-0.77225,-0.72896,0.74162,0.78219
ResidualEncoderL,2,259,-0.75972,-0.77668,0.86535,0.7905
ResidualEncoderL,2,260,-0.74192,-0.73856,0.74387,0.78584
ResidualEncoderL,2,261,-0.79066,-0.77529,0.85363,0.79262
ResidualEncoderL,2,262,-0.78542,-0.71539,0.75342,0.7887
ResidualEncoderL,2,263,-0.75967,-0.68161,0.72395,0.78222
ResidualEncoderL,2,264,-0.7697,-0.73651,0.79089,0.78309
ResidualEncoderL,2,265,-0.76962,-0.76407,0.82169,0.78695
ResidualEncoderL,2,266,-0.77751,-0.74129,0.80946,0.7892
ResidualEncoderL,2,267,-0.78011,-0.75682,0.80139,0.79042
ResidualEncoderL,2,268,-0.80813,-0.74654,0.78431,0.78981
ResidualEncoderL,2,269,-0.78288,-0.74587,0.81732,0.79256
ResidualEncoderL,2,270,-0.77274,-0.74292,0.7672,0.79002
ResidualEncoderL,2,271,-0.79696,-0.73817,0.73107,0.78413
ResidualEncoderL,2,272,-0.78115,-0.74289,0.68613,0.77433
ResidualEncoderL,2,273,-0.78969,-0.75462,0.75805,0.7727
ResidualEncoderL,2,274,-0.79107,-0.76226,0.75537,0.77097
ResidualEncoderL,2,275,-0.77252,-0.71213,0.77943,0.77182
ResidualEncoderL,2,276,-0.79116,-0.76643,0.83308,0.77794
ResidualEncoderL,2,277,-0.79134,-0.71139,0.79782,0.77993
ResidualEncoderL,2,278,-0.78073,-0.75426,0.79713,0.78165
ResidualEncoderL,2,279,-0.77983,-0.67345,0.82293,0.78578
ResidualEncoderL,2,280,-0.78885,-0.74695,0.83963,0.79116
ResidualEncoderL,2,281,-0.81135,-0.67962,0.74737,0.78678
ResidualEncoderL,2,282,-0.75878,-0.73481,0.80188,0.78829
ResidualEncoderL,2,283,-0.79312,-0.7767,0.86007,0.79547
ResidualEncoderL,2,284,-0.79944,-0.76258,0.82134,0.79806
ResidualEncoderL,2,285,-0.80161,-0.77185,0.81597,0.79985
ResidualEncoderL,2,286,-0.79014,-0.7057,0.75136,0.795
ResidualEncoderL,2,287,-0.7809,-0.72577,0.77134,0.79263
ResidualEncoderL,2,288,-0.77336,-0.71988,0.78043,0.79141
ResidualEncoderL,2,289,-0.78075,-0.72976,0.78732,0.791
ResidualEncoderL,2,290,-0.79449,-0.73637,0.79074,0.79098
ResidualEncoderL,2,291,-0.7923,-0.72977,0.79904,0.79178
ResidualEncoderL,2,292,-0.79335,-0.77176,0.80985,0.79359
ResidualEncoderL,2,293,-0.78042,-0.75099,0.77341,0.79157
ResidualEncoderL,2,294,-0.77472,-0.77241,0.81542,0.79396
ResidualEncoderL,2,295,-0.80547,-0.74192,0.79217,0.79378
ResidualEncoderL,2,296,-0.78707,-0.78057,0.8418,0.79858
ResidualEncoderL,2,297,-0.78282,-0.77953,0.79897,0.79862
ResidualEncoderL,2,298,-0.79683,-0.79397,0.80186,0.79894
ResidualEncoderL,2,299,-0.79883,-0.76526,0.85143,0.80419
ResidualEncoderL,2,300,-0.78548,-0.74788,0.76057,0.79983
ResidualEncoderL,3,1,-0.05024,-0.30116,0.36559,0.36559
ResidualEncoderL,3,2,-0.35339,-0.3969,0.39146,0.36818
ResidualEncoderL,3,3,-0.47012,-0.53726,0.6333,0.39469
ResidualEncoderL,3,4,-0.50837,-0.55573,0.45985,0.4012
ResidualEncoderL,3,5,-0.55912,-0.6002,0.4905,0.41013
ResidualEncoderL,3,6,-0.53014,-0.55224,0.58445,0.42757
ResidualEncoderL,3,7,-0.5774,-0.6303,0.61845,0.44665
ResidualEncoderL,3,8,-0.583,-0.61209,0.62978,0.46497
ResidualEncoderL,3,9,-0.5914,-0.54862,0.62028,0.4805
ResidualEncoderL,3,10,-0.61172,-0.66774,0.59826,0.49227
ResidualEncoderL,3,11,-0.61822,-0.64831,0.7031,0.51336
ResidualEncoderL,3,12,-0.58672,-0.64774,0.69445,0.53147
ResidualEncoderL,3,13,-0.59696,-0.63535,0.6959,0.54791
ResidualEncoderL,3,14,-0.61207,-0.68349,0.72396,0.56552
ResidualEncoderL,3,15,-0.64621,-0.61167,0.53234,0.5622
ResidualEncoderL,3,16,-0.60978,-0.67704,0.6785,0.57383
ResidualEncoderL,3,17,-0.639,-0.58006,0.57325,0.57377
ResidualEncoderL,3,18,-0.63277,-0.65503,0.69024,0.58542
ResidualEncoderL,3,19,-0.64624,-0.64684,0.72575,0.59945
ResidualEncoderL,3,20,-0.65965,-0.62345,0.69184,0.60869
ResidualEncoderL,3,21,-0.61158,-0.68051,0.70387,0.61821
ResidualEncoderL,3,22,-0.64564,-0.65452,0.53533,0.60992
ResidualEncoderL,3,23,-0.63669,-0.66881,0.6285,0.61178
ResidualEncoderL,3,24,-0.65347,-0.64674,0.72384,0.62298
ResidualEncoderL,3,25,-0.66561,-0.69596,0.75203,0.63589
ResidualEncoderL,3,26,-0.64185,-0.70356,0.74963,0.64726
ResidualEncoderL,3,27,-0.67467,-0.69374,0.73499,0.65604
ResidualEncoderL,3,28,-0.67347,-0.70651,0.68105,0.65854
ResidualEncoderL,3,29,-0.67283,-0.68656,0.79063,0.67175
ResidualEncoderL,3,30,-0.67971,-0.72943,0.78056,0.68263
ResidualEncoderL,3,31,-0.68564,-0.69692,0.68506,0.68287
ResidualEncoderL,3,32,-0.67526,-0.69079,0.73258,0.68784
ResidualEncoderL,3,33,-0.66937,-0.63133,0.62122,0.68118
ResidualEncoderL,3,34,-0.69655,-0.69958,0.68576,0.68164
ResidualEncoderL,3,35,-0.66323,-0.7092,0.773,0.69077
ResidualEncoderL,3,36,-0.68587,-0.69375,0.65709,0.68741
ResidualEncoderL,3,37,-0.66762,-0.7015,0.73173,0.69184
ResidualEncoderL,3,38,-0.69399,-0.72562,0.73028,0.69568
ResidualEncoderL,3,39,-0.67329,-0.71457,0.73119,0.69923
ResidualEncoderL,3,40,-0.65994,-0.69018,0.71568,0.70088
ResidualEncoderL,3,41,-0.69845,-0.70421,0.73634,0.70442
ResidualEncoderL,3,42,-0.69541,-0.67175,0.66052,0.70003
ResidualEncoderL,3,43,-0.6731,-0.72597,0.66106,0.69614
ResidualEncoderL,3,44,-0.71443,-0.74755,0.70403,0.69693
ResidualEncoderL,3,45,-0.71156,-0.74294,0.80912,0.70814
ResidualEncoderL,3,46,-0.70893,-0.70729,0.73321,0.71065
ResidualEncoderL,3,47,-0.67861,-0.69486,0.62449,0.70204
ResidualEncoderL,3,48,-0.69525,-0.70649,0.70388,0.70222
ResidualEncoderL,3,49,-0.70343,-0.69989,0.67011,0.69901
ResidualEncoderL,3,50,-0.67886,-0.66064,0.53634,0.68274
ResidualEncoderL,3,51,-0.6588,-0.72753,0.74907,0.68937
ResidualEncoderL,3,52,-0.68846,-0.74344,0.80064,0.7005
ResidualEncoderL,3,53,-0.66997,-0.71825,0.74527,0.70498
ResidualEncoderL,3,54,-0.67726,-0.66346,0.64128,0.69861
ResidualEncoderL,3,55,-0.67552,-0.66215,0.61774,0.69052
ResidualEncoderL,3,56,-0.70198,-0.68559,0.66883,0.68835
ResidualEncoderL,3,57,-0.72196,-0.6618,0.65629,0.68515
ResidualEncoderL,3,58,-0.69122,-0.77128,0.79143,0.69577
ResidualEncoderL,3,59,-0.7253,-0.71028,0.73144,0.69934
ResidualEncoderL,3,60,-0.70548,-0.6874,0.68461,0.69787
ResidualEncoderL,3,61,-0.69569,-0.71094,0.77539,0.70562
ResidualEncoderL,3,62,-0.72394,-0.76059,0.79144,0.7142
ResidualEncoderL,3,63,-0.69386,-0.77779,0.80309,0.72309
ResidualEncoderL,3,64,-0.71192,-0.7374,0.72092,0.72287
ResidualEncoderL,3,65,-0.71326,-0.74146,0.74347,0.72493
ResidualEncoderL,3,66,-0.73238,-0.74678,0.78443,0.73088
ResidualEncoderL,3,67,-0.69854,-0.71789,0.66219,0.72401
ResidualEncoderL,3,68,-0.69607,-0.72006,0.73698,0.72531
ResidualEncoderL,3,69,-0.72014,-0.7364,0.75103,0.72788
ResidualEncoderL,3,70,-0.71394,-0.73536,0.73766,0.72886
ResidualEncoderL,3,71,-0.68881,-0.77249,0.77297,0.73327
ResidualEncoderL,3,72,-0.70496,-0.71975,0.67459,0.7274
ResidualEncoderL,3,73,-0.7306,-0.72521,0.76579,0.73124
ResidualEncoderL,3,74,-0.70165,-0.73496,0.81619,0.73974
ResidualEncoderL,3,75,-0.71652,-0.76034,0.78995,0.74476
ResidualEncoderL,3,76,-0.72623,-0.71871,0.80579,0.75086
ResidualEncoderL,3,77,-0.72593,-0.73305,0.811,0.75687
ResidualEncoderL,3,78,-0.70054,-0.71609,0.77855,0.75904
ResidualEncoderL,3,79,-0.71151,-0.72432,0.70358,0.7535
ResidualEncoderL,3,80,-0.68666,-0.68439,0.82055,0.7602
ResidualEncoderL,3,81,-0.70779,-0.74475,0.77358,0.76154
ResidualEncoderL,3,82,-0.72815,-0.73912,0.79567,0.76495
ResidualEncoderL,3,83,-0.73125,-0.6956,0.75016,0.76347
ResidualEncoderL,3,84,-0.71084,-0.77151,0.83041,0.77017
ResidualEncoderL,3,85,-0.71636,-0.74284,0.78138,0.77129
ResidualEncoderL,3,86,-0.72463,-0.76435,0.7999,0.77415
ResidualEncoderL,3,87,-0.71948,-0.66513,0.6353,0.76026
ResidualEncoderL,3,88,-0.71858,-0.74109,0.78209,0.76245
ResidualEncoderL,3,89,-0.72438,-0.75821,0.76439,0.76264
ResidualEncoderL,3,90,-0.72056,-0.75655,0.81245,0.76762
ResidualEncoderL,3,91,-0.72384,-0.76748,0.84694,0.77555
ResidualEncoderL,3,92,-0.74005,-0.76928,0.78048,0.77605
ResidualEncoderL,3,93,-0.73469,-0.78957,0.78476,0.77692
ResidualEncoderL,3,94,-0.72107,-0.71316,0.72427,0.77165
ResidualEncoderL,3,95,-0.74282,-0.70063,0.76222,0.77071
ResidualEncoderL,3,96,-0.73244,-0.76387,0.80635,0.77427
ResidualEncoderL,3,97,-0.7162,-0.7131,0.74835,0.77168
ResidualEncoderL,3,98,-0.72372,-0.7294,0.75203,0.76972
ResidualEncoderL,3,99,-0.73602,-0.74272,0.79109,0.77185
ResidualEncoderL,3,100,-0.73471,-0.73771,0.81116,0.77579
ResidualEncoderL,3,101,-0.73549,-0.7463,0.78765,0.77697
ResidualEncoderL,3,102,-0.73259,-0.77584,0.80525,0.7798
ResidualEncoderL,3,103,-0.71483,-0.74525,0.68447,0.77027
ResidualEncoderL,3,104,-0.75121,-0.78282,0.82156,0.7754
ResidualEncoderL,3,105,-0.74271,-0.76579,0.83058,0.78091
ResidualEncoderL,3,106,-0.69391,-0.72235,0.76332,0.77915
ResidualEncoderL,3,107,-0.72724,-0.78613,0.81032,0.78227
ResidualEncoderL,3,108,-0.72875,-0.66712,0.66476,0.77052
ResidualEncoderL,3,109,-0.72078,-0.67325,0.70091,0.76356
ResidualEncoderL,3,110,-0.73378,-0.75478,0.7549,0.76269
ResidualEncoderL,3,111,-0.7136,-0.71988,0.73809,0.76023
ResidualEncoderL,3,112,-0.70502,-0.72553,0.80337,0.76455
ResidualEncoderL,3,113,-0.72634,-0.75806,0.81733,0.76982
ResidualEncoderL,3,114,-0.70712,-0.76841,0.82376,0.77522
ResidualEncoderL,3,115,-0.72019,-0.73873,0.75257,0.77295
ResidualEncoderL,3,116,-0.73185,-0.72157,0.81295,0.77695
ResidualEncoderL,3,117,-0.71443,-0.71227,0.75156,0.77441
ResidualEncoderL,3,118,-0.71175,-0.7908,0.82712,0.77968
ResidualEncoderL,3,119,-0.74734,-0.7316,0.7138,0.7731
ResidualEncoderL,3,120,-0.73,-0.76637,0.8546,0.78125
ResidualEncoderL,3,121,-0.75414,-0.6929,0.80502,0.78362
ResidualEncoderL,3,122,-0.75861,-0.74955,0.7959,0.78485
ResidualEncoderL,3,123,-0.73135,-0.74562,0.74339,0.7807
ResidualEncoderL,3,124,-0.7556,-0.71757,0.73431,0.77606
ResidualEncoderL,3,125,-0.71259,-0.74463,0.72611,0.77107
ResidualEncoderL,3,126,-0.69896,-0.74274,0.69468,0.76343
ResidualEncoderL,3,127,-0.72944,-0.75235,0.83342,0.77043
ResidualEncoderL,3,128,-0.70996,-0.71636,0.6573,0.75912
ResidualEncoderL,3,129,-0.75093,-0.73636,0.72132,0.75534
ResidualEncoderL,3,130,-0.73791,-0.76349,0.80165,0.75997
ResidualEncoderL,3,131,-0.728,-0.78903,0.85017,0.76899
ResidualEncoderL,3,132,-0.75125,-0.69366,0.73164,0.76525
ResidualEncoderL,3,133,-0.74854,-0.73336,0.80174,0.7689
ResidualEncoderL,3,134,-0.74502,-0.74997,0.82462,0.77448
ResidualEncoderL,3,135,-0.71226,-0.70963,0.74141,0.77117
ResidualEncoderL,3,136,-0.70959,-0.70575,0.76621,0.77067
ResidualEncoderL,3,137,-0.73503,-0.73047,0.76193,0.7698
ResidualEncoderL,3,138,-0.75144,-0.79129,0.80693,0.77351
ResidualEncoderL,3,139,-0.71729,-0.70684,0.76503,0.77266
ResidualEncoderL,3,140,-0.70524,-0.71858,0.71711,0.76711
ResidualEncoderL,3,141,-0.73501,-0.75493,0.85481,0.77588
ResidualEncoderL,3,142,-0.72149,-0.75261,0.80245,0.77854
ResidualEncoderL,3,143,-0.71712,-0.75294,0.80703,0.78139
ResidualEncoderL,3,144,-0.73799,-0.705,0.73263,0.77651
ResidualEncoderL,3,145,-0.73792,-0.7667,0.81997,0.78086
ResidualEncoderL,3,146,-0.73484,-0.73496,0.6994,0.77271
ResidualEncoderL,3,147,-0.72305,-0.69909,0.69119,0.76456
ResidualEncoderL,3,148,-0.73062,-0.7345,0.74193,0.7623
ResidualEncoderL,3,149,-0.74337,-0.74716,0.81364,0.76743
ResidualEncoderL,3,150,-0.72071,-0.75903,0.81852,0.77254
ResidualEncoderL,3,151,-0.72348,-0.75766,0.76649,0.77193
ResidualEncoderL,3,152,-0.75137,-0.76009,0.80352,0.77509
ResidualEncoderL,3,153,-0.73692,-0.76914,0.83366,0.78095
ResidualEncoderL,3,154,-0.71346,-0.76064,0.74569,0.77742
ResidualEncoderL,3,155,-0.72686,-0.76122,0.69564,0.76924
ResidualEncoderL,3,156,-0.73887,-0.76366,0.77694,0.77001
ResidualEncoderL,3,157,-0.75638,-0.76774,0.73984,0.767
ResidualEncoderL,3,158,-0.76438,-0.73825,0.78443,0.76874
ResidualEncoderL,3,159,-0.74959,-0.74741,0.80381,0.77225
ResidualEncoderL,3,160,-0.75589,-0.72287,0.6988,0.7649
ResidualEncoderL,3,161,-0.73976,-0.74783,0.77502,0.76591
ResidualEncoderL,3,162,-0.73442,-0.79823,0.86002,0.77533
ResidualEncoderL,3,163,-0.75183,-0.79903,0.86814,0.78461
ResidualEncoderL,3,164,-0.76038,-0.7698,0.84179,0.79033
ResidualEncoderL,3,165,-0.76212,-0.71707,0.81632,0.79292
ResidualEncoderL,3,166,-0.7356,-0.76791,0.7714,0.79077
ResidualEncoderL,3,167,-0.76029,-0.70693,0.71719,0.78341
ResidualEncoderL,3,168,-0.76074,-0.76965,0.84655,0.78973
ResidualEncoderL,3,169,-0.75584,-0.73887,0.75331,0.78609
ResidualEncoderL,3,170,-0.74758,-0.72563,0.79294,0.78677
ResidualEncoderL,3,171,-0.73952,-0.7414,0.80481,0.78857
ResidualEncoderL,3,172,-0.73586,-0.78572,0.8149,0.79121
ResidualEncoderL,3,173,-0.74453,-0.77401,0.81239,0.79333
ResidualEncoderL,3,174,-0.76153,-0.79663,0.85441,0.79943
ResidualEncoderL,3,175,-0.76945,-0.75923,0.80999,0.80049
ResidualEncoderL,3,176,-0.77199,-0.75796,0.7837,0.79881
ResidualEncoderL,3,177,-0.73917,-0.76169,0.82231,0.80116
ResidualEncoderL,3,178,-0.7568,-0.74033,0.8344,0.80448
ResidualEncoderL,3,179,-0.76062,-0.7823,0.80704,0.80474
ResidualEncoderL,3,180,-0.75875,-0.72102,0.80852,0.80512
ResidualEncoderL,3,181,-0.74334,-0.70016,0.74048,0.79865
ResidualEncoderL,3,182,-0.7453,-0.70281,0.75311,0.7941
ResidualEncoderL,3,183,-0.73962,-0.74308,0.73852,0.78854
ResidualEncoderL,3,184,-0.7443,-0.75615,0.84033,0.79372
ResidualEncoderL,3,185,-0.74534,-0.77971,0.85069,0.79942
ResidualEncoderL,3,186,-0.73854,-0.77723,0.84042,0.80352
ResidualEncoderL,3,187,-0.74125,-0.71531,0.80289,0.80346
ResidualEncoderL,3,188,-0.78048,-0.76335,0.76704,0.79981
ResidualEncoderL,3,189,-0.76476,-0.76736,0.80412,0.80024
ResidualEncoderL,3,190,-0.76958,-0.7724,0.8597,0.80619
ResidualEncoderL,3,191,-0.76596,-0.72767,0.63455,0.78903
ResidualEncoderL,3,192,-0.77676,-0.77896,0.81313,0.79144
ResidualEncoderL,3,193,-0.75264,-0.69441,0.66636,0.77893
ResidualEncoderL,3,194,-0.74877,-0.7468,0.83761,0.7848
ResidualEncoderL,3,195,-0.74823,-0.77642,0.80249,0.78657
ResidualEncoderL,3,196,-0.76824,-0.79685,0.83394,0.7913
ResidualEncoderL,3,197,-0.76737,-0.77023,0.84982,0.79715
ResidualEncoderL,3,198,-0.72718,-0.76469,0.84928,0.80237
ResidualEncoderL,3,199,-0.75012,-0.77169,0.86232,0.80836
ResidualEncoderL,3,200,-0.74982,-0.75037,0.82939,0.81047
ResidualEncoderL,3,201,-0.77477,-0.79683,0.85548,0.81497
ResidualEncoderL,3,202,-0.76413,-0.7496,0.8129,0.81476
ResidualEncoderL,3,203,-0.7559,-0.71843,0.7469,0.80797
ResidualEncoderL,3,204,-0.7837,-0.7492,0.7072,0.7979
ResidualEncoderL,3,205,-0.74997,-0.75566,0.7958,0.79769
ResidualEncoderL,3,206,-0.73815,-0.73269,0.75255,0.79317
ResidualEncoderL,3,207,-0.74602,-0.80802,0.86168,0.80002
ResidualEncoderL,3,208,-0.73752,-0.77363,0.83803,0.80382
ResidualEncoderL,3,209,-0.75881,-0.73642,0.83595,0.80704
ResidualEncoderL,3,210,-0.76815,-0.72166,0.73198,0.79953
ResidualEncoderL,3,211,-0.75458,-0.77814,0.78166,0.79774
ResidualEncoderL,3,212,-0.76314,-0.79961,0.84845,0.80281
ResidualEncoderL,3,213,-0.76928,-0.7516,0.7571,0.79824
ResidualEncoderL,3,214,-0.76592,-0.77757,0.77445,0.79586
ResidualEncoderL,3,215,-0.77061,-0.76796,0.83121,0.7994
ResidualEncoderL,3,216,-0.76051,-0.73999,0.76679,0.79614
ResidualEncoderL,3,217,-0.75011,-0.73442,0.84683,0.80121
ResidualEncoderL,3,218,-0.75292,-0.75735,0.76657,0.79774
ResidualEncoderL,3,219,-0.74295,-0.7299,0.76815,0.79478
ResidualEncoderL,3,220,-0.77805,-0.73623,0.75272,0.79058
ResidualEncoderL,3,221,-0.76837,-0.78162,0.83375,0.79489
ResidualEncoderL,3,222,-0.77998,-0.79282,0.85225,0.80063
ResidualEncoderL,3,223,-0.76158,-0.75012,0.79296,0.79986
ResidualEncoderL,3,224,-0.77206,-0.80543,0.85336,0.80521
ResidualEncoderL,3,225,-0.76716,-0.74309,0.79648,0.80434
ResidualEncoderL,3,226,-0.75792,-0.7434,0.8074,0.80465
ResidualEncoderL,3,227,-0.79652,-0.7886,0.81957,0.80614
ResidualEncoderL,3,228,-0.77725,-0.73799,0.79087,0.80461
ResidualEncoderL,3,229,-0.75949,-0.72371,0.77831,0.80198
ResidualEncoderL,3,230,-0.76103,-0.80879,0.85012,0.80679
ResidualEncoderL,3,231,-0.76815,-0.79285,0.84187,0.8103
ResidualEncoderL,3,232,-0.74014,-0.79224,0.81121,0.81039
ResidualEncoderL,3,233,-0.77955,-0.75296,0.79752,0.80911
ResidualEncoderL,3,234,-0.7638,-0.79616,0.83207,0.8114
ResidualEncoderL,3,235,-0.77174,-0.77306,0.81382,0.81164
ResidualEncoderL,3,236,-0.76602,-0.76706,0.79658,0.81014
ResidualEncoderL,3,237,-0.76031,-0.77386,0.8303,0.81215
ResidualEncoderL,3,238,-0.76605,-0.7927,0.83588,0.81453
ResidualEncoderL,3,239,-0.77033,-0.7819,0.838,0.81687
ResidualEncoderL,3,240,-0.76797,-0.7994,0.86319,0.8215
ResidualEncoderL,3,241,-0.75739,-0.74481,0.76218,0.81557
ResidualEncoderL,3,242,-0.76404,-0.76918,0.78233,0.81225
ResidualEncoderL,3,243,-0.77757,-0.81087,0.87786,0.81881
ResidualEncoderL,3,244,-0.76321,-0.76101,0.83882,0.82081
ResidualEncoderL,3,245,-0.78519,-0.7333,0.80916,0.81964
ResidualEncoderL,3,246,-0.80951,-0.77178,0.84092,0.82177
ResidualEncoderL,3,247,-0.76581,-0.73169,0.72307,0.8119
ResidualEncoderL,3,248,-0.76593,-0.79878,0.87838,0.81855
ResidualEncoderL,3,249,-0.77406,-0.75028,0.78271,0.81497
ResidualEncoderL,3,250,-0.75409,-0.7528,0.75328,0.8088
ResidualEncoderL,3,251,-0.78339,-0.77517,0.8378,0.8117
ResidualEncoderL,3,252,-0.76892,-0.72873,0.82297,0.81282
ResidualEncoderL,3,253,-0.76301,-0.77662,0.81994,0.81354
ResidualEncoderL,3,254,-0.77236,-0.76324,0.82366,0.81455
ResidualEncoderL,3,255,-0.77783,-0.77379,0.81204,0.8143
ResidualEncoderL,3,256,-0.77056,-0.75022,0.7974,0.81261
ResidualEncoderL,3,257,-0.78907,-0.75989,0.82557,0.81391
ResidualEncoderL,3,258,-0.75143,-0.8082,0.85912,0.81843
ResidualEncoderL,3,259,-0.78689,-0.74858,0.79854,0.81644
ResidualEncoderL,3,260,-0.77248,-0.76324,0.84685,0.81948
ResidualEncoderL,3,261,-0.78691,-0.76147,0.87278,0.82481
ResidualEncoderL,3,262,-0.77556,-0.76515,0.8295,0.82528
ResidualEncoderL,3,263,-0.75103,-0.81348,0.86852,0.8296
ResidualEncoderL,3,264,-0.76403,-0.79755,0.81837,0.82848
ResidualEncoderL,3,265,-0.75056,-0.76583,0.82284,0.82791
ResidualEncoderL,3,266,-0.77861,-0.72509,0.79892,0.82502
ResidualEncoderL,3,267,-0.79254,-0.75883,0.79518,0.82203
ResidualEncoderL,3,268,-0.78114,-0.67732,0.78736,0.81856
ResidualEncoderL,3,269,-0.75885,-0.70782,0.7971,0.81642
ResidualEncoderL,3,270,-0.77219,-0.79944,0.83372,0.81815
ResidualEncoderL,3,271,-0.78297,-0.71316,0.75636,0.81197
ResidualEncoderL,3,272,-0.7878,-0.76982,0.87622,0.81839
ResidualEncoderL,3,273,-0.77621,-0.73435,0.7308,0.80964
ResidualEncoderL,3,274,-0.7801,-0.69812,0.76764,0.80544
ResidualEncoderL,3,275,-0.79426,-0.78979,0.83368,0.80826
ResidualEncoderL,3,276,-0.77296,-0.7815,0.81939,0.80937
ResidualEncoderL,3,277,-0.78171,-0.80448,0.83986,0.81242
ResidualEncoderL,3,278,-0.76512,-0.68158,0.75714,0.80689
ResidualEncoderL,3,279,-0.79255,-0.73258,0.77623,0.80383
ResidualEncoderL,3,280,-0.78572,-0.78168,0.81624,0.80507
ResidualEncoderL,3,281,-0.78851,-0.75538,0.83276,0.80784
ResidualEncoderL,3,282,-0.77536,-0.75723,0.81614,0.80867
ResidualEncoderL,3,283,-0.77928,-0.79853,0.81762,0.80956
ResidualEncoderL,3,284,-0.7748,-0.79029,0.81748,0.81036
ResidualEncoderL,3,285,-0.76904,-0.76865,0.81995,0.81131
ResidualEncoderL,3,286,-0.77611,-0.78618,0.82208,0.81239
ResidualEncoderL,3,287,-0.79451,-0.76433,0.82316,0.81347
ResidualEncoderL,3,288,-0.76741,-0.75212,0.8258,0.8147
ResidualEncoderL,3,289,-0.80066,-0.78112,0.79992,0.81322
ResidualEncoderL,3,290,-0.78547,-0.75828,0.81695,0.8136
ResidualEncoderL,3,291,-0.78339,-0.75019,0.74569,0.80681
ResidualEncoderL,3,292,-0.77996,-0.77088,0.8646,0.81258
ResidualEncoderL,3,293,-0.78031,-0.77801,0.80968,0.81229
ResidualEncoderL,3,294,-0.78989,-0.78379,0.78099,0.80916
ResidualEncoderL,3,295,-0.78092,-0.73568,0.78973,0.80722
ResidualEncoderL,3,296,-0.7878,-0.73722,0.81271,0.80777
ResidualEncoderL,3,297,-0.7702,-0.78049,0.81475,0.80847
ResidualEncoderL,3,298,-0.79819,-0.76596,0.8237,0.80999
ResidualEncoderL,3,299,-0.78714,-0.77797,0.83924,0.81291
ResidualEncoderL,3,300,-0.77898,-0.78951,0.85085,0.81671
ResidualEncoderL,4,1,-0.05454,-0.24959,0.22146,0.22146
ResidualEncoderL,4,2,-0.31221,-0.37094,0.3506,0.23438
ResidualEncoderL,4,3,-0.46663,-0.52576,0.57573,0.26851
ResidualEncoderL,4,4,-0.51248,-0.52097,0.64139,0.3058
ResidualEncoderL,4,5,-0.54351,-0.56147,0.60087,0.33531
ResidualEncoderL,4,6,-0.54284,-0.57251,0.6588,0.36766
ResidualEncoderL,4,7,-0.59916,-0.60247,0.69575,0.40046
ResidualEncoderL,4,8,-0.58097,-0.5542,0.59892,0.42031
ResidualEncoderL,4,9,-0.57467,-0.57973,0.59119,0.4374
ResidualEncoderL,4,10,-0.58438,-0.67242,0.70411,0.46407
ResidualEncoderL,4,11,-0.6261,-0.57184,0.61583,0.47925
ResidualEncoderL,4,12,-0.6084,-0.62304,0.59135,0.49046
ResidualEncoderL,4,13,-0.60896,-0.60413,0.51094,0.49251
ResidualEncoderL,4,14,-0.62434,-0.58029,0.54629,0.49788
ResidualEncoderL,4,15,-0.66208,-0.65136,0.60276,0.50837
ResidualEncoderL,4,16,-0.64048,-0.56368,0.60498,0.51803
ResidualEncoderL,4,17,-0.62779,-0.66759,0.56993,0.52322
ResidualEncoderL,4,18,-0.63918,-0.6399,0.59557,0.53046
ResidualEncoderL,4,19,-0.64388,-0.71437,0.74282,0.55169
ResidualEncoderL,4,20,-0.63574,-0.63607,0.6265,0.55917
ResidualEncoderL,4,21,-0.63646,-0.67731,0.71353,0.57461
ResidualEncoderL,4,22,-0.64467,-0.62796,0.61316,0.57846
ResidualEncoderL,4,23,-0.64099,-0.66399,0.72666,0.59328
ResidualEncoderL,4,24,-0.63919,-0.67752,0.65036,0.59899
ResidualEncoderL,4,25,-0.63116,-0.65469,0.65777,0.60487
ResidualEncoderL,4,26,-0.69015,-0.69764,0.70043,0.61443
ResidualEncoderL,4,27,-0.69808,-0.66945,0.74279,0.62726
ResidualEncoderL,4,28,-0.66145,-0.63798,0.73997,0.63853
ResidualEncoderL,4,29,-0.6561,-0.65348,0.67971,0.64265
ResidualEncoderL,4,30,-0.6932,-0.69664,0.71079,0.64946
ResidualEncoderL,4,31,-0.65646,-0.68857,0.66839,0.65136
ResidualEncoderL,4,32,-0.68432,-0.65639,0.69999,0.65622
ResidualEncoderL,4,33,-0.69904,-0.69772,0.79532,0.67013
ResidualEncoderL,4,34,-0.6813,-0.72314,0.74926,0.67804
ResidualEncoderL,4,35,-0.6955,-0.64619,0.65806,0.67604
ResidualEncoderL,4,36,-0.69628,-0.70956,0.71198,0.67964
ResidualEncoderL,4,37,-0.6846,-0.65819,0.74478,0.68615
ResidualEncoderL,4,38,-0.66441,-0.66132,0.76381,0.69392
ResidualEncoderL,4,39,-0.69709,-0.68421,0.80624,0.70515
ResidualEncoderL,4,40,-0.69626,-0.64752,0.63676,0.69831
ResidualEncoderL,4,41,-0.69401,-0.65378,0.72828,0.70131
ResidualEncoderL,4,42,-0.70051,-0.65642,0.61976,0.69315
ResidualEncoderL,4,43,-0.68783,-0.71864,0.77541,0.70138
ResidualEncoderL,4,44,-0.67779,-0.72024,0.85058,0.7163
ResidualEncoderL,4,45,-0.71222,-0.67544,0.76597,0.72127
ResidualEncoderL,4,46,-0.7136,-0.68278,0.77942,0.72708
ResidualEncoderL,4,47,-0.70074,-0.63059,0.65192,0.71956
ResidualEncoderL,4,48,-0.66977,-0.67447,0.78369,0.72598
ResidualEncoderL,4,49,-0.67508,-0.71699,0.73408,0.72679
ResidualEncoderL,4,50,-0.68563,-0.62918,0.68889,0.723
ResidualEncoderL,4,51,-0.72424,-0.6833,0.77401,0.7281
ResidualEncoderL,4,52,-0.67257,-0.69513,0.70136,0.72543
ResidualEncoderL,4,53,-0.70896,-0.7213,0.78999,0.73188
ResidualEncoderL,4,54,-0.70792,-0.68926,0.8051,0.7392
ResidualEncoderL,4,55,-0.7179,-0.67313,0.70133,0.73542
ResidualEncoderL,4,56,-0.71483,-0.69665,0.78983,0.74086
ResidualEncoderL,4,57,-0.70167,-0.70967,0.79592,0.74636
ResidualEncoderL,4,58,-0.71863,-0.62451,0.71531,0.74326
ResidualEncoderL,4,59,-0.70674,-0.68339,0.76346,0.74528
ResidualEncoderL,4,60,-0.74018,-0.71528,0.76162,0.74691
ResidualEncoderL,4,61,-0.72483,-0.68367,0.68405,0.74063
ResidualEncoderL,4,62,-0.67842,-0.63704,0.72131,0.7387
ResidualEncoderL,4,63,-0.71222,-0.70377,0.76478,0.7413
ResidualEncoderL,4,64,-0.67305,-0.76932,0.80057,0.74723
ResidualEncoderL,4,65,-0.73844,-0.72973,0.81643,0.75415
ResidualEncoderL,4,66,-0.71293,-0.70593,0.75696,0.75443
ResidualEncoderL,4,67,-0.73285,-0.70061,0.77589,0.75658
ResidualEncoderL,4,68,-0.7279,-0.72423,0.79449,0.76037
ResidualEncoderL,4,69,-0.72329,-0.69804,0.7622,0.76055
ResidualEncoderL,4,70,-0.72752,-0.73926,0.80096,0.76459
ResidualEncoderL,4,71,-0.69188,-0.67518,0.72386,0.76052
ResidualEncoderL,4,72,-0.72992,-0.68548,0.70248,0.75472
ResidualEncoderL,4,73,-0.7135,-0.67147,0.64842,0.74409
ResidualEncoderL,4,74,-0.69461,-0.66591,0.78161,0.74784
ResidualEncoderL,4,75,-0.72298,-0.61029,0.61932,0.73499
ResidualEncoderL,4,76,-0.69324,-0.71687,0.71882,0.73337
ResidualEncoderL,4,77,-0.70591,-0.64678,0.66766,0.7268
ResidualEncoderL,4,78,-0.72337,-0.70685,0.75394,0.72951
ResidualEncoderL,4,79,-0.72922,-0.75511,0.76262,0.73282
ResidualEncoderL,4,80,-0.71143,-0.68981,0.71696,0.73124
ResidualEncoderL,4,81,-0.71959,-0.74812,0.83609,0.74172
ResidualEncoderL,4,82,-0.72424,-0.71724,0.6999,0.73754
ResidualEncoderL,4,83,-0.74182,-0.74035,0.80174,0.74396
ResidualEncoderL,4,84,-0.69364,-0.71216,0.76124,0.74569
ResidualEncoderL,4,85,-0.73664,-0.70747,0.71914,0.74303
ResidualEncoderL,4,86,-0.73916,-0.72283,0.75399,0.74413
ResidualEncoderL,4,87,-0.72119,-0.66763,0.63308,0.73302
ResidualEncoderL,4,88,-0.71063,-0.72666,0.7386,0.73358
ResidualEncoderL,4,89,-0.73705,-0.61118,0.71446,0.73167
ResidualEncoderL,4,90,-0.71412,-0.68218,0.67558,0.72606
ResidualEncoderL,4,91,-0.72426,-0.68412,0.80762,0.73422
ResidualEncoderL,4,92,-0.72838,-0.71538,0.78371,0.73917
ResidualEncoderL,4,93,-0.75122,-0.70534,0.74521,0.73977
ResidualEncoderL,4,94,-0.73399,-0.64791,0.75563,0.74136
ResidualEncoderL,4,95,-0.72438,-0.7047,0.74058,0.74128
ResidualEncoderL,4,96,-0.74792,-0.68962,0.72764,0.73992
ResidualEncoderL,4,97,-0.73213,-0.74396,0.79768,0.74569
ResidualEncoderL,4,98,-0.73086,-0.67535,0.66408,0.73753
ResidualEncoderL,4,99,-0.71324,-0.65565,0.64299,0.72808
ResidualEncoderL,4,100,-0.708,-0.71656,0.69986,0.72526
ResidualEncoderL,4,101,-0.73749,-0.74545,0.69032,0.72176
ResidualEncoderL,4,102,-0.72363,-0.68006,0.76126,0.72571
ResidualEncoderL,4,103,-0.73075,-0.68009,0.6727,0.72041
ResidualEncoderL,4,104,-0.73491,-0.72133,0.79161,0.72753
ResidualEncoderL,4,105,-0.73488,-0.67117,0.68924,0.7237
ResidualEncoderL,4,106,-0.70692,-0.69384,0.69954,0.72129
ResidualEncoderL,4,107,-0.71563,-0.71535,0.74491,0.72365
ResidualEncoderL,4,108,-0.74688,-0.7158,0.72565,0.72385
ResidualEncoderL,4,109,-0.75321,-0.71429,0.74711,0.72617
ResidualEncoderL,4,110,-0.7384,-0.7048,0.77704,0.73126
ResidualEncoderL,4,111,-0.74229,-0.68448,0.77988,0.73612
ResidualEncoderL,4,112,-0.72847,-0.67128,0.71931,0.73444
ResidualEncoderL,4,113,-0.75683,-0.7388,0.78021,0.73902
ResidualEncoderL,4,114,-0.73923,-0.68581,0.79513,0.74463
ResidualEncoderL,4,115,-0.73671,-0.72565,0.78337,0.7485
ResidualEncoderL,4,116,-0.73958,-0.75559,0.85921,0.75958
ResidualEncoderL,4,117,-0.75038,-0.66415,0.77763,0.76138
ResidualEncoderL,4,118,-0.7432,-0.68098,0.69445,0.75469
ResidualEncoderL,4,119,-0.73293,-0.74895,0.81665,0.76088
ResidualEncoderL,4,120,-0.70346,-0.72365,0.81799,0.76659
ResidualEncoderL,4,121,-0.72854,-0.72629,0.76677,0.76661
ResidualEncoderL,4,122,-0.70694,-0.69727,0.77145,0.7671
ResidualEncoderL,4,123,-0.71807,-0.68473,0.6309,0.75348
ResidualEncoderL,4,124,-0.72847,-0.72469,0.84833,0.76296
ResidualEncoderL,4,125,-0.73877,-0.73233,0.7577,0.76243
ResidualEncoderL,4,126,-0.75561,-0.67506,0.74753,0.76094
ResidualEncoderL,4,127,-0.745,-0.71261,0.75461,0.76031
ResidualEncoderL,4,128,-0.74102,-0.72159,0.77174,0.76145
ResidualEncoderL,4,129,-0.72439,-0.6925,0.75034,0.76034
ResidualEncoderL,4,130,-0.71173,-0.72095,0.77038,0.76135
ResidualEncoderL,4,131,-0.72158,-0.69147,0.73441,0.75865
ResidualEncoderL,4,132,-0.73943,-0.74069,0.79959,0.76275
ResidualEncoderL,4,133,-0.76142,-0.68244,0.72664,0.75914
ResidualEncoderL,4,134,-0.74056,-0.74444,0.83348,0.76657
ResidualEncoderL,4,135,-0.74791,-0.72536,0.79744,0.76966
ResidualEncoderL,4,136,-0.74476,-0.71334,0.78534,0.77123
ResidualEncoderL,4,137,-0.74121,-0.68696,0.78885,0.77299
ResidualEncoderL,4,138,-0.74513,-0.73935,0.72563,0.76825
ResidualEncoderL,4,139,-0.74855,-0.73958,0.78342,0.76977
ResidualEncoderL,4,140,-0.75616,-0.66841,0.69633,0.76243
ResidualEncoderL,4,141,-0.75226,-0.73361,0.76156,0.76234
ResidualEncoderL,4,142,-0.74222,-0.69325,0.73461,0.75957
ResidualEncoderL,4,143,-0.74858,-0.70763,0.81141,0.76475
ResidualEncoderL,4,144,-0.76946,-0.73128,0.8075,0.76902
ResidualEncoderL,4,145,-0.7376,-0.70286,0.71223,0.76335
ResidualEncoderL,4,146,-0.73549,-0.74016,0.79233,0.76624
ResidualEncoderL,4,147,-0.72699,-0.7458,0.78771,0.76839
ResidualEncoderL,4,148,-0.70191,-0.69768,0.78379,0.76993
ResidualEncoderL,4,149,-0.72323,-0.6562,0.68431,0.76137
ResidualEncoderL,4,150,-0.72444,-0.72581,0.70075,0.75531
ResidualEncoderL,4,151,-0.74618,-0.74747,0.79462,0.75924
ResidualEncoderL,4,152,-0.74204,-0.73128,0.82253,0.76557
ResidualEncoderL,4,153,-0.72007,-0.74061,0.78709,0.76772
ResidualEncoderL,4,154,-0.74103,-0.72659,0.77128,0.76808
ResidualEncoderL,4,155,-0.75888,-0.6972,0.77615,0.76888
ResidualEncoderL,4,156,-0.75759,-0.73721,0.77407,0.7694
ResidualEncoderL,4,157,-0.73858,-0.74893,0.80717,0.77318
ResidualEncoderL,4,158,-0.7291,-0.72686,0.78038,0.7739
ResidualEncoderL,4,159,-0.73456,-0.73136,0.77912,0.77442
ResidualEncoderL,4,160,-0.75746,-0.69755,0.73358,0.77034
ResidualEncoderL,4,161,-0.74832,-0.67866,0.78767,0.77207
ResidualEncoderL,4,162,-0.75025,-0.71683,0.80419,0.77528
ResidualEncoderL,4,163,-0.75675,-0.71013,0.79062,0.77682
ResidualEncoderL,4,164,-0.76658,-0.74086,0.84204,0.78334
ResidualEncoderL,4,165,-0.77796,-0.75586,0.77262,0.78227
ResidualEncoderL,4,166,-0.74155,-0.75544,0.79107,0.78315
ResidualEncoderL,4,167,-0.73715,-0.71772,0.77595,0.78243
ResidualEncoderL,4,168,-0.73028,-0.71076,0.76331,0.78052
ResidualEncoderL,4,169,-0.7504,-0.77033,0.81564,0.78403
ResidualEncoderL,4,170,-0.7483,-0.73588,0.76041,0.78167
ResidualEncoderL,4,171,-0.73713,-0.77675,0.80584,0.78408
ResidualEncoderL,4,172,-0.75475,-0.67248,0.72471,0.77815
ResidualEncoderL,4,173,-0.71418,-0.70173,0.72416,0.77275
ResidualEncoderL,4,174,-0.72717,-0.7506,0.76583,0.77206
ResidualEncoderL,4,175,-0.74175,-0.70303,0.74277,0.76913
ResidualEncoderL,4,176,-0.74819,-0.73741,0.71742,0.76396
ResidualEncoderL,4,177,-0.74983,-0.74314,0.83043,0.7706
ResidualEncoderL,4,178,-0.72248,-0.74076,0.81346,0.77489
ResidualEncoderL,4,179,-0.75441,-0.74539,0.78455,0.77586
ResidualEncoderL,4,180,-0.75343,-0.70841,0.75203,0.77347
ResidualEncoderL,4,181,-0.76318,-0.77795,0.75425,0.77155
ResidualEncoderL,4,182,-0.7655,-0.75099,0.82581,0.77698
ResidualEncoderL,4,183,-0.76189,-0.75723,0.85747,0.78503
ResidualEncoderL,4,184,-0.75475,-0.73615,0.85542,0.79206
ResidualEncoderL,4,185,-0.78061,-0.83531,0.88615,0.80147
ResidualEncoderL,4,186,-0.76286,-0.74393,0.80359,0.80168
ResidualEncoderL,4,187,-0.73544,-0.77775,0.83924,0.80544
ResidualEncoderL,4,188,-0.76231,-0.78984,0.82461,0.80736
ResidualEncoderL,4,189,-0.75108,-0.69353,0.77042,0.80366
ResidualEncoderL,4,190,-0.78986,-0.72731,0.81713,0.80501
ResidualEncoderL,4,191,-0.74507,-0.73141,0.75919,0.80043
ResidualEncoderL,4,192,-0.7246,-0.71182,0.72715,0.7931
ResidualEncoderL,4,193,-0.73338,-0.73787,0.82115,0.79591
ResidualEncoderL,4,194,-0.76204,-0.72162,0.81497,0.79781
ResidualEncoderL,4,195,-0.76598,-0.72257,0.768,0.79483
ResidualEncoderL,4,196,-0.75589,-0.68884,0.75706,0.79105
ResidualEncoderL,4,197,-0.76512,-0.7673,0.8298,0.79493
ResidualEncoderL,4,198,-0.76415,-0.75827,0.79245,0.79468
ResidualEncoderL,4,199,-0.76365,-0.69579,0.74824,0.79004
ResidualEncoderL,4,200,-0.76494,-0.68116,0.74329,0.78536
ResidualEncoderL,4,201,-0.75649,-0.71954,0.74562,0.78139
ResidualEncoderL,4,202,-0.76668,-0.69883,0.74863,0.77811
ResidualEncoderL,4,203,-0.76366,-0.70723,0.75329,0.77563
ResidualEncoderL,4,204,-0.76816,-0.71019,0.83683,0.78175
ResidualEncoderL,4,205,-0.76654,-0.73186,0.72797,0.77637
ResidualEncoderL,4,206,-0.74387,-0.71269,0.77122,0.77586
ResidualEncoderL,4,207,-0.76621,-0.77922,0.79726,0.778
ResidualEncoderL,4,208,-0.76094,-0.76446,0.77678,0.77787
ResidualEncoderL,4,209,-0.77687,-0.73198,0.79323,0.77941
ResidualEncoderL,4,210,-0.75384,-0.7822,0.83079,0.78455
ResidualEncoderL,4,211,-0.76206,-0.77439,0.83328,0.78942
ResidualEncoderL,4,212,-0.75452,-0.77538,0.825,0.79298
ResidualEncoderL,4,213,-0.75736,-0.76293,0.83036,0.79672
ResidualEncoderL,4,214,-0.75563,-0.69388,0.74649,0.7917
ResidualEncoderL,4,215,-0.7504,-0.76502,0.83289,0.79581
ResidualEncoderL,4,216,-0.77854,-0.7741,0.80571,0.7968
ResidualEncoderL,4,217,-0.76052,-0.72681,0.79795,0.79692
ResidualEncoderL,4,218,-0.76841,-0.75459,0.81092,0.79832
ResidualEncoderL,4,219,-0.74429,-0.74353,0.73091,0.79158
ResidualEncoderL,4,220,-0.76468,-0.7772,0.8533,0.79775
ResidualEncoderL,4,221,-0.77379,-0.74195,0.83068,0.80104
ResidualEncoderL,4,222,-0.73853,-0.72383,0.8003,0.80097
ResidualEncoderL,4,223,-0.77548,-0.74588,0.86607,0.80748
ResidualEncoderL,4,224,-0.77278,-0.77602,0.81239,0.80797
ResidualEncoderL,4,225,-0.76704,-0.73849,0.82183,0.80936
ResidualEncoderL,4,226,-0.76215,-0.7783,0.8196,0.81038
ResidualEncoderL,4,227,-0.77354,-0.7069,0.78158,0.8075
ResidualEncoderL,4,228,-0.77279,-0.72443,0.76087,0.80284
ResidualEncoderL,4,229,-0.77331,-0.74293,0.76384,0.79894
ResidualEncoderL,4,230,-0.76416,-0.74222,0.77167,0.79621
ResidualEncoderL,4,231,-0.76969,-0.74835,0.76738,0.79333
ResidualEncoderL,4,232,-0.75841,-0.75355,0.81176,0.79517
ResidualEncoderL,4,233,-0.7755,-0.7482,0.74462,0.79012
ResidualEncoderL,4,234,-0.75222,-0.6882,0.81976,0.79308
ResidualEncoderL,4,235,-0.75883,-0.70266,0.78349,0.79212
ResidualEncoderL,4,236,-0.76927,-0.73895,0.82124,0.79503
ResidualEncoderL,4,237,-0.74806,-0.70075,0.77106,0.79264
ResidualEncoderL,4,238,-0.75898,-0.76944,0.83531,0.7969
ResidualEncoderL,4,239,-0.7802,-0.7456,0.76601,0.79381
ResidualEncoderL,4,240,-0.77697,-0.75023,0.83371,0.7978
ResidualEncoderL,4,241,-0.76426,-0.72045,0.82191,0.80021
ResidualEncoderL,4,242,-0.77301,-0.75161,0.82566,0.80276
ResidualEncoderL,4,243,-0.76707,-0.74342,0.83757,0.80624
ResidualEncoderL,4,244,-0.77641,-0.71432,0.83156,0.80877
ResidualEncoderL,4,245,-0.75542,-0.73295,0.84309,0.8122
ResidualEncoderL,4,246,-0.77235,-0.73335,0.79896,0.81088
ResidualEncoderL,4,247,-0.78138,-0.71959,0.79562,0.80935
ResidualEncoderL,4,248,-0.75659,-0.73736,0.83383,0.8118
ResidualEncoderL,4,249,-0.7524,-0.7615,0.8143,0.81205
ResidualEncoderL,4,250,-0.77025,-0.71782,0.75835,0.80668
ResidualEncoderL,4,251,-0.78391,-0.78028,0.86118,0.81213
ResidualEncoderL,4,252,-0.77894,-0.75393,0.83175,0.81409
ResidualEncoderL,4,253,-0.76007,-0.73794,0.80552,0.81324
ResidualEncoderL,4,254,-0.77169,-0.76105,0.80164,0.81208
ResidualEncoderL,4,255,-0.77868,-0.76104,0.83741,0.81461
ResidualEncoderL,4,256,-0.77717,-0.75236,0.79613,0.81276
ResidualEncoderL,4,257,-0.76148,-0.72622,0.80161,0.81165
ResidualEncoderL,4,258,-0.77247,-0.74017,0.79681,0.81016
ResidualEncoderL,4,259,-0.77139,-0.76672,0.82312,0.81146
ResidualEncoderL,4,260,-0.79066,-0.7214,0.72083,0.80239
ResidualEncoderL,4,261,-0.7827,-0.73421,0.83288,0.80544
ResidualEncoderL,4,262,-0.77425,-0.78193,0.82393,0.80729
ResidualEncoderL,4,263,-0.78502,-0.72614,0.70187,0.79675
ResidualEncoderL,4,264,-0.7663,-0.74732,0.76363,0.79344
ResidualEncoderL,4,265,-0.77031,-0.73556,0.80965,0.79506
ResidualEncoderL,4,266,-0.77643,-0.7295,0.71135,0.78669
ResidualEncoderL,4,267,-0.78876,-0.70108,0.80105,0.78812
ResidualEncoderL,4,268,-0.77153,-0.71329,0.77686,0.787
ResidualEncoderL,4,269,-0.78316,-0.73126,0.84079,0.79238
ResidualEncoderL,4,270,-0.76401,-0.70136,0.74245,0.78738
ResidualEncoderL,4,271,-0.77217,-0.75213,0.83909,0.79255
ResidualEncoderL,4,272,-0.77997,-0.74245,0.77008,0.79031
ResidualEncoderL,4,273,-0.78091,-0.75446,0.83504,0.79478
ResidualEncoderL,4,274,-0.78864,-0.70777,0.84932,0.80023
ResidualEncoderL,4,275,-0.80149,-0.72629,0.76554,0.79676
ResidualEncoderL,4,276,-0.77596,-0.73703,0.81532,0.79862
ResidualEncoderL,4,277,-0.78243,-0.76208,0.85524,0.80428
ResidualEncoderL,4,278,-0.78796,-0.71903,0.80699,0.80455
ResidualEncoderL,4,279,-0.78612,-0.74416,0.821,0.8062
ResidualEncoderL,4,280,-0.78182,-0.76815,0.86583,0.81216
ResidualEncoderL,4,281,-0.77703,-0.76774,0.83141,0.81409
ResidualEncoderL,4,282,-0.78228,-0.7071,0.82306,0.81498
ResidualEncoderL,4,283,-0.79168,-0.74322,0.8096,0.81445
ResidualEncoderL,4,284,-0.78283,-0.73135,0.79914,0.81291
ResidualEncoderL,4,285,-0.77511,-0.72416,0.77485,0.80911
ResidualEncoderL,4,286,-0.79261,-0.74403,0.85251,0.81345
ResidualEncoderL,4,287,-0.7969,-0.77821,0.85388,0.81749
ResidualEncoderL,4,288,-0.79867,-0.78507,0.84878,0.82062
ResidualEncoderL,4,289,-0.77062,-0.66586,0.76834,0.81539
ResidualEncoderL,4,290,-0.77829,-0.74607,0.84509,0.81836
ResidualEncoderL,4,291,-0.78465,-0.72103,0.81277,0.8178
ResidualEncoderL,4,292,-0.78664,-0.75094,0.84933,0.82096
ResidualEncoderL,4,293,-0.79232,-0.74189,0.81568,0.82043
ResidualEncoderL,4,294,-0.79823,-0.70075,0.77241,0.81563
ResidualEncoderL,4,295,-0.79077,-0.74096,0.81514,0.81558
ResidualEncoderL,4,296,-0.78341,-0.72699,0.80118,0.81414
ResidualEncoderL,4,297,-0.80669,-0.74936,0.83202,0.81593
ResidualEncoderL,4,298,-0.79627,-0.75918,0.80723,0.81506
ResidualEncoderL,4,299,-0.78024,-0.75514,0.82574,0.81612
ResidualEncoderL,4,300,-0.81129,-0.75833,0.84014,0.81853
